lags,train_cross_entropy_mean,train_cross_entropy_std,train_cross_entropy_fold_1,train_cross_entropy_fold_2,train_cross_entropy_fold_3,train_cross_entropy_fold_4,train_cross_entropy_fold_5,train_roc_auc_multiclass_mean,train_roc_auc_multiclass_std,train_roc_auc_multiclass_fold_1,train_roc_auc_multiclass_fold_2,train_roc_auc_multiclass_fold_3,train_roc_auc_multiclass_fold_4,train_roc_auc_multiclass_fold_5,val_cross_entropy_mean,val_cross_entropy_std,val_cross_entropy_fold_1,val_cross_entropy_fold_2,val_cross_entropy_fold_3,val_cross_entropy_fold_4,val_cross_entropy_fold_5,val_roc_auc_multiclass_mean,val_roc_auc_multiclass_std,val_roc_auc_multiclass_fold_1,val_roc_auc_multiclass_fold_2,val_roc_auc_multiclass_fold_3,val_roc_auc_multiclass_fold_4,val_roc_auc_multiclass_fold_5,test_cross_entropy_mean,test_cross_entropy_std,test_cross_entropy_fold_1,test_cross_entropy_fold_2,test_cross_entropy_fold_3,test_cross_entropy_fold_4,test_cross_entropy_fold_5,test_roc_auc_multiclass_mean,test_roc_auc_multiclass_std,test_roc_auc_multiclass_fold_1,test_roc_auc_multiclass_fold_2,test_roc_auc_multiclass_fold_3,test_roc_auc_multiclass_fold_4,test_roc_auc_multiclass_fold_5,num_epochs_mean,num_epochs_std,num_epochs_fold_1,num_epochs_fold_2,num_epochs_fold_3,num_epochs_fold_4,num_epochs_fold_5
-1000,1.4631653138569425,0.0412399422451193,1.4365191800253732,1.4400124549865725,1.536292655127389,1.480118257658822,1.4228840214865548,0.499027974898902,0.0016416051613154,0.4975411295804242,0.5008016824638639,0.4989687315564097,0.4969031737705374,0.5009251571232749,1.366898290316264,0.034031582710031,1.37141219774882,1.3436344067255657,1.3436344067255657,1.3442854483922322,1.4315249919891355,0.5,0.0,0.5,0.5,0.5,0.5,0.5,1.4633826732635498,0.0482989926472312,1.5103010336558025,1.4851274887720745,1.4636431137720745,1.4864295323689778,1.37141219774882,0.5,0.0,0.5,0.5,0.5,0.5,0.5,1.0,0.0,1,1,1,1,1
-975,1.461765170097351,0.051333238268708,1.451800295284816,1.479689087186541,1.5508255447660173,1.405613235064915,1.4208976881844655,0.5005110932086014,0.0026398580837246,0.5046827192788068,0.5009665482148448,0.4966665712520234,0.4990835217698869,0.5011561055274447,1.366898290316264,0.034031582710031,1.37141219774882,1.3436344067255657,1.3436344067255657,1.3442854483922322,1.4315249919891355,0.5,0.0,0.5,0.5,0.5,0.5,0.5,1.4633826732635498,0.0482989926472312,1.5103010336558025,1.4851274887720745,1.4636431137720745,1.4864295323689778,1.37141219774882,0.5,0.0,0.5,0.5,0.5,0.5,0.5,1.2,0.4000000000000001,2,1,1,1,1
-950,1.4793055909020558,0.0421378693601342,1.4983419520514352,1.46973489012037,1.464399712426322,1.5460063048771449,1.418045095035008,0.5008016261711653,0.0051449177285592,0.49648998983185,0.4953551723119757,0.4990992589939726,0.509318226062691,0.5037454836553369,1.366898290316264,0.034031582710031,1.37141219774882,1.3436344067255657,1.3436344067255657,1.3442854483922322,1.4315249919891355,0.5,0.0,0.5,0.5,0.5,0.5,0.5,1.4633826732635498,0.0482989926472312,1.5103010336558025,1.4851274887720745,1.4636431137720745,1.4864295323689778,1.37141219774882,0.5,0.0,0.5,0.5,0.5,0.5,0.5,1.0,0.0,1,1,1,1,1
-925,1.46513797215053,0.0491210901513505,1.4485136270523071,1.4206890208380565,1.5353401388440813,1.4113682678767614,1.5097788061414446,0.500927486426065,0.0039692081758907,0.497710278074409,0.5055658931340897,0.5055639930099594,0.4960194408476239,0.4997778270642433,1.366898290316264,0.034031582710031,1.37141219774882,1.3436344067255657,1.3436344067255657,1.3442854483922322,1.4315249919891355,0.5,0.0,0.5,0.5,0.5,0.5,0.5,1.4633826732635498,0.0482989926472312,1.5103010336558025,1.4851274887720745,1.4636431137720745,1.4864295323689778,1.37141219774882,0.5,0.0,0.5,0.5,0.5,0.5,0.5,1.0,0.0,1,1,1,1,1
-900,1.458494097845895,0.0168159253413826,1.4754819699696131,1.4638881513050623,1.4304873262132918,1.4491411106927057,1.473471931048802,0.5013803704912559,0.0020439747557064,0.5038876590080797,0.5000249622241323,0.4981339992192941,0.5022988449340989,0.5025563870706747,1.366898290316264,0.034031582710031,1.37141219774882,1.3436344067255657,1.3436344067255657,1.3442854483922322,1.4315249919891355,0.5,0.0,0.5,0.5,0.5,0.5,0.5,1.4633826732635498,0.0482989926472312,1.5103010336558025,1.4851274887720745,1.4636431137720745,1.4864295323689778,1.37141219774882,0.5,0.0,0.5,0.5,0.5,0.5,0.5,1.0,0.0,1,1,1,1,1
-875,1.4596912043435233,0.0210586256750356,1.455432687486921,1.4551118612289429,1.500487038067409,1.4424341065543038,1.4449903283800398,0.4964732323706185,0.00419425691657,0.4929306316952581,0.4937890058420336,0.4931269686049924,0.4988950001423652,0.5036245555684429,1.366898290316264,0.034031582710031,1.37141219774882,1.3436344067255657,1.3436344067255657,1.3442854483922322,1.4315249919891355,0.5,0.0,0.5,0.5,0.5,0.5,0.5,1.4633826732635498,0.0482989926472312,1.5103010336558025,1.4851274887720745,1.4636431137720745,1.4864295323689778,1.37141219774882,0.5,0.0,0.5,0.5,0.5,0.5,0.5,1.0,0.0,1,1,1,1,1
-850,1.4871795313698903,0.0207386559925744,1.4987689086369105,1.451195308140346,1.479928731918335,1.5121670620782035,1.4938376460756575,0.5020592398564847,0.0038797640530689,0.5052731847395575,0.5077106634246216,0.499353412424054,0.500810226103795,0.4971487125903954,1.366898290316264,0.034031582710031,1.37141219774882,1.3436344067255657,1.3436344067255657,1.3442854483922322,1.4315249919891355,0.5,0.0,0.5,0.5,0.5,0.5,0.5,1.4633826732635498,0.0482989926472312,1.5103010336558025,1.4851274887720745,1.4636431137720745,1.4864295323689778,1.37141219774882,0.5,0.0,0.5,0.5,0.5,0.5,0.5,1.0,0.0,1,1,1,1,1
-825,1.4592598267963954,0.0225016465572797,1.473146183150155,1.4258130618504117,1.4389197485787528,1.4769340753555298,1.4814860650471278,0.4983314248609236,0.0034684230274615,0.4924512617789625,0.5007806892901225,0.4969581020546625,0.5024868595662972,0.4989802116145734,1.366898290316264,0.034031582710031,1.37141219774882,1.3436344067255657,1.3436344067255657,1.3442854483922322,1.4315249919891355,0.5,0.0,0.5,0.5,0.5,0.5,0.5,1.4633826732635498,0.0482989926472312,1.5103010336558025,1.4851274887720745,1.4636431137720745,1.4864295323689778,1.37141219774882,0.5,0.0,0.5,0.5,0.5,0.5,0.5,1.0,0.0,1,1,1,1,1
-800,1.4756802184241158,0.0227594109049121,1.480906673840114,1.488416075706482,1.4976181813648768,1.4794276101248605,1.432032551084246,0.5020527211726076,0.0024426851416303,0.5057220194015671,0.5040567322336316,0.5000863143631898,0.4993002635531427,0.5010982763115065,1.366898290316264,0.034031582710031,1.37141219774882,1.3436344067255657,1.3436344067255657,1.3442854483922322,1.4315249919891355,0.5,0.0,0.5,0.5,0.5,0.5,0.5,1.4633826732635498,0.0482989926472312,1.5103010336558025,1.4851274887720745,1.4636431137720745,1.4864295323689778,1.37141219774882,0.5,0.0,0.5,0.5,0.5,0.5,0.5,1.0,0.0,1,1,1,1,1
-775,1.4932500873293195,0.0514596476739469,1.4688138621194022,1.4142783539635797,1.5188560145241874,1.495241948536464,1.5690602575029646,0.5000345334940507,0.0049436279782009,0.5083979703506548,0.4959784443733693,0.4941804795722061,0.5012154743642404,0.5004002988097825,1.366898290316264,0.034031582710031,1.37141219774882,1.3436344067255657,1.3436344067255657,1.3442854483922322,1.4315249919891355,0.5,0.0,0.5,0.5,0.5,0.5,0.5,1.4633826732635498,0.0482989926472312,1.5103010336558025,1.4851274887720745,1.4636431137720745,1.4864295323689778,1.37141219774882,0.5,0.0,0.5,0.5,0.5,0.5,0.5,1.0,0.0,1,1,1,1,1
-750,1.4864046301160538,0.0469865474625499,1.399963685444423,1.491972139903477,1.5118389470236642,1.4881242683955602,1.5401241098131453,0.5032378687320869,0.0041745943134945,0.500974464440216,0.5040064497141029,0.4967134241098753,0.5054172341405719,0.5090777712556676,1.366898290316264,0.034031582710031,1.37141219774882,1.3436344067255657,1.3436344067255657,1.3442854483922322,1.4315249919891355,0.5,0.0,0.5,0.5,0.5,0.5,0.5,1.4633826732635498,0.0482989926472312,1.5103010336558025,1.4851274887720745,1.4636431137720745,1.4864295323689778,1.37141219774882,0.5,0.0,0.5,0.5,0.5,0.5,0.5,1.0,0.0,1,1,1,1,1
-725,1.495052433013916,0.0379897546366906,1.4455899851662772,1.477427363395691,1.5533637148993356,1.5220260960715155,1.4768550055367606,0.5040791757671985,0.0056608930289817,0.5007760534160086,0.5013430677095366,0.509748026623934,0.5116679857494637,0.4968607453370497,1.366898290316264,0.034031582710031,1.37141219774882,1.3436344067255657,1.3436344067255657,1.3442854483922322,1.4315249919891355,0.5,0.0,0.5,0.5,0.5,0.5,0.5,1.4633826732635498,0.0482989926472312,1.5103010336558025,1.4851274887720745,1.4636431137720745,1.4864295323689778,1.37141219774882,0.5,0.0,0.5,0.5,0.5,0.5,0.5,1.0,0.0,1,1,1,1,1
-700,1.4668013266154698,0.0279465452401679,1.4600249699183874,1.4401730128696986,1.5158572026661463,1.4765981776373729,1.441353269985744,0.4991838148597793,0.0043146450172424,0.502009408014996,0.4996005941036277,0.5016545704437539,0.5019173572033896,0.4907371445331292,1.366898290316264,0.034031582710031,1.37141219774882,1.3436344067255657,1.3436344067255657,1.3442854483922322,1.4315249919891355,0.5,0.0,0.5,0.5,0.5,0.5,0.5,1.4633826732635498,0.0482989926472312,1.5103010336558025,1.4851274887720745,1.4636431137720745,1.4864295323689778,1.37141219774882,0.5,0.0,0.5,0.5,0.5,0.5,0.5,1.0,0.0,1,1,1,1,1
-675,1.4969310419900077,0.0577854734010901,1.4759321893964494,1.4577905450548445,1.4969641821725028,1.4466209241322108,1.6073473691940308,0.5019815084700932,0.0018250934115591,0.5029340404734473,0.5010281039391783,0.5041916941628128,0.4989386724246639,0.5028150313503631,1.366898290316264,0.034031582710031,1.37141219774882,1.3436344067255657,1.3436344067255657,1.3442854483922322,1.4315249919891355,0.5,0.0,0.5,0.5,0.5,0.5,0.5,1.4633826732635498,0.0482989926472312,1.5103010336558025,1.4851274887720745,1.4636431137720745,1.4864295323689778,1.37141219774882,0.5,0.0,0.5,0.5,0.5,0.5,0.5,1.0,0.0,1,1,1,1,1
-650,1.473361849784851,0.0262470001145694,1.4860428060804094,1.4644411972590856,1.4533838374274115,1.5180323805127824,1.4449090276445662,0.500569355503068,0.0049885256683199,0.4924961481997104,0.5031806115365781,0.497815372860323,0.5070327844158942,0.5023218605028343,1.366898290316264,0.034031582710031,1.37141219774882,1.3436344067255657,1.3436344067255657,1.3442854483922322,1.4315249919891355,0.5,0.0,0.5,0.5,0.5,0.5,0.5,1.4633826732635498,0.0482989926472312,1.5103010336558025,1.4851274887720745,1.4636431137720745,1.4864295323689778,1.37141219774882,0.5,0.0,0.5,0.5,0.5,0.5,0.5,1.0,0.0,1,1,1,1,1
-625,1.45929388659341,0.0228837185317794,1.4156382424490792,1.4696132114955358,1.4635328905923026,1.4829178707940238,1.4647672176361084,0.5010817087876586,0.0043123565289723,0.4958107366190971,0.4974125077296817,0.5081345155672959,0.5023515443036829,0.5016992397185353,1.366898290316264,0.034031582710031,1.37141219774882,1.3436344067255657,1.3436344067255657,1.3442854483922322,1.4315249919891355,0.5,0.0,0.5,0.5,0.5,0.5,0.5,1.4633826732635498,0.0482989926472312,1.5103010336558025,1.4851274887720745,1.4636431137720745,1.4864295323689778,1.37141219774882,0.5,0.0,0.5,0.5,0.5,0.5,0.5,1.0,0.0,1,1,1,1,1
-600,1.4952687229428974,0.0465045386520133,1.576195546558925,1.485821621758597,1.5087514093944006,1.4666416474751065,1.4389333895274572,0.4986325457325085,0.0016390415513135,0.5008374155514742,0.4966014702438744,0.4968603646853958,0.4993144323059119,0.4995490458758864,1.366898290316264,0.034031582710031,1.37141219774882,1.3436344067255657,1.3436344067255657,1.3442854483922322,1.4315249919891355,0.5,0.0,0.5,0.5,0.5,0.5,0.5,1.4633826732635498,0.0482989926472312,1.5103010336558025,1.4851274887720745,1.4636431137720745,1.4864295323689778,1.37141219774882,0.5,0.0,0.5,0.5,0.5,0.5,0.5,1.0,0.0,1,1,1,1,1
-575,1.4811513253620692,0.0095652253770335,1.4680501222610474,1.4839443138667516,1.4951041766575404,1.47313620362963,1.4855218103953771,0.5001882369628643,0.0025938076222516,0.5015001836012086,0.495458188452796,0.501985343670668,0.5025800665524736,0.4994174025371754,1.366898290316264,0.034031582710031,1.37141219774882,1.3436344067255657,1.3436344067255657,1.3442854483922322,1.4315249919891355,0.5,0.0,0.5,0.5,0.5,0.5,0.5,1.4633826732635498,0.0482989926472312,1.5103010336558025,1.4851274887720745,1.4636431137720745,1.4864295323689778,1.37141219774882,0.5,0.0,0.5,0.5,0.5,0.5,0.5,1.0,0.0,1,1,1,1,1
-550,1.477959418296814,0.050348280139069,1.4348467247826713,1.4966553790228707,1.4254686321531025,1.5651668310165403,1.467659524508885,0.5012341732433837,0.0020898501825822,0.5001672834134462,0.499152500622123,0.5052171336873726,0.5005397827849111,0.5010941657090655,1.366898290316264,0.034031582710031,1.37141219774882,1.3436344067255657,1.3436344067255657,1.3442854483922322,1.4315249919891355,0.5,0.0,0.5,0.5,0.5,0.5,0.5,1.4633826732635498,0.0482989926472312,1.5103010336558025,1.4851274887720745,1.4636431137720745,1.4864295323689778,1.37141219774882,0.5,0.0,0.5,0.5,0.5,0.5,0.5,1.0,0.0,1,1,1,1,1
-525,1.4947719301496234,0.0327910301538165,1.5455123015812464,1.475067411150251,1.5111603225980486,1.493646264076233,1.4484733513423376,0.4997610131903099,0.0081759674968125,0.4852495916646259,0.5000744812792345,0.5079278539462646,0.4983795161089075,0.5071736229525171,1.366898290316264,0.034031582710031,1.37141219774882,1.3436344067255657,1.3436344067255657,1.3442854483922322,1.4315249919891355,0.5004832688016061,0.000966537603212,0.50241634400803,0.5,0.5,0.5,0.5,1.4633826732635498,0.0482989926472312,1.5103010336558025,1.4851274887720745,1.4636431137720745,1.4864295323689778,1.37141219774882,0.5012209033975135,0.0024418067950267,0.5061045169875669,0.5,0.5,0.5,0.5,1.0,0.0,1,1,1,1,1
-500,1.5212597063609532,0.0415063374005481,1.4542421783719743,1.5189427818570818,1.5042441061564855,1.571486915860857,1.557382549558367,0.49975623668517,0.004952094755278,0.502240950042481,0.5078258156837375,0.493343092082413,0.4985860323415446,0.4967852932756738,1.366898290316264,0.034031582710031,1.37141219774882,1.3436344067255657,1.3436344067255657,1.3442854483922322,1.4315249919891355,0.5,0.0,0.5,0.5,0.5,0.5,0.5,1.4633826732635498,0.0482989926472312,1.5103010336558025,1.4851274887720745,1.4636431137720745,1.4864295323689778,1.37141219774882,0.5,0.0,0.5,0.5,0.5,0.5,0.5,1.0,0.0,1,1,1,1,1
-475,1.4507883753095356,0.0283462200233326,1.4023423876081194,1.475096379007612,1.4445768083844863,1.4489261763436454,1.483000125203814,0.5001489532505655,0.0024438575897969,0.5019404008696311,0.4966752817766844,0.5001021979533075,0.5035717284834197,0.4984551571697847,1.366898290316264,0.034031582710031,1.37141219774882,1.3436344067255657,1.3436344067255657,1.3442854483922322,1.4315249919891355,0.5,0.0,0.5,0.5,0.5,0.5,0.5,1.4633826732635498,0.0482989926472312,1.5103010336558025,1.4851274887720745,1.4636431137720745,1.4864295323689778,1.37141219774882,0.5,0.0,0.5,0.5,0.5,0.5,0.5,1.2,0.4,1,1,2,1,1
-450,1.4877246005194529,0.0179531268655804,1.4685569661004203,1.5149122306278773,1.5006949731281825,1.484860931124006,1.4695979016167775,0.5027055072338871,0.0042185724089541,0.501111895028803,0.4977780955000375,0.5087031209192884,0.5065765357409289,0.4993578889803775,1.366898290316264,0.034031582710031,1.37141219774882,1.3436344067255657,1.3436344067255657,1.3442854483922322,1.4315249919891355,0.5,0.0,0.5,0.5,0.5,0.5,0.5,1.4633826732635498,0.0482989926472312,1.5103010336558025,1.4851274887720745,1.4636431137720745,1.4864295323689778,1.37141219774882,0.5,0.0,0.5,0.5,0.5,0.5,0.5,1.0,0.0,1,1,1,1,1
-425,1.5350373336247034,0.0945386250173111,1.46544691494533,1.672193203653608,1.4939831835883004,1.4243231500898088,1.6192402158464705,0.5071520253295375,0.0086458487321428,0.5004280918990542,0.5236785591816523,0.5023894736666624,0.5014671190040246,0.507796882896294,1.4282263914744058,0.1155388807979364,1.37141219774882,1.650274912516276,1.3436344067255657,1.3442854483922322,1.4315249919891355,0.5014481888506025,0.0028963777012049,0.5,0.5072409442530125,0.5,0.5,0.5,1.4932003498077393,0.084769851830739,1.5103010336558025,1.6342158714930215,1.4636431137720745,1.4864295323689778,1.37141219774882,0.4996781972583631,0.0006436054832735,0.5,0.4983909862918161,0.5,0.5,0.5,1.6,1.2000000000000002,1,4,1,1,1
-400,1.4956235102244786,0.0329633520780085,1.4952494927815028,1.522898094994681,1.472629291670663,1.4481044156210765,1.5392362560544697,0.5007936030907165,0.0028893800727458,0.50060541152009,0.5025319061675372,0.4984586307470038,0.4971286098652945,0.5052434571536575,1.366898290316264,0.034031582710031,1.37141219774882,1.3436344067255657,1.3436344067255657,1.3442854483922322,1.4315249919891355,0.5,0.0,0.5,0.5,0.5,0.5,0.5,1.4633826732635498,0.0482989926472312,1.5103010336558025,1.4851274887720745,1.4636431137720745,1.4864295323689778,1.37141219774882,0.5,0.0,0.5,0.5,0.5,0.5,0.5,1.0,0.0,1,1,1,1,1
-375,1.4946670123508998,0.055734459911252,1.4817297799246651,1.5034439393452237,1.5925247498920985,1.4735233783721924,1.4221132142203194,0.4989156868992502,0.0029463522940403,0.5015832197375544,0.4993907371314652,0.5024647807256902,0.4963040889430153,0.4948356079585262,1.366898290316264,0.034031582710031,1.37141219774882,1.3436344067255657,1.3436344067255657,1.3442854483922322,1.4315249919891355,0.5,0.0,0.5,0.5,0.5,0.5,0.5,1.4633826732635498,0.0482989926472312,1.5103010336558025,1.4851274887720745,1.4636431137720745,1.4864295323689778,1.37141219774882,0.5,0.0,0.5,0.5,0.5,0.5,0.5,1.0,0.0,1,1,1,1,1
-350,1.4604476826531545,0.0299286405215667,1.4902013369968958,1.4588414941515242,1.4316696269171578,1.4235985960279192,1.4979273591722762,0.5014268262526121,0.0021197316776173,0.5022680318465895,0.500541149995403,0.5024480880220414,0.4978195986579249,0.5040572627411019,1.366898290316264,0.034031582710031,1.37141219774882,1.3436344067255657,1.3436344067255657,1.3442854483922322,1.4315249919891355,0.5,0.0,0.5,0.5,0.5,0.5,0.5,1.4633826732635498,0.0482989926472312,1.5103010336558025,1.4851274887720745,1.4636431137720745,1.4864295323689778,1.37141219774882,0.5,0.0,0.5,0.5,0.5,0.5,0.5,1.0,0.0,1,1,1,1,1
-325,1.459288740158081,0.0528303328467628,1.4838586705071586,1.4397765738623485,1.5503305537360057,1.40555397101811,1.416923931666783,0.5018759926850977,0.0034091954957597,0.5007571312868278,0.5057988493162539,0.5040055289015852,0.495890162888382,0.5029282910324395,1.366898290316264,0.034031582710031,1.37141219774882,1.3436344067255657,1.3436344067255657,1.3442854483922322,1.4315249919891355,0.5,0.0,0.5,0.5,0.5,0.5,0.5,1.4633826732635498,0.0482989926472312,1.5103010336558025,1.4851274887720745,1.4636431137720745,1.4864295323689778,1.37141219774882,0.5,0.0,0.5,0.5,0.5,0.5,0.5,1.0,0.0,1,1,1,1,1
-300,1.4458843673978532,0.0408909292193992,1.4960850306919642,1.3885872534343175,1.4875712054116386,1.4391066517148698,1.4180716957364763,0.4981226015233366,0.0027541699352903,0.4930827964458276,0.500889139244699,0.4995493946124464,0.4974323091067823,0.4996593682069279,1.366898290316264,0.034031582710031,1.37141219774882,1.3436344067255657,1.3436344067255657,1.3442854483922322,1.4315249919891355,0.5,0.0,0.5,0.5,0.5,0.5,0.5,1.4633826732635498,0.0482989926472312,1.5103010336558025,1.4851274887720745,1.4636431137720745,1.4864295323689778,1.37141219774882,0.5,0.0,0.5,0.5,0.5,0.5,0.5,1.2,0.4000000000000001,1,2,1,1,1
-275,1.4497146231787543,0.0242642953564254,1.4362334523882183,1.4599138838904244,1.4925402573176794,1.4345321655273438,1.4253533567701069,0.5008383842055449,0.0012489805398774,0.5023959528753379,0.5022210894652253,0.500114587413005,0.499239431513311,0.5002208597608456,1.366898290316264,0.034031582710031,1.37141219774882,1.3436344067255657,1.3436344067255657,1.3442854483922322,1.4315249919891355,0.5,0.0,0.5,0.5,0.5,0.5,0.5,1.4633826732635498,0.0482989926472312,1.5103010336558025,1.4851274887720745,1.4636431137720745,1.4864295323689778,1.37141219774882,0.5,0.0,0.5,0.5,0.5,0.5,0.5,1.2,0.4,1,1,1,2,1
-250,1.486098997933524,0.0301005229049686,1.4506749085017614,1.4983540432793754,1.5206790821892875,1.4498626164027624,1.5109243392944336,0.5017675013905979,0.0033651085095797,0.4963891793882337,0.5036490688701948,0.5058869058519627,0.4995867121831407,0.503325640659458,1.366898290316264,0.034031582710031,1.37141219774882,1.3436344067255657,1.3436344067255657,1.3442854483922322,1.4315249919891355,0.5,0.0,0.5,0.5,0.5,0.5,0.5,1.4633826732635498,0.0482989926472312,1.5103010336558025,1.4851274887720745,1.4636431137720745,1.4864295323689778,1.37141219774882,0.5,0.0,0.5,0.5,0.5,0.5,0.5,1.0,0.0,1,1,1,1,1
-225,1.4721036468233382,0.0249372064686579,1.436205932072231,1.4904194218771798,1.448967490877424,1.5002390827451433,1.484686306544713,0.504379068428088,0.0080958196698526,0.5161177188929063,0.4955537891394008,0.5119383160275941,0.499300738619329,0.4989847794612095,1.3668983300526938,0.0340315879807148,1.3714123964309692,1.3436344067255657,1.3436344067255657,1.3442854483922322,1.4315249919891355,0.4662466484376469,0.0675067031247062,0.3312332421882343,0.5,0.5,0.5,0.5,1.463382649421692,0.0482989694869136,1.510300914446513,1.4851274887720745,1.4636431137720745,1.4864295323689778,1.37141219774882,0.5203326659496905,0.0406653318993809,0.6016633297484523,0.5,0.5,0.5,0.5,3.8,5.6,15,1,1,1,1
-200,1.4734124115535192,0.0241050241417826,1.475041355405535,1.436710255486625,1.4743712629590715,1.5125234467642648,1.4684157371520996,0.499479267273804,0.0019200801572313,0.5012401396953189,0.5004508410321127,0.4975492962182901,0.4968040309912676,0.5013520284320304,1.366898290316264,0.034031582710031,1.37141219774882,1.3436344067255657,1.3436344067255657,1.3442854483922322,1.4315249919891355,0.5,0.0,0.5,0.5,0.5,0.5,0.5,1.4633826732635498,0.0482989926472312,1.5103010336558025,1.4851274887720745,1.4636431137720745,1.4864295323689778,1.37141219774882,0.5,0.0,0.5,0.5,0.5,0.5,0.5,1.0,0.0,1,1,1,1,1
-175,1.4795324972697668,0.0500317203065971,1.436545763696943,1.4686216115951538,1.460170830999102,1.4549631902149744,1.57736108984266,0.5021218360165012,0.0073881212022703,0.4969498820076179,0.501453224370641,0.5056162846011122,0.4925533345826819,0.5140364545204529,1.366898290316264,0.034031582710031,1.37141219774882,1.3436344067255657,1.3436344067255657,1.3442854483922322,1.4315249919891355,0.5,0.0,0.5,0.5,0.5,0.5,0.5,1.4633826732635498,0.0482989926472312,1.5103010336558025,1.4851274887720745,1.4636431137720745,1.4864295323689778,1.37141219774882,0.5,0.0,0.5,0.5,0.5,0.5,0.5,1.2,0.4,1,1,2,1,1
-150,1.4870915821620394,0.0318949444260506,1.4522947754178728,1.523147668157305,1.4877327850886757,1.52201167174748,1.4502710103988647,0.5104288924022077,0.0154582830960022,0.4954649846331873,0.5400298482747855,0.5080081899600919,0.5069832471410655,0.5016581920019086,1.366898290316264,0.034031582710031,1.37141219774882,1.3436344067255657,1.3436344067255657,1.3442854483922322,1.4315249919891355,0.5002376100669295,0.000475220133859,0.5,0.5011880503346476,0.5,0.5,0.5,1.4633826732635498,0.0482989926472312,1.5103010336558025,1.4851274887720745,1.4636431137720745,1.4864295323689778,1.37141219774882,0.5003946065069568,0.0007892130139135,0.5,0.5019730325347838,0.5,0.5,0.5,1.0,0.0,1,1,1,1,1
-125,1.489221109662737,0.0152751479058555,1.4684214421680994,1.488894820213318,1.5078882489885603,1.5042786257607597,1.4766224111829485,0.5013757314821196,0.0039223492728084,0.4992735519869304,0.4997568904676557,0.5051603825132268,0.5066145284429712,0.4960733039998137,1.366898290316264,0.034031582710031,1.37141219774882,1.3436344067255657,1.3436344067255657,1.3442854483922322,1.4315249919891355,0.5,0.0,0.5,0.5,0.5,0.5,0.5,1.4633826732635498,0.0482989926472312,1.5103010336558025,1.4851274887720745,1.4636431137720745,1.4864295323689778,1.37141219774882,0.5,0.0,0.5,0.5,0.5,0.5,0.5,1.0,0.0,1,1,1,1,1
-100,1.5043446745191305,0.0275123900735236,1.5469238928386144,1.5175397566386633,1.4700826917375838,1.479583433696202,1.5075935976845878,0.5006503436142378,0.0040358743059601,0.5061844663029911,0.4990366542980483,0.5043946994168745,0.4983697549096838,0.4952661431435912,1.366898290316264,0.034031582710031,1.37141219774882,1.3436344067255657,1.3436344067255657,1.3442854483922322,1.4315249919891355,0.5,0.0,0.5,0.5,0.5,0.5,0.5,1.4633826732635498,0.0482989926472312,1.5103010336558025,1.4851274887720745,1.4636431137720745,1.4864295323689778,1.37141219774882,0.5,0.0,0.5,0.5,0.5,0.5,0.5,1.0,0.0,1,1,1,1,1
-75,1.484805522646223,0.0273809896465747,1.4725367512021743,1.456185017313276,1.4842974628720964,1.536502650805882,1.4745057310376848,0.5029404212713361,0.0042003817994942,0.5050408618990405,0.5069396755234827,0.4959630625323577,0.5003180876543653,0.5064404187474344,1.366898290316264,0.034031582710031,1.37141219774882,1.3436344067255657,1.3436344067255657,1.3442854483922322,1.4315249919891355,0.5,0.0,0.5,0.5,0.5,0.5,0.5,1.4633826732635498,0.0482989926472312,1.5103010336558025,1.4851274887720745,1.4636431137720745,1.4864295323689778,1.37141219774882,0.5,0.0,0.5,0.5,0.5,0.5,0.5,1.0,0.0,1,1,1,1,1
-50,1.4757159471511838,0.0399789316207933,1.4219047171728951,1.4935546261923651,1.5403560400009155,1.4710891927991594,1.4516751595905848,0.503420497257505,0.0056745108314703,0.4976014940581968,0.4994912017624929,0.5049026889459517,0.5136911011612171,0.501416000359667,1.366898290316264,0.034031582710031,1.37141219774882,1.3436344067255657,1.3436344067255657,1.3442854483922322,1.4315249919891355,0.5,0.0,0.5,0.5,0.5,0.5,0.5,1.4633826732635498,0.0482989926472312,1.5103010336558025,1.4851274887720745,1.4636431137720745,1.4864295323689778,1.37141219774882,0.5,0.0,0.5,0.5,0.5,0.5,0.5,1.0,0.0,1,1,1,1,1
-25,1.5231749296188355,0.0489184616243303,1.5889035293034144,1.5664861713136946,1.464773348399571,1.5210517644882202,1.474659834589277,0.5033587744926027,0.0034301350731749,0.5000370305336704,0.5088685036413868,0.5058763987824538,0.5011247605917885,0.500887178913714,1.366898290316264,0.034031582710031,1.37141219774882,1.3436344067255657,1.3436344067255657,1.3442854483922322,1.4315249919891355,0.5,0.0,0.5,0.5,0.5,0.5,0.5,1.4633826732635498,0.0482989926472312,1.5103010336558025,1.4851274887720745,1.4636431137720745,1.4864295323689778,1.37141219774882,0.5,0.0,0.5,0.5,0.5,0.5,0.5,1.0,0.0,1,1,1,1,1
0,1.4922271626336234,0.0346683030316605,1.5494832141058783,1.4525317123958044,1.4822558334895544,1.5110957792827062,1.4657692738941737,0.5001924958015549,0.003747765174097,0.4954715987350872,0.5024364327762532,0.5053795662786662,0.5013202361559825,0.4963546450617856,1.366898290316264,0.034031582710031,1.37141219774882,1.3436344067255657,1.3436344067255657,1.3442854483922322,1.4315249919891355,0.5,0.0,0.5,0.5,0.5,0.5,0.5,1.4633826732635498,0.0482989926472312,1.5103010336558025,1.4851274887720745,1.4636431137720745,1.4864295323689778,1.37141219774882,0.5,0.0,0.5,0.5,0.5,0.5,0.5,1.0,0.0,1,1,1,1,1
25,1.493727891785758,0.0330050806454898,1.5348863431385584,1.4569454022816248,1.4575552940368652,1.4925128051212857,1.5267396143504552,0.5011564254920486,0.0049492027594121,0.4984829257620599,0.5064665164063149,0.5043572325838052,0.5037078999385571,0.4927675527695063,1.366898290316264,0.034031582710031,1.37141219774882,1.3436344067255657,1.3436344067255657,1.3442854483922322,1.4315249919891355,0.5,0.0,0.5,0.5,0.5,0.5,0.5,1.4633826732635498,0.0482989926472312,1.5103010336558025,1.4851274887720745,1.4636431137720745,1.4864295323689778,1.37141219774882,0.5,0.0,0.5,0.5,0.5,0.5,0.5,1.0,0.0,1,1,1,1,1
50,1.5088287387575423,0.0347206308202599,1.4771278585706438,1.542947803224836,1.5571055241993494,1.494502067565918,1.4724604402269637,0.5064288426751299,0.0052211280847591,0.5021986474852784,0.5045701287706663,0.5164865153315131,0.5027241117586502,0.5061648100295412,1.366898290316264,0.034031582710031,1.37141219774882,1.3436344067255657,1.3436344067255657,1.3442854483922322,1.4315249919891355,0.5,0.0,0.5,0.5,0.5,0.5,0.5,1.4633826732635498,0.0482989926472312,1.5103010336558025,1.4851274887720745,1.4636431137720745,1.4864295323689778,1.37141219774882,0.5,0.0,0.5,0.5,0.5,0.5,0.5,1.0,0.0,1,1,1,1,1
75,1.5118956429617747,0.0588878632944325,1.478975704738072,1.5494383232934137,1.5715133803231376,1.5477019548416138,1.411848851612636,0.4918232821379317,0.0124270873149831,0.4985471339141087,0.4984600314154563,0.4670072010074174,0.4984036585053077,0.4966983858473685,1.366898290316264,0.034031582710031,1.37141219774882,1.3436344067255657,1.3436344067255657,1.3442854483922322,1.4315249919891355,0.5095845274720083,0.0191690549440168,0.5,0.5,0.5479226373600421,0.5,0.5,1.463382657368978,0.0482989925615341,1.5103010336558025,1.4851274887720745,1.4636430342992146,1.4864295323689778,1.37141219774882,0.5003280311168616,0.0006560622337233,0.5,0.5,0.5016401555843083,0.5,0.5,1.0,0.0,1,1,1,1,1
100,1.4453331674848284,0.0529805320216594,1.51040061882564,1.4021223953792028,1.509329080581665,1.4111512729099818,1.3936624697276525,0.5036843172841727,0.0026982303874583,0.5046023807635207,0.5037436520791971,0.508205089821868,0.5008931042619383,0.5009773594943401,1.366898290316264,0.034031582710031,1.37141219774882,1.3436344067255657,1.3436344067255657,1.3442854483922322,1.4315249919891355,0.5,0.0,0.5,0.5,0.5,0.5,0.5,1.4633826732635498,0.0482989926472312,1.5103010336558025,1.4851274887720745,1.4636431137720745,1.4864295323689778,1.37141219774882,0.5,0.0,0.5,0.5,0.5,0.5,0.5,1.0,0.0,1,1,1,1,1
125,1.5003565243312291,0.0372363804364422,1.543927720614842,1.4573169265474593,1.479547653879438,1.546155299459185,1.474835021155221,0.4988223038880663,0.0036266781815419,0.4950259305316594,0.5025812834357257,0.5031268135369232,0.498878341038778,0.4944991508972455,1.366898290316264,0.034031582710031,1.37141219774882,1.3436344067255657,1.3436344067255657,1.3442854483922322,1.4315249919891355,0.5,0.0,0.5,0.5,0.5,0.5,0.5,1.4633826732635498,0.0482989926472312,1.5103010336558025,1.4851274887720745,1.4636431137720745,1.4864295323689778,1.37141219774882,0.5,0.0,0.5,0.5,0.5,0.5,0.5,1.0,0.0,1,1,1,1,1
150,1.4659183706556047,0.0400129120627698,1.4338641847882951,1.4602778128215246,1.521191852433341,1.5003506115504677,1.4139073916843958,0.4954591925738126,0.002796521184907,0.4929292421596643,0.500504813529783,0.4934368823233482,0.4939811975169282,0.496443827339339,1.366898290316264,0.034031582710031,1.37141219774882,1.3436344067255657,1.3436344067255657,1.3442854483922322,1.4315249919891355,0.5,0.0,0.5,0.5,0.5,0.5,0.5,1.4633826732635498,0.0482989926472312,1.5103010336558025,1.4851274887720745,1.4636431137720745,1.4864295323689778,1.37141219774882,0.5,0.0,0.5,0.5,0.5,0.5,0.5,1.0,0.0,1,1,1,1,1
175,1.4628245660236905,0.0277992195155088,1.4685460839952742,1.4362891912460327,1.514228412083217,1.4504357746669223,1.4446233681270055,0.4997935894507226,0.0036002709068063,0.5045294826470552,0.5004654658850759,0.4951547761266447,0.4962377224261595,0.502580500168678,1.394545873006185,0.0462673505147297,1.37141219774882,1.37141219774882,1.37141219774882,1.37141219774882,1.4870805740356443,0.5051902642170826,0.0103805284341651,0.525951321085413,0.5,0.5,0.5,0.5,1.5021413405736288,0.0847971199877168,1.5936343669891355,1.5955874919891355,1.4629920721054075,1.4870805740356443,1.37141219774882,0.4995302691827248,0.0009394616345503,0.4976513459136242,0.5,0.5,0.5,0.5,1.0,0.0,1,1,1,1,1
200,1.5049989768436975,0.0334274851343771,1.5335105657577517,1.5534273045403617,1.470885940960475,1.4967764445713587,1.4703946283885412,0.5001107626497081,0.0034750187592225,0.497010284297766,0.4991014088187258,0.5024860833778385,0.4963627934550199,0.5055932432991903,1.394545873006185,0.0462673505147297,1.37141219774882,1.37141219774882,1.37141219774882,1.37141219774882,1.4870805740356443,0.5,0.0,0.5,0.5,0.5,0.5,0.5,1.5021413405736288,0.0847971199877168,1.5936343669891355,1.5955874919891355,1.4629920721054075,1.4870805740356443,1.37141219774882,0.5,0.0,0.5,0.5,0.5,0.5,0.5,1.0,0.0,1,1,1,1,1
225,1.5169842685971942,0.0363437969522831,1.5751886367797852,1.499009370803833,1.4982701199395316,1.5402254206793649,1.472227794783456,0.5026270392693194,0.005183106543687,0.5025231833741044,0.4994378967096304,0.4980434986054903,0.5125700058086186,0.5005606118487529,1.394545873006185,0.0462673505147297,1.37141219774882,1.37141219774882,1.37141219774882,1.37141219774882,1.4870805740356443,0.5,0.0,0.5,0.5,0.5,0.5,0.5,1.5021413405736288,0.0847971199877168,1.5936343669891355,1.5955874919891355,1.4629920721054075,1.4870805740356443,1.37141219774882,0.5,0.0,0.5,0.5,0.5,0.5,0.5,1.0,0.0,1,1,1,1,1
250,1.4857190983636035,0.0248290454878531,1.449859857559204,1.4694398641586304,1.5095768145152502,1.5166287592479162,1.4830901963370189,0.4980977404020065,0.0023938110979466,0.4993803528052487,0.4975259524725165,0.4945139112545229,0.5017375031143166,0.4973309823634281,1.394545873006185,0.0462673505147297,1.37141219774882,1.37141219774882,1.37141219774882,1.37141219774882,1.4870805740356443,0.5000513822378453,0.0001027644756907,0.5,0.5,0.5002569111892268,0.5,0.5,1.5021413405736288,0.0847971199877168,1.5936343669891355,1.5955874919891355,1.4629920721054075,1.4870805740356443,1.37141219774882,0.4999763045077167,4.73909845664755e-05,0.5,0.5,0.4998815225385838,0.5,0.5,1.0,0.0,1,1,1,1,1
275,1.4904452323913575,0.0371378524382856,1.4356519494737898,1.519503882953099,1.507082394191197,1.5319480895996094,1.4580398457390922,0.5030736698004232,0.0066893487289485,0.5085598864051812,0.5112099135695959,0.4971598044113782,0.5048209289943603,0.4936178156216004,1.394545873006185,0.0462673505147297,1.37141219774882,1.37141219774882,1.37141219774882,1.37141219774882,1.4870805740356443,0.5,0.0,0.5,0.5,0.5,0.5,0.5,1.5021413405736288,0.0847971199877168,1.5936343669891355,1.5955874919891355,1.4629920721054075,1.4870805740356443,1.37141219774882,0.5,0.0,0.5,0.5,0.5,0.5,0.5,1.0,0.0,1,1,1,1,1
300,1.4791211026055475,0.032621883005116,1.4553328241620744,1.520108597619193,1.5125910554613389,1.4721053498131889,1.4354676859719413,0.4990386614747955,0.0047744889997112,0.4925350562526914,0.5072928609562217,0.4972416634288776,0.4994617117424327,0.4986620149937541,1.394545873006185,0.0462673505147297,1.37141219774882,1.37141219774882,1.37141219774882,1.37141219774882,1.4870805740356443,0.5,0.0,0.5,0.5,0.5,0.5,0.5,1.5021413405736288,0.0847971199877168,1.5936343669891355,1.5955874919891355,1.4629920721054075,1.4870805740356443,1.37141219774882,0.5,0.0,0.5,0.5,0.5,0.5,0.5,1.0,0.0,1,1,1,1,1
325,1.5043260744639806,0.0454941428518305,1.4612445831298828,1.5870445455823623,1.496023723057338,1.465309602873666,1.5120079176766532,0.4948191844455288,0.0034734064311725,0.4947221654734836,0.4882143177277965,0.4981164874664956,0.4964183124285226,0.4966246391313457,1.394545873006185,0.0462673505147297,1.37141219774882,1.37141219774882,1.37141219774882,1.37141219774882,1.4870805740356443,0.5,0.0,0.5,0.5,0.5,0.5,0.5,1.5021413405736288,0.0847971199877168,1.5936343669891355,1.5955874919891355,1.4629920721054075,1.4870805740356443,1.37141219774882,0.5,0.0,0.5,0.5,0.5,0.5,0.5,1.0,0.0,1,1,1,1,1
350,1.4755564076559884,0.0288031771774179,1.439697504043579,1.525469490459987,1.468833088874817,1.4841152259281702,1.459666728973389,0.5018278373259611,0.0051476456743905,0.5083669275985839,0.5076060058197659,0.4975226277223173,0.4961316867752534,0.4995119387138855,1.394545873006185,0.0462673505147297,1.37141219774882,1.37141219774882,1.37141219774882,1.37141219774882,1.4870805740356443,0.5,0.0,0.5,0.5,0.5,0.5,0.5,1.5021413405736288,0.0847971199877168,1.5936343669891355,1.5955874919891355,1.4629920721054075,1.4870805740356443,1.37141219774882,0.5,0.0,0.5,0.5,0.5,0.5,0.5,1.0,0.0,1,1,1,1,1
375,1.4949036053248814,0.0169571799437905,1.4859926530293055,1.4833472967147827,1.5005737372807093,1.479030421801976,1.5255739177976335,0.4964235174254544,0.004028841221336,0.4970827140809405,0.4901882431816342,0.4989806243312231,0.501854018903455,0.4940119866300189,1.394545865058899,0.0462673544883753,1.37141219774882,1.37141215801239,1.37141219774882,1.37141219774882,1.4870805740356443,0.5059740368662208,0.0119480737324416,0.5,0.5298701843311041,0.5,0.5,0.5,1.5021413326263429,0.0847971112298345,1.5936343669891355,1.5955874522527058,1.4629920721054075,1.4870805740356443,1.37141219774882,0.5004670009567277,0.0009340019134553,0.5,0.5023350047836385,0.5,0.5,0.5,1.0,0.0,1,1,1,1,1
400,1.4904980659484863,0.0171305949974293,1.504495450428554,1.487641726221357,1.5118340935025896,1.4624148096357072,1.4861042499542236,0.4968971550596249,0.0043663034708414,0.498990130156638,0.4925146409254193,0.4948897656773575,0.5044527740688387,0.493638464469871,1.394545873006185,0.0462673505147297,1.37141219774882,1.37141219774882,1.37141219774882,1.37141219774882,1.4870805740356443,0.5,0.0,0.5,0.5,0.5,0.5,0.5,1.5021413405736288,0.0847971199877168,1.5936343669891355,1.5955874919891355,1.4629920721054075,1.4870805740356443,1.37141219774882,0.5,0.0,0.5,0.5,0.5,0.5,0.5,1.0,0.0,1,1,1,1,1
425,1.4599589960915702,0.0285600809388487,1.4301049709320068,1.438052041190011,1.480906707899911,1.445418357849121,1.5053129025868006,0.4999418264656527,0.0032240385284809,0.4983211059409647,0.4985124725590468,0.4981313430168252,0.4983588789739824,0.5063853318374445,1.394545873006185,0.0462673505147297,1.37141219774882,1.37141219774882,1.37141219774882,1.37141219774882,1.4870805740356443,0.5,0.0,0.5,0.5,0.5,0.5,0.5,1.5021413405736288,0.0847971199877168,1.5936343669891355,1.5955874919891355,1.4629920721054075,1.4870805740356443,1.37141219774882,0.5,0.0,0.5,0.5,0.5,0.5,0.5,1.0,0.0,1,1,1,1,1
450,1.5109926564352851,0.0736316023799408,1.6510991709572929,1.473759514944894,1.4589885473251345,1.5179127284458704,1.4532033205032349,0.5006666238441471,0.0036777698981838,0.5067014992031272,0.4969923445095235,0.5020679873385963,0.4967035875847269,0.5008677005847614,1.394545873006185,0.0462673505147297,1.37141219774882,1.37141219774882,1.37141219774882,1.37141219774882,1.4870805740356443,0.5,0.0,0.5,0.5,0.5,0.5,0.5,1.5021413405736288,0.0847971199877168,1.5936343669891355,1.5955874919891355,1.4629920721054075,1.4870805740356443,1.37141219774882,0.5,0.0,0.5,0.5,0.5,0.5,0.5,1.0,0.0,1,1,1,1,1
475,1.5022360154560634,0.0477803274511498,1.5114862407956804,1.409854599407741,1.534665857042585,1.5427177463259016,1.512455633708409,0.4989806032689253,0.0032218666025724,0.4991561711252825,0.4958819431803483,0.4959930556113137,0.5047533982045908,0.4991184482230914,1.483304532368978,0.0019047837029072,1.4825232823689778,1.4825232823689778,1.4825232823689778,1.4818722407023113,1.4870805740356443,0.5,0.0,0.5,0.5,0.5,0.5,0.5,1.5132524490356445,0.0691323883073944,1.5936343669891355,1.5955874919891355,1.4629920721054075,1.4870805740356443,1.426967740058899,0.5,0.0,0.5,0.5,0.5,0.5,0.5,1.2,0.4000000000000001,1,2,1,1,1
500,1.4919332844870432,0.0553376784557657,1.423996823174613,1.469321506364005,1.5918258769171578,1.4782486302512032,1.4962735857282363,0.500710699100143,0.0037456964457854,0.5054329341075215,0.4993827424909606,0.4982371807370835,0.4958036324236383,0.5046970057415107,1.483304532368978,0.0019047837029072,1.4825232823689778,1.4825232823689778,1.4825232823689778,1.4818722407023113,1.4870805740356443,0.5,0.0,0.5,0.5,0.5,0.5,0.5,1.5132524490356445,0.0691323883073944,1.5936343669891355,1.5955874919891355,1.4629920721054075,1.4870805740356443,1.426967740058899,0.5,0.0,0.5,0.5,0.5,0.5,0.5,1.0,0.0,1,1,1,1,1
525,1.4869298934936523,0.0359456339243918,1.4710097653525216,1.547200356210981,1.4965463025229315,1.482593638556344,1.437299404825483,0.5017856721330485,0.0030147997239103,0.4990595517872291,0.505072435255849,0.497471842720005,0.5045449357586579,0.5027795951435013,1.483304532368978,0.0019047837029072,1.4825232823689778,1.4825232823689778,1.4825232823689778,1.4818722407023113,1.4870805740356443,0.5,0.0,0.5,0.5,0.5,0.5,0.5,1.5132524490356445,0.0691323883073944,1.5936343669891355,1.5955874919891355,1.4629920721054075,1.4870805740356443,1.426967740058899,0.5,0.0,0.5,0.5,0.5,0.5,0.5,1.0,0.0,1,1,1,1,1
550,1.531296157836914,0.0151930678991433,1.5207047632762365,1.5407710075378418,1.5472403594425743,1.5410294703074865,1.506735188620431,0.4968957555599881,0.0030577160311294,0.4983092757350728,0.496539328997197,0.494329511517802,0.5019456003509342,0.4933550611989349,1.483304532368978,0.0019047837029072,1.4825232823689778,1.4825232823689778,1.4825232823689778,1.4818722407023113,1.4870805740356443,0.5,0.0,0.5,0.5,0.5,0.5,0.5,1.5132524490356445,0.0691323883073944,1.5936343669891355,1.5955874919891355,1.4629920721054075,1.4870805740356443,1.426967740058899,0.5,0.0,0.5,0.5,0.5,0.5,0.5,1.0,0.0,1,1,1,1,1
575,1.4846020868846348,0.0303948636404707,1.5402556146894182,1.4915265526090349,1.4716031551361084,1.453649708202907,1.4659754037857056,0.49869214359761,0.0050722417243313,0.494596327666095,0.5009560900554593,0.4971910087960715,0.493325539934795,0.5073917515356293,1.483304532368978,0.0019047837029072,1.4825232823689778,1.4825232823689778,1.4825232823689778,1.4818722407023113,1.4870805740356443,0.5,0.0,0.5,0.5,0.5,0.5,0.5,1.5132524490356445,0.0691323883073944,1.5936343669891355,1.5955874919891355,1.4629920721054075,1.4870805740356443,1.426967740058899,0.5,0.0,0.5,0.5,0.5,0.5,0.5,1.0,0.0,1,1,1,1,1
600,1.5040281397955757,0.0437250537340305,1.5101022209439958,1.4559850692749023,1.5371874230248588,1.4533148152487618,1.5635511704853602,0.5013270328101641,0.0028436710631214,0.5021104070932979,0.503853260946095,0.5021084943841428,0.5027784807410036,0.4957845208862811,1.483304532368978,0.0019047837029072,1.4825232823689778,1.4825232823689778,1.4825232823689778,1.4818722407023113,1.4870805740356443,0.5,0.0,0.5,0.5,0.5,0.5,0.5,1.5132524490356445,0.0691323883073944,1.5936343669891355,1.5955874919891355,1.4629920721054075,1.4870805740356443,1.426967740058899,0.5,0.0,0.5,0.5,0.5,0.5,0.5,1.0,0.0,1,1,1,1,1
625,1.4870434556688583,0.0462723699367078,1.5484250443322318,1.4301645415169852,1.5087143353053505,1.5119737557002475,1.435939601489476,0.4985780949352159,0.0010878705022466,0.4997920638336943,0.4994289913942933,0.498569022174573,0.4966540005665757,0.4984463967069431,1.483304532368978,0.0019047837029072,1.4825232823689778,1.4825232823689778,1.4825232823689778,1.4818722407023113,1.4870805740356443,0.5,0.0,0.5,0.5,0.5,0.5,0.5,1.5132524490356445,0.0691323883073944,1.5936343669891355,1.5955874919891355,1.4629920721054075,1.4870805740356443,1.426967740058899,0.5,0.0,0.5,0.5,0.5,0.5,0.5,1.0,0.0,1,1,1,1,1
650,1.479173949786595,0.0572842800010889,1.4168936695371357,1.5030425786972046,1.4760723284312658,1.4254738773618425,1.5743872949055262,0.4982050550316071,0.0056066537513439,0.5037533651348435,0.5035528327365999,0.4923827373967625,0.50071888303944,0.4906174568503897,1.483304532368978,0.0019047837029072,1.4825232823689778,1.4825232823689778,1.4825232823689778,1.4818722407023113,1.4870805740356443,0.5,0.0,0.5,0.5,0.5,0.5,0.5,1.5132524490356445,0.0691323883073944,1.5936343669891355,1.5955874919891355,1.4629920721054075,1.4870805740356443,1.426967740058899,0.5,0.0,0.5,0.5,0.5,0.5,0.5,1.0,0.0,1,1,1,1,1
675,1.450766474860055,0.0259099188366404,1.4600681577410015,1.475360972540719,1.4651964051382882,1.4012136629649572,1.4519931759153093,0.5039346110948634,0.0044513846039267,0.4977054879885379,0.5083100950300677,0.5086541755598072,0.4997862997147552,0.5052169971811485,1.483304532368978,0.0019047837029072,1.4825232823689778,1.4825232823689778,1.4825232823689778,1.4818722407023113,1.4870805740356443,0.5,0.0,0.5,0.5,0.5,0.5,0.5,1.5132524490356445,0.0691323883073944,1.5936343669891355,1.5955874919891355,1.4629920721054075,1.4870805740356443,1.426967740058899,0.5,0.0,0.5,0.5,0.5,0.5,0.5,1.0,0.0,1,1,1,1,1
700,1.4771213293075562,0.0386425749368893,1.4417672157287598,1.435897980417524,1.5033716133662631,1.4664975234440394,1.5380723135811942,0.5017660146004392,0.0039184678836171,0.4997917497082554,0.5034953894960943,0.49509025086583,0.5043987099335671,0.5060539729984493,1.483304532368978,0.0019047837029072,1.4825232823689778,1.4825232823689778,1.4825232823689778,1.4818722407023113,1.4870805740356443,0.5,0.0,0.5,0.5,0.5,0.5,0.5,1.5132524490356445,0.0691323883073944,1.5936343669891355,1.5955874919891355,1.4629920721054075,1.4870805740356443,1.426967740058899,0.5,0.0,0.5,0.5,0.5,0.5,0.5,1.0,0.0,1,1,1,1,1
725,1.4669362408774238,0.0448603093267055,1.3847472667694092,1.4554659639086045,1.494467088154384,1.5107524565288,1.4892484290259225,0.503107830502849,0.0050065972385345,0.506507237968075,0.5018480851068078,0.4943278659570294,0.503873322854879,0.5089826406274541,1.3948062896728517,0.0458123152528452,1.3720632394154866,1.3720632394154866,1.3720632394154866,1.37141219774882,1.4864295323689778,0.5,0.0,0.5,0.5,0.5,0.5,0.5,1.5021413405736288,0.0765160840716624,1.5936343669891355,1.5955874919891355,1.4629920721054075,1.4315250317255657,1.426967740058899,0.5,0.0,0.5,0.5,0.5,0.5,0.5,1.0,0.0,1,1,1,1,1
750,1.473351682935442,0.0310852685037175,1.4546081508908952,1.4620474406651087,1.492126192365374,1.523352367537362,1.434624263218471,0.5003836414696026,0.0014487919112242,0.5024263343575448,0.501527640108879,0.4983021425809215,0.5000185283246571,0.4996435619760105,1.3948062896728517,0.0458123152528452,1.3720632394154866,1.3720632394154866,1.3720632394154866,1.37141219774882,1.4864295323689778,0.5,0.0,0.5,0.5,0.5,0.5,0.5,1.5021413405736288,0.0765160840716624,1.5936343669891355,1.5955874919891355,1.4629920721054075,1.4315250317255657,1.426967740058899,0.5,0.0,0.5,0.5,0.5,0.5,0.5,1.0,0.0,1,1,1,1,1
775,1.4655179602759223,0.0141195656878961,1.447617088045393,1.4841832092830114,1.4504806995391846,1.472630841391427,1.4726779631205968,0.5042144326544887,0.005397217321518,0.5021224971716897,0.5121064494909009,0.499655363926876,0.4982350791503463,0.5089527735326306,1.3948062896728517,0.0458123152528452,1.3720632394154866,1.3720632394154866,1.3720632394154866,1.37141219774882,1.4864295323689778,0.5,0.0,0.5,0.5,0.5,0.5,0.5,1.5021413405736288,0.0765160840716624,1.5936343669891355,1.5955874919891355,1.4629920721054075,1.4315250317255657,1.426967740058899,0.5,0.0,0.5,0.5,0.5,0.5,0.5,1.0,0.0,1,1,1,1,1
800,1.4940681525639126,0.054277784489472,1.587886912482125,1.4564587729317802,1.4458963530404227,1.4571773324693953,1.522921391895839,0.5002712669650616,0.0023756669997205,0.5019571600406697,0.4965181259973579,0.5009900115914875,0.4987246132064866,0.5031664239893068,1.3948062896728517,0.0458123152528452,1.3720632394154866,1.3720632394154866,1.3720632394154866,1.37141219774882,1.4864295323689778,0.5,0.0,0.5,0.5,0.5,0.5,0.5,1.5021413405736288,0.0765160840716624,1.5936343669891355,1.5955874919891355,1.4629920721054075,1.4315250317255657,1.426967740058899,0.5,0.0,0.5,0.5,0.5,0.5,0.5,1.0,0.0,1,1,1,1,1
825,1.487084644181388,0.0239208818492721,1.507984961782183,1.510961481503078,1.4683663163866316,1.4981820753642492,1.4499283858707972,0.5025565473615178,0.0042557446287655,0.495961672671613,0.5085125090707233,0.5014884119796603,0.5055305714153774,0.5012895716702147,1.3948062896728517,0.0458123152528452,1.3720632394154866,1.3720632394154866,1.3720632394154866,1.37141219774882,1.4864295323689778,0.5,0.0,0.5,0.5,0.5,0.5,0.5,1.5021413405736288,0.0765160840716624,1.5936343669891355,1.5955874919891355,1.4629920721054075,1.4315250317255657,1.426967740058899,0.5,0.0,0.5,0.5,0.5,0.5,0.5,1.0,0.0,1,1,1,1,1
850,1.5211556843348912,0.0489613378706711,1.5734781537737166,1.43323358467647,1.5143190792628698,1.5254774945122855,1.5592701094491142,0.5031281244044277,0.0041429417588538,0.5041154750558299,0.4953746358302843,0.5062082879618577,0.5029159017855435,0.5070263213886232,1.461342755953471,0.0426873978399244,1.4825233221054075,1.4825233221054075,1.4825233221054075,1.4831743637720745,1.3759694496790569,0.5004172532626995,0.0008345065253988,0.5,0.5,0.5,0.5,0.5020862663134972,1.5243635654449463,0.0780322708056505,1.5936343669891355,1.5955874919891355,1.5741031964619954,1.430873990058899,1.4276187817255657,0.4987441018581327,0.0025117962837346,0.5,0.5,0.5,0.5,0.4937205092906633,1.0,0.0,1,1,1,1,1
875,1.4813242350305829,0.0427713204894093,1.5226028987339564,1.4070666432380676,1.5039516857692177,1.4603921856198991,1.512607761791774,0.4975884083112089,0.007266557840579,0.4942893475949358,0.4909460414246139,0.5056424483956468,0.5069689497424672,0.4900952543983808,1.4613427639007568,0.0426873819456298,1.4825233221054075,1.4825233221054075,1.4825233221054075,1.4831743637720745,1.3759694894154866,0.5,0.0,0.5,0.5,0.5,0.5,0.5,1.5243635654449463,0.0780322708056505,1.5936343669891355,1.5955874919891355,1.5741031964619954,1.430873990058899,1.4276187817255657,0.5,0.0,0.5,0.5,0.5,0.5,0.5,1.0,0.0,1,1,1,1,1
900,1.4885489463806152,0.0395302388228044,1.4881151744297572,1.4692774840763636,1.55752352305821,1.43679974760328,1.491028802735465,0.5004695769896579,0.0018592078941381,0.503374419540928,0.4996724070243474,0.5011376423942796,0.5004801013020298,0.497683314686704,1.4613427639007568,0.0426873819456298,1.4825233221054075,1.4825233221054075,1.4825233221054075,1.4831743637720745,1.3759694894154866,0.5,0.0,0.5,0.5,0.5,0.5,0.5,1.5243635654449463,0.0780322708056505,1.5936343669891355,1.5955874919891355,1.5741031964619954,1.430873990058899,1.4276187817255657,0.5,0.0,0.5,0.5,0.5,0.5,0.5,1.2,0.4,1,1,1,2,1
925,1.4837153400693623,0.0588624672915033,1.4173471246446885,1.4948604617800032,1.5833495685032437,1.4308353321892875,1.4921842132295882,0.501870675420364,0.0032833113709421,0.4988958826458489,0.4993940024861269,0.5069695929387731,0.4995115736118967,0.5045823254191744,1.4613427639007568,0.0426873819456298,1.4825233221054075,1.4825233221054075,1.4825233221054075,1.4831743637720745,1.3759694894154866,0.5,0.0,0.5,0.5,0.5,0.5,0.5,1.5243635654449463,0.0780322708056505,1.5936343669891355,1.5955874919891355,1.5741031964619954,1.430873990058899,1.4276187817255657,0.5,0.0,0.5,0.5,0.5,0.5,0.5,1.0,0.0,1,1,1,1,1
950,1.492587000983102,0.034481508692916,1.4899554252624512,1.5241094657352992,1.468665599822998,1.443413393838065,1.5367911202566964,0.5006554565398862,0.0042936007826506,0.4957683717438342,0.4980117807972575,0.501157755600752,0.499906444413977,0.5084329301436099,1.4613427639007568,0.0426873819456298,1.4825233221054075,1.4825233221054075,1.4825233221054075,1.4831743637720745,1.3759694894154866,0.5,0.0,0.5,0.5,0.5,0.5,0.5,1.5243635654449463,0.0780322708056505,1.5936343669891355,1.5955874919891355,1.5741031964619954,1.430873990058899,1.4276187817255657,0.5,0.0,0.5,0.5,0.5,0.5,0.5,1.0,0.0,1,1,1,1,1
975,1.4858794042042325,0.0537649356189412,1.427725843020848,1.5140409980501448,1.577352029936654,1.451879279954093,1.458398870059422,0.5013223010588167,0.0072474717762276,0.5004948516748481,0.5117424730317924,0.4891467099679994,0.5016692894279867,0.5035581811914567,1.4060476382573446,0.0457576201178327,1.4269677797953289,1.3720632791519165,1.3720632791519165,1.3720632791519165,1.4870805740356443,0.5,0.0,0.5,0.5,0.5,0.5,0.5,1.5243635813395184,0.0780387860214381,1.5936343669891355,1.5955875317255657,1.5741031964619954,1.4315250317255657,1.4269677797953289,0.5,0.0,0.5,0.5,0.5,0.5,0.5,1.0,0.0,1,1,1,1,1
1000,1.5111767649650574,0.072942562537778,1.3949476054736547,1.4735065528324671,1.5521516629627772,1.610182591847011,1.525095411709377,0.5037645085090283,0.0030668915175825,0.5087030804640043,0.4992672655923246,0.5031475594411192,0.5028477331001563,0.5048569039475373,1.4060476382573446,0.0457576201178327,1.4269677797953289,1.3720632791519165,1.3720632791519165,1.3720632791519165,1.4870805740356443,0.5,0.0,0.5,0.5,0.5,0.5,0.5,1.5243635813395184,0.0780387860214381,1.5936343669891355,1.5955875317255657,1.5741031964619954,1.4315250317255657,1.4269677797953289,0.5,0.0,0.5,0.5,0.5,0.5,0.5,1.0,0.0,1,1,1,1,1
