lags,train_mse_mean,train_mse_std,train_mse_fold_1,train_mse_fold_2,train_mse_fold_3,train_mse_fold_4,train_mse_fold_5,train_r2_mean,train_r2_std,train_r2_fold_1,train_r2_fold_2,train_r2_fold_3,train_r2_fold_4,train_r2_fold_5,train_corr_mean,train_corr_std,train_corr_fold_1,train_corr_fold_2,train_corr_fold_3,train_corr_fold_4,train_corr_fold_5,val_mse_mean,val_mse_std,val_mse_fold_1,val_mse_fold_2,val_mse_fold_3,val_mse_fold_4,val_mse_fold_5,val_r2_mean,val_r2_std,val_r2_fold_1,val_r2_fold_2,val_r2_fold_3,val_r2_fold_4,val_r2_fold_5,val_corr_mean,val_corr_std,val_corr_fold_1,val_corr_fold_2,val_corr_fold_3,val_corr_fold_4,val_corr_fold_5,test_mse_mean,test_mse_std,test_mse_fold_1,test_mse_fold_2,test_mse_fold_3,test_mse_fold_4,test_mse_fold_5,test_r2_mean,test_r2_std,test_r2_fold_1,test_r2_fold_2,test_r2_fold_3,test_r2_fold_4,test_r2_fold_5,test_corr_mean,test_corr_std,test_corr_fold_1,test_corr_fold_2,test_corr_fold_3,test_corr_fold_4,test_corr_fold_5,num_epochs_mean,num_epochs_std,num_epochs_fold_1,num_epochs_fold_2,num_epochs_fold_3,num_epochs_fold_4,num_epochs_fold_5
-1000,120.04788152521309,2.8814970013128054,114.95612959428269,119.33923097090288,123.5857592496005,121.1052738536488,121.2530139576305,-0.2647222995758057,0.0175840419401962,-0.2861849069595337,-0.2730545401573181,-0.2346500158309936,-0.2723290215839039,-0.2573930133472789,0.0042887279065325,0.0088060160962021,-0.0077969627454876,0.0110492231324315,0.0021952905226498,0.0170551091432571,-0.0010590205201879,91.63153009414673,3.8759084139790994,88.06410551071167,90.14801216125488,93.03062915802002,88.38002490997314,98.53487873077393,-0.6004332959651947,0.106429192808082,-0.6162646412849426,-0.6568141877651215,-0.7128091901540756,-0.6166327744722366,-0.3996456861495971,-0.0011242344044148,0.0013769003210491,-0.0028105860110372,-0.0028105860110372,0.0,0.0,0.0,107.8775390625,13.7250924571184,128.12524318695068,113.24577713012695,111.57810926437378,98.68188953399658,87.756676197052,-0.5604073822498321,0.1094248121624554,-0.5145100951194763,-0.7338069379329681,-0.5401298999786377,-0.4030278772115707,-0.6105621010065079,-0.0003229842055588,0.0006459684111177,0.0,0.0,0.0,-0.0016149210277944,0.0,100.0,0.0,100,100,100,100,100
-975,120.96364149613814,3.4388497711873605,114.78253555297852,120.91412526910956,125.15177327936344,122.78912076083095,121.1806526184082,-0.2654191873290322,0.0199320344503053,-0.2946056235920299,-0.2574368281797929,-0.2354146567257967,-0.2616994380950928,-0.2779393900524486,-0.0065655016340315,0.0032231448958206,-0.0087143713608384,-0.0087113883346319,-0.0029446242842823,-0.0100615136325359,-0.002395610557869,91.7714863061905,3.93222969660762,88.30050086975098,90.39913606643675,92.89879274368286,88.37565422058105,98.8833476305008,-0.6037044405937195,0.1053440791799863,-0.6208671629428864,-0.6616959869861603,-0.7102499902248383,-0.6223303973674774,-0.4033786654472351,-0.0027141419239342,0.0034046994287622,0.0,-0.0079495375975966,0.0,-0.0056211720220744,0.0,107.6703807592392,13.517539361865838,128.56270027160645,113.0260877609253,109.45783853530884,98.7642697095871,88.54100751876831,-0.5857606917619705,0.1124883589794002,-0.6322933733463287,-0.7360644787549973,-0.5342789888381958,-0.40061716735363,-0.6255494505167007,-0.0012494652532041,0.0024989305064082,0.0,0.0,-0.0062473262660205,0.0,0.0,100.0,0.0,100,100,100,100,100
-950,120.16385803222656,3.694952885757374,113.24302603981712,121.60445334694602,124.23047603260387,120.25682171908292,121.48451302268288,-0.2630859938534823,0.0221211475546152,-0.2910972020842812,-0.2517473968592557,-0.2268897078254006,-0.276896054094488,-0.2687996084039861,-0.002039261907339,0.0043141341974458,0.0007395527791231,0.0045202621258795,-0.0031038841698318,-0.0043121203780174,-0.0080401198938488,91.78059570789335,4.059131250040949,88.0284252166748,90.49663066864014,93.09838247299194,88.25433778762817,99.0252023935318,-0.6039843618869781,0.1048865932394831,-0.6155690252780914,-0.6635910123586655,-0.7141232341527939,-0.6199680864810944,-0.4066704511642456,-0.0010826232843101,0.0030368975153967,0.0,-0.0070264646783471,0.0,0.0,0.0016133482567965,107.70180780887604,13.414118025201535,128.33029651641846,113.11268043518066,109.65129852294922,98.67690336704254,88.7378602027893,-0.5861575335264206,0.1133590708021714,-0.6277907937765121,-0.7379972338676453,-0.5370261967182159,-0.398592546582222,-0.6293808966875076,-0.0005185866495594,0.0006427206547539,-0.0014521238626912,0.0,0.0,-0.0011408093851059,0.0,100.0,0.0,100,100,100,100,100
-925,120.07505077015269,3.357276920417451,114.0581186467951,121.11633647571912,124.41713125055486,120.30689933083274,120.47676814686167,-0.2676964543082497,0.0262606414533387,-0.3022245222871954,-0.2499458193778991,-0.2270759723403237,-0.2778062278574163,-0.281429729678414,0.0022856618044897,0.0143000439370222,0.0093546845018863,0.0025112756993621,0.0222446639090776,-0.0012740794336423,-0.0214082356542348,91.79000058174134,3.939956276889927,88.35844421386719,90.22713327407835,93.13329458236694,88.37493896484375,98.85619187355042,-0.6040426909923553,0.1061994973933209,-0.6219949424266815,-0.6583516001701355,-0.7148006558418274,-0.6223160922527313,-0.402750164270401,-0.0014797485200688,0.0021821573568032,-0.0056211720220744,-0.0017775705782696,0.0,0.0,0.0,107.68748059272768,13.53797744550822,128.61224746704102,112.8729887008667,109.68502807617188,98.76356768608092,88.50357103347778,-0.5857653260231018,0.1113273111840163,-0.6332526355981827,-0.7326464951038361,-0.5375049710273743,-0.4006022214889526,-0.6248203068971634,-0.0018231039866805,0.003646207973361,0.0,-0.0091155199334025,0.0,0.0,0.0,100.0,0.0,100,100,100,100,100
-900,120.29447722001508,3.224453374456808,114.19430715387516,120.6280472495339,123.7509606101296,121.29696239124644,121.60210869529033,-0.2686040672388943,0.0241597982883815,-0.3102982315150174,-0.2549406290054321,-0.237391320141879,-0.2675410075621171,-0.2728491479700262,-0.0047551436349749,0.0102583745750543,-0.0057523073628544,-0.0095428237691521,-0.0082365898415446,-0.0150753008201718,0.0148313036188483,91.82143671512604,3.923875977326483,88.27531242370605,90.30780744552612,92.94763469696044,88.63490533828735,98.9415236711502,-0.6047195941209793,0.1050135766440823,-0.6203759163618088,-0.6599196493625641,-0.7111971229314804,-0.6273764222860336,-0.4047288596630096,0.0001613348256796,0.0003226696513593,0.0,0.0,0.0,0.0,0.0008066741283982,107.71271727085112,13.458342139508485,128.54122734069824,112.9446783065796,109.5048122406006,98.95074903964996,88.6221194267273,-0.5866282880306244,0.1105983464336754,-0.6318779140710831,-0.7342478483915329,-0.5349452346563339,-0.404942899942398,-0.627127543091774,-0.0013670541811734,0.0033339201307133,0.0,-0.0079760802909731,0.0,0.0011408093851059,0.0,100.0,0.0,100,100,100,100,100
-875,120.64969295154916,2.96772981026265,115.277211969549,121.0754429210316,124.23089426214044,120.54666276411577,122.1182528409091,-0.2561619585210627,0.0189525473771978,-0.2815546230836348,-0.243823918429288,-0.2267657951875166,-0.2651461308652704,-0.2635193250396035,0.0004586667753756,0.0084272484949991,-0.0094129182398319,0.0032420349307358,0.0103463055565953,-0.0095495712012052,0.007667482830584,91.88454575538636,3.916936622207384,88.11661577224731,90.28634452819824,93.57140111923218,88.70689344406128,98.74147391319276,-0.6040977090597153,0.1108096168389629,-0.6172854602336884,-0.6593190729618073,-0.7231487333774567,-0.6253170669078827,-0.3954182118177414,-0.0014039295725524,0.0028078591451048,0.0,0.0,0.0,-0.0070196478627622,0.0,108.05275938510894,14.21778622340374,130.65554904937744,112.68381023406982,109.82878398895264,98.76578104496002,88.32987260818481,-0.5232283234596252,0.1455371040899543,-0.3260850310325622,-0.7284197360277176,-0.5395465642213821,-0.4006524235010147,-0.6214378625154495,-0.0030142560601234,0.0039918757049978,-0.0051343580707907,0.0,0.0,0.0,-0.0099369222298264,100.0,0.0,100,100,100,100,100
-850,119.86385026411575,3.428959144908132,113.46546519886364,120.86707340587267,123.5225205854936,119.74481547962536,121.71937665072356,-0.2729289336638018,0.019565337879391,-0.2887899333780462,-0.2654523199254816,-0.2417371760715138,-0.297998769716783,-0.2706664692271839,-0.0089915044722147,0.0066403955605485,-0.0025001445319503,0.0006003097514621,-0.0145750762894749,-0.0141061889007687,-0.0143764223903417,91.85333094596862,3.9633649596622416,87.98596620559692,90.50438356399536,93.2840690612793,88.6200647354126,98.87217116355896,-0.6035921275615692,0.1088051855540883,-0.6147411167621613,-0.6635599732398987,-0.7175711691379547,-0.6236295700073242,-0.3984588086605072,-0.0015898447483778,0.0031796894967556,0.0,0.0,-0.007949223741889,0.0,0.0,108.0381548166275,14.14765888983275,130.54758834838867,112.87637710571288,109.55135583877563,98.703507065773,88.5119457244873,-0.5234406113624572,0.1477810928633931,-0.3246825784444809,-0.7327233701944351,-0.5356058180332184,-0.3992089331150055,-0.6249823570251465,-0.001759222568944,0.0041126524098044,0.0,0.0,0.0,0.0011408093851059,-0.0099369222298264,100.0,0.0,100,100,100,100,100
-825,120.10721608942204,3.765406309140889,113.25429916381836,120.74482865767044,124.83313092318448,121.05064634843306,120.6531753540039,-0.2682567162947221,0.0288693080448611,-0.3200366713783957,-0.2628672610629688,-0.2305902676148848,-0.2636128501458601,-0.264176531271501,-0.0008534730877727,0.0083613948055856,-0.013759421184659,0.0126065369695425,-0.0017920327372848,-0.0013224484864622,0.0,91.94759061336518,3.898160704739068,88.16469240188599,90.69693756103516,93.6953010559082,88.50863313674927,98.67238891124724,-0.6052712082862854,0.1126593416686574,-0.6182214915752411,-0.6673047244548798,-0.725553423166275,-0.6214638352394104,-0.3938125669956207,-0.0035753009840846,0.0044232834876888,0.0,-0.007949223741889,0.0,-0.009927281178534,0.0,108.1094985961914,14.303096489538312,130.69532299041748,113.04654121398926,109.9480242729187,98.62366151809692,88.23394298553467,-0.5242589026689529,0.1480547508276633,-0.3266020268201828,-0.7365240156650543,-0.5412402451038361,-0.3973582834005356,-0.619569942355156,-0.0031479518860578,0.0038921640747945,-0.0087132947519421,0.0,0.0,0.0,-0.0070264646783471,100.0,0.0,100,100,100,100,100
-800,120.704437047785,3.752550200002717,113.65724875710228,121.40514200383969,123.13246570933948,120.83584490689364,124.49148386174984,-0.2634007302197543,0.0174347242929972,-0.2927244251424616,-0.2515935355966741,-0.2426828796213323,-0.2715666727586226,-0.2584361379796808,-0.0112165888771414,0.0040158761479743,-0.0081254700198769,-0.0152813522145152,-0.0117784403264522,-0.0052978973835706,-0.0155997844412922,92.01875004768372,3.866514634205146,88.12894344329834,90.75155067443848,93.65952682495116,88.8200912475586,98.733638048172,-0.6067006975412369,0.1122775998779156,-0.6175250262022018,-0.6683663576841354,-0.724858745932579,-0.6275162845849991,-0.395237073302269,-0.003669476089999,0.004372598535209,-0.0119243068620562,-0.0029809589032083,-0.0034421146847307,0.0,0.0,108.16799862384796,14.243099078772133,130.66583156585693,113.09481716156006,109.91340684890748,98.846555352211,88.31938219070435,-0.5256658554077148,0.1477971122309991,-0.3262192159891128,-0.7376022636890411,-0.5407484024763107,-0.4025263041257858,-0.6212330907583237,-0.0029737115837633,0.0036615993388129,0.0,-0.0068366401828825,0.0,0.0,-0.0080319177359342,100.0,0.0,100,100,100,100,100
-775,120.42791172374378,2.799826001341945,115.08259097012606,121.39734302867542,123.33299151333895,120.87893295288086,121.44770015369762,-0.2646370768547058,0.017695159363172,-0.2857078476385636,-0.2507584691047668,-0.2383026318116621,-0.2690953070467168,-0.2793211286718195,8.269792888313532e-05,0.0073367693016906,0.0110247218981385,0.0045109293423593,-0.0006335884099826,-0.003933597356081,-0.0105549758300185,92.01401267051696,3.9007906677020343,88.25364637374878,90.5625901222229,93.2280158996582,88.99449396133423,99.03131699562071,-0.6067980796098709,0.1077092087541947,-0.6197479814291,-0.6646914929151535,-0.716482475399971,-0.6309047341346741,-0.4021637141704559,-0.0035749309696257,0.0047656502298741,0.0,0.0,-0.0059619178064167,-0.0119127370417118,0.0,109.13821432590484,15.662875589735908,135.43349647521973,113.05560493469238,109.4968876838684,98.97154009342194,88.73354244232178,-0.511076882481575,0.1703131607992289,-0.2493268400430679,-0.7365048825740814,-0.5348315984010696,-0.405425876379013,-0.629295215010643,-0.0017382520250976,0.0025320849036174,-0.0021781581453979,-0.0065131019800901,0.0,0.0,0.0,100.0,0.0,100,100,100,100,100
-750,120.67037006724964,3.786605703173496,113.65533828735352,121.09873338179156,124.50564609874378,120.66705842451616,123.42507414384322,-0.2602724801410329,0.0167751025056342,-0.2861946441910483,-0.2490147027102383,-0.23859257589687,-0.2713200395757502,-0.2562404383312572,-0.0029114013072103,0.0048323623227092,-0.0016536992043256,-0.0060268947854638,0.0049077663570642,-0.0095364088192582,-0.0022477700840681,91.97812082767489,3.8702326690012447,88.26935482025146,90.49613285064696,93.64441585540771,88.74260950088501,98.73809111118317,-0.6058741688728333,0.1116485472121975,-0.6200540065765381,-0.6633989959955215,-0.7245653122663498,-0.6260104477405548,-0.395342081785202,-0.0023386872373521,0.0028652216983654,0.0,0.0,-0.0059619178064167,-0.0057315183803439,0.0,109.09153401851654,15.797325541653414,135.44603061676025,112.99642944335938,109.89852619171144,98.79085671901704,88.32582712173462,-0.5095577120780945,0.1695565115900837,-0.2494701594114303,-0.7351876348257065,-0.5405364632606506,-0.4012359827756881,-0.6213583201169968,-0.0032561246305704,0.0046509106144259,-0.0043563162907958,0.0,0.0,0.0,-0.0119243068620562,100.0,0.0,100,100,100,100,100
-725,120.2034054149281,3.5426832967672905,113.88447536121716,119.93443402377042,124.6172946583141,121.9635457125577,120.61727731878108,-0.2610970215363936,0.0157517403750533,-0.2814267386089671,-0.2649770216508345,-0.2329451387578791,-0.2655110521750016,-0.2606251564892856,-0.0004027328453958,0.0076222681946081,-0.0029916954226791,0.0094318473711609,0.0067202197387814,-0.0116557283326983,-0.0035183075815439,91.9402449131012,3.81292567982843,88.30347204208374,90.32229137420654,93.48862314224245,88.91581010818481,98.67102789878844,-0.6050873905420303,0.1114115079676177,-0.6207186877727509,-0.6600176990032196,-0.7215414196252823,-0.6293759644031525,-0.3937831819057464,-0.0029573886189609,0.0054812207710289,0.0,-0.0008887501899152,0.0,-0.0138981929048895,0.0,109.04211184978485,15.805944896809056,135.4732322692871,112.84188652038574,109.7480173110962,98.91486966609956,88.23255348205566,-0.5087159037590027,0.1678657148571521,-0.2497812360525131,-0.7317450493574142,-0.5383981615304947,-0.4041128009557724,-0.619542270898819,0.0,0.0,0.0,0.0,0.0,0.0,0.0,100.0,0.0,100,100,100,100,100
-700,120.51604558771304,3.377154650606404,114.44527539339931,120.40375900268556,124.4277756430886,122.7189282503995,120.58448964899236,-0.2698094075376337,0.0233380426717338,-0.2922566533088684,-0.2920266660777005,-0.2283272255550731,-0.2681988911195235,-0.268237601627003,0.0021756229689344,0.0071557917765175,0.0157536435872316,0.0028705839067697,-0.0031039288733154,-0.001123885042034,-0.0035182987339794,92.09591324329377,3.712285987845882,88.6505765914917,90.73344039916992,93.59458637237547,88.87926769256592,98.62169516086578,-0.6080792218446731,0.1132707340818119,-0.6274795830249786,-0.6680137813091278,-0.7235978841781616,-0.6286656707525253,-0.3926391899585724,-0.0019854562357068,0.0039709124714136,0.0,0.0,0.0,-0.009927281178534,0.0,109.17191054821016,15.938677668092152,135.74973106384277,113.20716953277588,109.85016965866087,98.88858211040495,88.16390037536621,-0.5108771383762359,0.1690338499956576,-0.2529415339231491,-0.7398839145898819,-0.5398493558168411,-0.4035056829452514,-0.6182052046060562,-0.0015953777357935,0.0031907554715871,0.0,-0.0079768886789679,0.0,0.0,0.0,100.0,0.0,100,100,100,100,100
-675,119.5799097928134,2.917672033770658,114.01318081942472,120.1106570850719,122.62042305686258,120.40702993219548,120.74825807051224,-0.2676223711533979,0.0201258495629464,-0.2910287326032465,-0.2586186474019831,-0.2388885021209716,-0.2900849960067055,-0.2594909776340831,-0.0067247401922941,0.0191188638875738,-0.0082689253613352,0.01541711948812,-0.0246920809149742,-0.0304979085922241,0.0144180944189429,91.96992983818056,3.761596591975976,88.3594274520874,90.67697954177856,93.21494913101196,88.91046285629272,98.68783020973206,-0.6056804686784745,0.1109239700509143,-0.6218084394931793,-0.666915774345398,-0.7162285149097443,-0.6292717307806015,-0.3941778838634491,-0.0023419186938554,0.0032958879552657,-0.0056209499016404,0.0,0.0,-0.0070196478627622,0.0009310042951256,109.99171237945556,17.615998412722348,140.820538520813,112.40118741989136,109.56975412368774,98.91086101531982,88.25622081756592,-0.5030555427074432,0.1763491815480442,-0.2239411026239395,-0.7336397022008896,-0.533670499920845,-0.4040236473083496,-0.6200027614831924,-0.0047122051008045,0.0033696250522578,-0.0087120262905955,-0.0028831870295107,-0.0035340543836355,0.0,-0.008431757800281,100.0,0.0,100,100,100,100,100
-650,120.89437304410066,3.679592248043268,113.9790760387074,120.9979310469194,124.5937104658647,121.63316345214844,123.26798421686344,-0.2612461989576166,0.018462311181174,-0.2915848114273764,-0.2561654448509216,-0.233887872912667,-0.2642141418023543,-0.2603787237947637,-0.0097688239067792,0.0122594032140355,0.0081354808062314,-0.021583966910839,-0.0046927561052143,-0.0254312567412853,-0.0052716205827891,92.02800192832947,3.8161451345837354,88.53931713104248,90.55412483215332,93.71251964569092,88.65398120880127,98.68006682395936,-0.6068026959896088,0.1126469180691236,-0.6253126114606857,-0.664526641368866,-0.7258868664503098,-0.6242878586053848,-0.3939995020627975,-0.0041174410842359,0.0040719089045596,0.0,-0.0028104749508202,-0.007949223741889,-0.0098275067284703,0.0,110.05533993244173,17.686261994445307,140.9586362838745,112.292724609375,110.0528163909912,98.72701275348663,88.2455096244812,-0.5033602699637413,0.1759610482482873,-0.225474402308464,-0.7312155514955521,-0.5405549183487892,-0.3997622281312942,-0.6197942495346069,-0.0059548240154981,0.0055138871824021,-0.0101640308275818,-0.0056983986869454,0.0,0.0,-0.0139116905629634,100.0,0.0,100,100,100,100,100
-625,119.80095318880949,3.6308720477653496,112.8670987215909,120.58124507557262,123.55439307472922,120.6402095447887,121.36181952736594,-0.2633993864059448,0.025515251405701,-0.3057167638431896,-0.2600906816395846,-0.2253884239630265,-0.2649131579832597,-0.2608879046006636,-0.0051923542108852,0.0041671310904952,-0.0115764643996953,-0.0054025831632316,-0.0020822240039706,0.0004408351087477,-0.0073413345962762,91.96766765117646,3.849698918198175,88.26962804794312,90.81202173233032,93.28865385055542,88.67907381057739,98.788960814476,-0.6057138323783875,0.1103916047169388,-0.6200591325759888,-0.6695418804883957,-0.7176594585180283,-0.6247755289077759,-0.3965331614017486,-0.0035738211125135,0.007147642225027,0.0,0.0,0.0,-0.0178691055625677,0.0,110.0110117673874,17.581248063562803,140.7517433166504,112.5200834274292,109.6410231590271,98.74485576152802,88.39735317230225,-0.5034184008836746,0.1781272684052151,-0.2231766432523727,-0.7363015860319138,-0.5346859991550446,-0.4001771509647369,-0.6227506250143051,-0.0019674101844429,0.0039348203688859,0.0,0.0,0.0,0.0,-0.0098370509222149,100.0,0.0,100,100,100,100,100
-600,120.40294952392578,2.9720928716261397,114.89533857865769,120.83548667214131,123.88926349986684,121.5359660061923,120.85869286277078,-0.2640972159125588,0.0222581465807699,-0.2968426617709073,-0.2593710368329828,-0.2294535962018099,-0.2584538622335954,-0.2763649225234985,0.0001003861194476,0.0069992670091343,0.0130743915215134,-0.0017619654536247,0.000448020058684,-0.0037087062373757,-0.0075498092919588,92.12514340877532,3.731549890494406,88.68855667114258,90.9055242538452,93.51581954956056,88.80518674850464,98.71062982082368,-0.6087179511785508,0.1125096612617083,-0.6282190978527069,-0.6713597625494003,-0.7220688909292221,-0.6272260248661041,-0.3947159796953201,-0.0004506785888224,0.0009013571776449,-0.0022533929441124,0.0,0.0,0.0,0.0,110.1321516275406,17.710460286290967,141.07326889038086,112.60248470306396,109.86150884628296,98.83512079715727,88.28837490081787,-0.5051247000694274,0.177077194214845,-0.2267468720674514,-0.738145262002945,-0.5378281623125076,-0.4022744745016098,-0.6206287294626236,-0.0045516751240938,0.0055026107518562,-0.0033532606903463,-0.0034190393052995,-0.0053010815754532,0.0032266965135931,-0.0139116905629634,100.0,0.0,100,100,100,100,100
-575,120.24151202115144,3.2441451704071103,113.99956824562766,120.91643940318714,123.46107344193892,121.21011491255328,121.62036410245028,-0.2668834534558383,0.0195237095243929,-0.3021489869464527,-0.2513164390217174,-0.2465375986966219,-0.2655155171047557,-0.2688987255096435,0.0039973572827875,0.0104683604546538,0.0,0.0084893405437469,0.0196380242705345,-0.012345909141004,0.0042053307406604,91.90270593166352,3.882586087045151,88.58274936676025,90.561110496521,93.22575569152832,88.31709623336792,98.82681787014008,-0.6044428169727325,0.1092433706971355,-0.6261584758758545,-0.6646623611450195,-0.7164382636547089,-0.6175344735383987,-0.3974205106496811,0.0003225093474611,0.0006450186949223,0.0,0.0,0.0,0.0,0.0016125467373058,111.08796935081482,20.13776070535275,147.82992362976074,111.9835729598999,108.68270301818848,98.49333882331848,88.4503083229065,-0.4975471675395965,0.1801370919576391,-0.2125837355852127,-0.7255336195230484,-0.5361698269844055,-0.3896672278642654,-0.6237814277410507,-0.0017686016857624,0.0035372033715248,0.0,0.0,-0.008843008428812,0.0,0.0,100.0,0.0,100,100,100,100,100
-550,120.66113267378373,3.1263695996836365,114.5513416637074,121.21935237537733,123.31000449440695,122.1270575089888,122.0979073264382,-0.262756475535306,0.0185552139471689,-0.2913475741039623,-0.253019089048559,-0.2356661666523326,-0.2714248624714938,-0.2623246854001825,-0.0074476267443969,0.0107991641701335,0.0011694378918036,-0.0084893405437469,-0.0170689783990383,-0.020796600729227,0.0079473480582237,91.97631154060365,3.7614659660036778,88.31645154953003,90.75540494918825,93.29782009124756,88.86833381652832,98.64354729652403,-0.6057315766811371,0.1117367780245904,-0.6209714710712433,-0.6684411019086838,-0.7178375422954559,-0.6282464861869812,-0.3931612819433212,0.0,0.0,0.0,0.0,0.0,0.0,0.0,111.12506141662598,20.07603896278503,147.63534259796145,112.1541233062744,108.75385475158691,98.88681268692017,88.19517374038696,-0.4989163517951965,0.1801094136356778,-0.210403174161911,-0.7293429225683212,-0.5372020304203033,-0.3988192826509475,-0.6188143491744995,-0.0008711182512342,0.0017422365024685,-0.0043555912561714,0.0,0.0,0.0,0.0,100.0,0.0,100,100,100,100,100
-525,120.89164928089488,3.71126330289846,114.2887191772461,121.65597430142488,125.81787768277256,121.33116496693005,121.36451027610086,-0.2576855160973288,0.0180968804000411,-0.2814715613018382,-0.2557825391942804,-0.2264078909700567,-0.2576042251153426,-0.2671613639051264,0.0005782782565802,0.0120401294021543,-0.0081021254882216,-0.016738461330533,0.0174181144684553,0.0086279893293976,0.0016858743038028,91.9602515220642,3.911839825945453,88.32257843017578,90.74258470535278,93.30496263504028,88.52776432037354,98.90336751937866,-0.6056190013885498,0.1092165426337328,-0.6210909634828568,-0.6681918948888779,-0.7179762870073318,-0.621629148721695,-0.3992067128419876,-0.0031346775591373,0.0040623921526935,0.0,-0.0099365301430225,-0.0057368576526641,0.0,0.0,111.14873840808868,20.0252308671797,147.63974952697754,112.14267826080322,108.76079368591309,98.64331686496736,88.55715370178223,-0.4991732507944107,0.1816395290768705,-0.2104526907205581,-0.7290906012058258,-0.5373029559850693,-0.3931582272052765,-0.6258617788553238,0.0005586025770753,0.0011172051541507,0.0,0.0,0.0,0.0027930128853768,0.0,100.0,0.0,100,100,100,100,100
-500,120.54319575916638,3.307537096502283,114.27068363536488,121.47790804776278,124.13812706687234,121.27573013305664,121.55352991277522,-0.2656584230336276,0.0210683742670446,-0.2941111163659529,-0.2582288167693398,-0.232472918250344,-0.2812103033065796,-0.2622689604759216,0.0038290620665065,0.0052977659300891,0.0021351035684347,0.0140379276126623,-0.0010344785405322,0.0007948834099806,0.0032118742819875,92.00166959762574,3.8104673245414,88.60069465637207,90.42854166030884,93.38945198059082,88.78483200073242,98.80482769012453,-0.6063504606485367,0.1101039698750869,-0.6265083402395248,-0.6620844155550003,-0.7196164280176163,-0.626624271273613,-0.396918848156929,0.0006450186949223,0.0012900373898446,0.0,0.0,0.0,0.0,0.0032250934746116,111.16016819477082,20.103218104215188,147.84282875061035,111.8666696548462,108.84428548812866,98.82686340808868,88.42019367218018,-0.498960143327713,0.1785486014559028,-0.2127289921045303,-0.7229304760694504,-0.5385141670703888,-0.3974314928054809,-0.6231955885887146,-0.0026021891273558,0.0043740441224985,0.0,0.0,-0.0017686015926301,0.0,-0.0112423440441489,100.0,0.0,100,100,100,100,100
-475,120.1937465320934,3.437000623031434,114.27128462357956,120.56994143399324,124.9796388799494,121.14574605768377,120.002121665261,-0.2701667297970164,0.0336502493797473,-0.2788803956725381,-0.2566895105622031,-0.2257955291054465,-0.2613558389923789,-0.3281123746525157,-0.0066587179084308,0.0088247518769381,0.0009973463602364,0.0005615284317173,-0.0109702423214912,-0.0220464896410703,-0.0018357323715463,91.9399840593338,4.003210615419353,88.2608413696289,90.63036966323853,93.54464530944824,88.31337118148804,98.9506927728653,-0.6098481178283691,0.1021906068594053,-0.6198883950710297,-0.6660098731517792,-0.72262904047966,-0.6209117621183395,-0.4198015183210373,-0.0059068467468023,0.0040234156391185,-0.0084314253181219,-0.0119238356128335,-0.0045894864015281,-0.0045894864015281,0.0,112.45777730941772,22.548681729070648,154.53800296783447,112.27955341339111,108.07559776306152,98.61549043655396,88.78024196624756,-0.5057857990264892,0.1826784601692649,-0.2048771232366562,-0.7286466062068939,-0.5539310425519943,-0.4114689081907272,-0.6300053149461746,0.0,0.0,0.0,0.0,0.0,0.0,0.0,100.0,0.0,100,100,100,100,100
-450,120.09829053011808,3.152149516266349,113.90081648393112,121.0366554260254,122.73301696777344,121.4631312977184,121.35783247514205,-0.2745460434393449,0.018377949192565,-0.296595269983465,-0.2493966817855835,-0.2949485291134227,-0.2673334804448214,-0.2644562558694319,-0.0016917795874178,0.003869770999355,-0.0010460199555382,0.0016845852369442,0.0031667903531342,-0.006032817531377,-0.0062314360402524,91.92730693817138,3.871845918516931,88.53207874298096,90.43837070465088,93.28001070022584,88.5381350517273,98.84793949127196,-0.6094963997602463,0.101884954600187,-0.6251725852489471,-0.6622762233018875,-0.7174925655126572,-0.6252905279397964,-0.4172500967979431,-0.0023231348022818,0.0029477422279159,-0.0070261876098811,-0.0045894864015281,0.0,0.0,0.0,112.4113998413086,22.63990271011219,154.72497272491455,112.10976600646973,107.80818486213684,98.77658581733704,88.63748979568481,-0.5048977494239807,0.1800477974515645,-0.2070469558238983,-0.7248709350824356,-0.5498689562082291,-0.4154762029647827,-0.6272256970405579,-0.0004097201861441,0.0005018047392557,-0.0010265642777085,0.0,-0.001022036653012,0.0,0.0,100.0,0.0,100,100,100,100,100
-425,120.67903490933504,3.4187970287631693,113.89328592473812,121.71136370572177,123.01911302046342,122.50265884399414,122.2687530517578,-0.2638065110553395,0.0122820894392045,-0.2835772958668796,-0.2515956055034291,-0.2500154972076416,-0.2653968117453835,-0.2684473449533636,0.006882707728073,0.004905333878455,0.0026150571648031,0.0063529689796268,0.0122649557888507,0.0126184793189167,0.0005620773881673,91.981370306015,3.9052550778139783,88.31412696838379,90.68797302246094,93.1859712600708,88.72964572906494,98.9891345500946,-0.6107019513845444,0.1007159763327663,-0.6209271997213364,-0.6671308279037476,-0.715667188167572,-0.6290207058191299,-0.420763835310936,-0.0008431425318121,0.0016862850636243,0.0,0.0,-0.0042157126590609,0.0,0.0,112.47312698364256,22.529313138801093,154.5744171142578,112.33001947402954,107.71307063102722,98.9140145778656,88.83411312103271,-0.5066902965307236,0.1819444146695921,-0.2053008377552032,-0.7297752797603607,-0.5484248846769333,-0.4188953638076782,-0.6310551166534424,0.0,0.0,0.0,0.0,0.0,0.0,0.0,100.0,0.0,100,100,100,100,100
-400,120.47558781016956,3.9634678248351474,112.89239328557797,120.99143010919744,124.48876710371538,122.05196588689633,121.95338266546077,-0.2809756484898654,0.0536064848909566,-0.386769099669023,-0.2508356733755632,-0.2403421347791498,-0.2621767954392867,-0.2647545391863042,-0.0010256128618493,0.0127503595014456,0.0006251147715374,0.0196337457746267,-0.0052774315699934,-0.0201094932854175,0.0,91.98347735404968,3.881652066131077,88.19959497451782,90.63025379180908,93.55599975585938,88.74774265289307,98.78379559516908,-0.6105180740356445,0.1040087120960101,-0.6186960935592651,-0.6660085916519165,-0.7228503674268723,-0.6293733865022659,-0.4156619310379028,-0.001124189980328,0.0022483799606561,0.0,0.0,-0.0056209499016404,0.0,0.0,112.46722376346588,22.543409292377635,154.49527549743652,112.27884435653688,108.08654975891112,98.92691099643709,88.54853820800781,-0.5063670843839645,0.181473737809839,-0.2043831795454025,-0.7286404222249985,-0.5540976673364639,-0.419220507144928,-0.6254936456680298,0.00070855403319,0.0030814161459857,-0.0029035620391368,0.0,0.0,0.0064463322050869,0.0,100.0,0.0,100,100,100,100,100
-375,120.6872646678578,2.635987417450761,115.77661965110086,120.67694438587536,123.4482026533647,122.3469203602184,121.18763628872958,-0.2654785838994112,0.0110793089070752,-0.2848599824038418,-0.2569938410412181,-0.2531015872955322,-0.2686518810012124,-0.2637856277552518,-0.0003892812877893,0.0111996669895695,-0.0017542336136102,0.0168464891612529,-0.001471840776503,-0.018216760829091,0.0026499396190047,92.1091065645218,3.853645303670564,88.36343288421631,90.72700929641724,93.8477864265442,88.82637023925781,98.7809339761734,-0.6145106285810471,0.1054940619675415,-0.6218884587287903,-0.6700394302606583,-0.7307809144258499,-0.6320112496614456,-0.4178330898284912,-0.002115923166275,0.0083151130884242,-0.0119238356128335,-0.0099347243085503,0.0,0.0,0.0112789440900087,113.51601462364196,24.49865630154394,159.67478561401367,112.27346515655518,108.26658201217651,98.90091109275818,88.4643292427063,-0.5065249413251877,0.1812906391210239,-0.2048355787992477,-0.728523463010788,-0.5568335056304932,-0.4185782372951507,-0.6238539218902588,0.00202905125916,0.0051756254559555,0.0030798874795436,0.0,0.0,0.0112810814753174,-0.0042157126590609,100.0,0.0,100,100,100,100,100
-350,121.11867710460317,2.5703699055253213,116.50442331487484,120.60179935802113,124.16977552934128,122.11973120949484,122.19765611128372,-0.2633047754114324,0.0186840593077182,-0.2911079959435896,-0.2587830586866899,-0.2342208894816312,-0.2728879993612116,-0.2595239335840398,0.0017406871542334,0.0143169851587109,-0.0209206268191337,-0.0078616756945848,0.0144804343581199,0.0172579418867826,0.0057473620399832,92.09177055358889,3.860070539106576,88.46208620071411,90.66409111022948,93.5279664993286,88.8690276145935,98.9356813430786,-0.6143526345491409,0.1026120310184749,-0.623810812830925,-0.6688140630722046,-0.7245622873306274,-0.6328436136245728,-0.4217323958873749,-0.00198694486171,0.0039738897234201,0.0,-0.0099347243085503,0.0,0.0,0.0,113.5025863647461,24.49036898563192,159.7394847869873,112.2178726196289,107.94455099105836,98.93134546279909,88.67967796325684,-0.5064465582370759,0.180950704484915,-0.2056150585412979,-0.7272894829511642,-0.5519405007362366,-0.4193388074636459,-0.6280489414930344,0.0009987608762457,0.0013067180543788,0.0,0.0032235849648714,0.0017702194163575,0.0,0.0,100.0,0.0,100,100,100,100,100
-325,120.75240020751951,3.006141453808564,115.11352504383434,121.80539148504084,124.03484829989348,120.83193345503372,121.97630275379528,-0.2642689986662431,0.0171768392555251,-0.2839298194104975,-0.257659142667597,-0.2347648631442677,-0.2769190181385387,-0.2680721499703147,0.0087622152641415,0.0088194402679575,-0.0049620475620031,0.0114531805738806,0.0220760181546211,0.0102160181850194,0.0050279069691896,92.1049781560898,3.891817535747284,88.52541971206665,90.85957908630373,93.52059841156006,88.63513278961182,98.98416078090668,-0.6322766363620758,0.0670915684265761,-0.624610111117363,-0.6700264364480972,-0.721711739897728,-0.6267466396093369,-0.518288254737854,-0.0011238571256399,0.0022477142512798,0.0,0.0,0.0,-0.0056192856281995,0.0,113.93058211803437,24.984519098944915,161.14751625061035,112.81341552734376,107.99580764770508,98.77805316448212,88.91811800003052,-0.5332567691802979,0.1801178081701695,-0.2060795873403549,-0.7409441024065018,-0.5753004848957062,-0.5117031335830688,-0.6322565376758575,0.0013672499917447,0.0027344999834895,0.0,0.0,0.0,0.0068362499587237,0.0,100.0,0.0,100,100,100,100,100
-300,120.93237353238192,3.294277167115993,114.72286571155897,121.91367201371628,124.60647132179952,121.8393336209384,121.57952499389648,-0.2583509185097434,0.0174339417200388,-0.280011003667658,-0.24795494296334,-0.230229226025668,-0.2689657319675792,-0.2645936879244717,0.0028661052463576,0.0056026849481626,-0.0056162090040743,0.0101316329091787,-0.0008956691017374,0.0070389630272984,0.0036718084011226,91.99073433876038,3.8898150774503906,88.24701309204102,90.68267774581908,93.53465032577516,88.67561101913452,98.8137195110321,-0.6296285390853882,0.0687705059894004,-0.6191880106925964,-0.6665875017642975,-0.7219848036766052,-0.6275351792573929,-0.5128472000360489,0.0006032199598848,0.0038511980748791,-0.0026654612738639,0.0,0.0,-0.0022940638009458,0.0079756248742342,113.82451918125152,24.96000221036463,160.96567058563232,112.65514945983888,108.01008820533752,98.80741250514984,88.68427515029907,-0.5314373910427094,0.1796076345503489,-0.2038766890764236,-0.7374329417943954,-0.5755277872085571,-0.5126456469297409,-0.6277038902044296,0.0011713938787579,0.0014595158321353,0.0033525750041007,0.0,0.0025043943896889,0.0,0.0,100.0,0.0,100,100,100,100,100
-275,120.5132750077681,3.021368400372038,114.91511882435192,120.385817787864,123.84628469293769,121.3117658441717,122.10738788951528,-0.2616052508354187,0.0175809900185922,-0.2877889329736883,-0.2495914860205217,-0.2362064610828053,-0.2691429636695168,-0.2652964104305614,0.0031999678350985,0.0081473475064414,-0.0128195052966475,0.0080361841246485,0.0094999363645911,0.0052735130302608,0.0060097109526395,91.968856549263,3.879306849562744,88.25100994110107,90.6106915473938,93.6747875213623,88.60467958450317,98.70311415195464,-0.6291143536567688,0.0684479562316261,-0.6192664951086044,-0.6640231758356094,-0.7235244363546371,-0.624424621462822,-0.514333039522171,-0.0006208989070728,0.0008933343404853,0.0,-0.0008110100170597,0.0,-0.0022934845183044,0.0,113.66258492469788,25.0388615964615,160.9903163909912,112.35686111450195,107.86956596374512,98.56601023674013,88.53017091751099,-0.5276468247175217,0.1776080900408058,-0.2044899612665176,-0.7308063358068466,-0.573292151093483,-0.5049420595169067,-0.6247036159038544,0.0014858230017125,0.0059058878331264,0.0,0.0,0.0062609859742224,0.0091149993240833,-0.0079468702897429,100.0,0.0,100,100,100,100,100
-250,121.10163102583452,3.3516539885290073,114.87437265569514,120.64229306307706,124.25031315196644,122.16151601617986,123.57966024225408,-0.2605765516107733,0.0194911013176022,-0.2823017077012495,-0.2654403339732777,-0.2248603809963573,-0.2717196182771162,-0.2585607171058655,0.000694122351706,0.0095184991470951,0.0051778745837509,0.0120542459189891,-0.0064499145373702,-0.0140233384445309,0.0067117442376911,92.22666857242584,3.7704646328454783,88.55570983886719,90.92252826690674,93.66909408569336,89.11525917053223,98.8707515001297,-0.6345704287290573,0.0669578553515278,-0.625201627612114,-0.6700851172208786,-0.7234145402908325,-0.6343601495027542,-0.5197907090187073,-0.0007396611850708,0.0009484831129657,-0.0014048214070498,0.0,0.0,-0.0022934845183044,0.0,113.87552971839904,25.018992016821414,161.18413829803467,112.6337432861328,107.86360788345335,98.9354465007782,88.76071262359619,-0.5325973510742188,0.178371553519266,-0.2068880647420883,-0.7369621694087982,-0.5731980502605438,-0.5167449414730072,-0.6291935294866562,0.0002246689982712,0.0041339321071933,0.0,0.0,0.0070834974758327,0.0,-0.0059601524844765,100.0,0.0,100,100,100,100,100
-225,120.04095098322088,3.624926020069922,113.40256084095348,120.62595852938566,124.51193584095348,120.67676509510387,120.98753460970792,-0.2656918959184126,0.025497991423288,-0.3070733926512978,-0.2499006607315757,-0.2317343191667036,-0.2769756750626997,-0.2627754319797862,0.0002874526660889,0.0042568596229091,0.0066574676893651,-0.0030132117681205,0.0014033045154064,0.0020112441852688,-0.0056215412914752,92.20907316207884,3.7283040130851752,88.86998891830444,90.81972980499268,93.55570030212402,88.95579481124878,98.84415197372437,-0.6617460787296295,0.0334911843048668,-0.6262158304452896,-0.6640303730964661,-0.7170031070709229,-0.6278812140226364,-0.6735998690128326,0.0,0.0,0.0,0.0,0.0,0.0,0.0,114.16272842884064,25.65642498391298,162.93904495239258,112.21395063400269,107.8450894355774,98.80141603946686,89.01414108276367,-0.5738660395145416,0.1917243060014614,-0.2073425650596618,-0.7643963545560837,-0.5968274921178818,-0.6717502027750015,-0.6290135830640793,-0.0011468010023236,0.0022936020046472,0.0,0.0,0.0,0.0,-0.0057340050116181,100.0,0.0,100,100,100,100,100
-200,120.61312949440696,3.1791093771923764,114.50191324407405,121.24662746082652,123.79932472922586,121.82221325961028,121.69556877829812,-0.2593140190297907,0.0176145885029508,-0.2839627428488298,-0.2531872391700744,-0.2310019839893687,-0.2695371671156449,-0.2588809620250355,0.0037516950862482,0.0028160446925672,0.0,0.0067377295345067,0.0072399382479488,0.0017639644211158,0.0030168432276695,92.10361058712006,3.770175516006681,88.55715322494507,90.64203405380248,93.41870880126952,89.06084632873535,98.83931052684784,-0.6596798807382583,0.0335465758546137,-0.6201436221599579,-0.660586953163147,-0.7143535614013672,-0.629920557141304,-0.6733947098255157,0.0009173234924674,0.0065721856054083,-0.0079452702775597,0.0,0.0,0.0,0.0125318877398967,114.07638385295868,25.582356890542833,162.74000644683838,112.05278587341309,107.703195810318,98.8783084154129,89.00762271881104,-0.5728096455335617,0.1922281928337217,-0.2048814445734024,-0.7607289403676987,-0.5944675803184509,-0.6750826090574265,-0.6288876533508301,0.002379794139415,0.0089795333244002,0.0087095480412244,0.0057010208256542,0.0,0.0113926250487566,-0.0139042232185602,100.0,0.0,100,100,100,100,100
-175,120.74578358043324,3.7558518745082927,114.17626224864613,120.71164668690076,125.74717712402344,120.8138479752974,122.27998386729848,-0.2583676858381791,0.0196612719283104,-0.2887551838701421,-0.2540846141901883,-0.2271608276800676,-0.2623676820234819,-0.2594701214270158,-0.0031947462586686,0.0079313525837594,0.0047075920738279,-0.0010586919961497,-0.015435941517353,0.0048077078536152,-0.0089943977072834,92.3721373319626,3.7181427295123273,88.45200204849243,91.16244602203368,94.31145095825195,89.30684185028076,98.62794578075408,-0.6618116974830628,0.0381927990006203,-0.6181026995182037,-0.6673658788204193,-0.7282404750585556,-0.6312486231327057,-0.6641008108854294,-0.0022639806382358,0.0024065044378074,-0.0042136162519454,-0.0011468869633972,-0.0059593999758362,0.0,0.0,113.76021444797516,24.98653245241249,161.05655097961426,112.10928344726562,108.13182854652403,98.7319325208664,88.77147674560547,-0.5722283333539963,0.1919154191504007,-0.2044694870710373,-0.7620173096656799,-0.6015990972518921,-0.6687509268522263,-0.6243048459291458,0.0008898279163986,0.0033649266959176,0.0072582168504595,0.0,0.0,0.0,-0.0028090772684663,100.0,0.0,100,100,100,100,100
-150,120.71325433904474,3.3925690905470196,114.93407370827414,121.1157719005238,125.59797286987305,121.01019807295366,120.90825514359908,-0.2616485769098455,0.0203432622730559,-0.2874015407128767,-0.2524921081282876,-0.2276658307422291,-0.2731893008405512,-0.2674941041252829,0.0126945601194165,0.007927277638795,0.0073229009285569,0.0158803798258304,0.0007756889681331,0.0156436506658792,0.023850180208683,92.4018408536911,3.5931605072664743,88.68642711639404,91.29710865020752,93.99102115631104,89.44653511047363,98.58811223506927,-0.6622006595134735,0.0346535812649028,-0.6226545870304108,-0.6699725687503815,-0.7220528870820999,-0.6339563280344009,-0.6623669266700745,0.000132624618709,0.0055210917226562,0.0,-0.0039729331620037,0.0,-0.005618265364319,0.0102543216198682,113.7577579975128,25.055484381410093,161.2057638168335,112.23032855987547,107.80219316482544,98.83343195915222,88.71707248687744,-0.5727197051048278,0.1920030480280743,-0.2063122242689132,-0.7647746056318283,-0.5961147099733353,-0.6731474846601486,-0.6232495009899139,-0.0003740280866622,0.0032102343474591,0.0,0.0,0.0040888125076889,0.0,-0.0059589529410004,100.0,0.0,100,100,100,100,100
-125,120.48846893310548,2.8242905528561426,115.13586703213778,120.7446507540616,123.47032442959872,121.40440854159267,121.68709390813656,-0.2597901485183022,0.0173602811113033,-0.2822495753114873,-0.2495298385620117,-0.2329297499223188,-0.2612795829772949,-0.2729619958183982,0.0048791339620947,0.0057224107536876,0.0075021777302026,0.0059412498958408,0.0,0.0135755883529782,-0.0026233461685478,92.63812296390532,3.5893928063484486,89.14968013763428,91.26240825653076,94.4413604736328,89.56311893463135,98.77404701709747,-0.6696101367473603,0.0402630158708608,-0.6228171736001968,-0.6635941565036774,-0.7248243987560272,-0.6308024823665619,-0.7060124725103378,-0.0014044555835425,0.0017765113918886,-0.0042133666574954,0.0,0.0,-0.0028089112602174,0.0,114.280659866333,25.44839294517531,162.70744037628174,112.0220079421997,108.34935307502748,98.8080871105194,89.51641082763672,-0.5949839800596237,0.2075157604544742,-0.2051211893558502,-0.8163071721792221,-0.6160228401422501,-0.7075681984424591,-0.6299005001783371,0.0026630078442394,0.0032784774904124,0.0071842987090349,0.0,0.0061307405121624,0.0,0.0,100.0,0.0,100,100,100,100,100
-100,120.63361358642578,3.187835214439957,115.23103332519533,120.15654546564276,125.14821728793058,121.51945738358933,121.11281446977095,-0.2604706211523576,0.0201119133815307,-0.2826494195244529,-0.2717394612052224,-0.2238831194964322,-0.2565640211105346,-0.2675170844251459,0.0038325462257489,0.0086302853933322,0.0054859751835465,0.0142096979543566,0.010793836787343,-0.0015900080325081,-0.0097367707639932,92.67025265693664,3.591286676261781,89.25811767578125,91.69675064086914,94.0911693572998,89.38383197784424,98.9213936328888,-0.6710119545459747,0.0399785058372884,-0.6249125152826309,-0.6719692647457123,-0.718086838722229,-0.6273406744003296,-0.7127504795789719,-0.0020382527261972,0.0093386321687991,-0.0042133666574954,-0.0079448008909821,-0.009931000880897,-0.0042133666574954,0.0161112714558839,114.31572453975676,25.4619603038276,162.77532291412354,112.42047500610352,107.98686385154724,98.67741882801056,89.71854209899902,-0.5954146325588227,0.2086678088397497,-0.2059660404920578,-0.8258109241724014,-0.6098923236131668,-0.7015995979309082,-0.6338042765855789,0.0046098301187157,0.0057114342710756,0.0101601332426071,0.0,0.0,0.0128890173509716,0.0,100.0,0.0,100,100,100,100,100
-75,120.59612808227538,3.1752627568740666,114.65590078180486,120.38667956265536,123.91281093250622,121.82824845747514,122.19700067693536,-0.267689655043862,0.0165871606878615,-0.2942552187226035,-0.2504856857386502,-0.2494987574490633,-0.2735320167108016,-0.2706765965981917,0.0039144180249422,0.0071018548779133,0.0143792517483234,0.0071812849491834,0.004163094330579,0.0010600027162581,-0.0072115436196327,92.89160897731782,3.523929378001134,89.35148048400879,91.55069637298584,94.76088237762453,89.94046020507812,98.85452544689178,-0.6756519615650177,0.040303707952819,-0.6267164945602417,-0.6705301254987717,-0.7324433326721191,-0.6391278952360153,-0.7094419598579407,0.0016311774495989,0.0038613603522439,0.0,0.0,0.0,-0.0011467558797448,0.0093026431277394,114.112518286705,25.02215670657618,161.62878322601318,112.07791996002196,108.42867159843443,98.92355835437776,89.50365829467773,-0.5973014235496521,0.206949202856194,-0.2089882791042328,-0.817644014954567,-0.6173644363880157,-0.7128548473119736,-0.6296555399894714,0.0029000289738178,0.0058000579476356,0.0,0.0,0.0,0.0145001448690891,0.0,100.0,0.0,100,100,100,100,100
-50,120.40550190318716,3.531678037765318,113.5393524169922,121.75265780362216,123.6787241155451,121.81923363425516,121.23754154552113,-0.2627700426361777,0.0182183438233062,-0.2908950285478072,-0.255103051662445,-0.2348821271549571,-0.2650009231133894,-0.2679690827022899,0.0042537999688647,0.007059041118974,0.0162065550684928,-0.0008199579897336,-0.0005864052800461,0.0084800217300653,-0.0020112136844545,92.76848306655884,3.585271527084577,89.12020587921143,91.74015140533449,94.37861061096191,89.68602752685547,98.91741991043092,-0.6736012428998948,0.0408289074123118,-0.6222496628761292,-0.6741886734962463,-0.7250785976648331,-0.6342094242572784,-0.7122798562049866,-0.001472768257372,0.0024783152842337,-0.0022934663575142,0.0,0.0008883433183655,-0.0059587182477116,0.0,114.0189817905426,24.987213093594217,161.48057460784912,112.25076484680176,108.03485155105592,98.73889708518982,89.5898208618164,-0.5950740218162537,0.2075470864634146,-0.2071626037359237,-0.8217671811580658,-0.6107034534215927,-0.7044168710708618,-0.6313199996948242,0.005649512540549,0.0048428772488387,0.0,0.0068437163718044,0.0100114569067955,0.0113923894241452,0.0,100.0,0.0,100,100,100,100,100
-25,120.87141134088692,3.1586029643718696,114.87949128584428,121.33625030517578,124.2327485518022,122.200119712136,121.7084468494762,-0.2608616731383584,0.0156629209957227,-0.282095578583804,-0.262026537548412,-0.2334172888235612,-0.2613257819955999,-0.2654431787404147,-0.0030493540747556,0.0062561809732373,0.0031384120229631,-0.0150624122470617,-0.0021942490711808,-0.0004794030392076,-0.0006491180392913,93.01348309516906,3.5634465978777428,89.36965370178223,92.13761806488036,94.67049503326416,89.82947158813477,99.0601770877838,-0.6762775361537934,0.0440905214108017,-0.6227184981107712,-0.6760217398405075,-0.7246957570314407,-0.6315820217132568,-0.7263696640729904,-0.0009589920286089,0.0008113144939534,-0.001404411275871,-0.0019861375913023,-0.001404411275871,0.0,0.0,114.58475995063782,25.28607698471202,162.6821584701538,112.61314487457275,108.64086627960204,98.79843068122864,90.18919944763184,-0.6216184586286545,0.2339052943336144,-0.2055068463087082,-0.9240696579217912,-0.6254722028970718,-0.7145298719406128,-0.6385137140750885,-0.0005617645103484,0.0011235290206968,0.0,0.0,0.0,0.0,-0.0028088225517421,100.0,0.0,100,100,100,100,100
0,120.55538087324662,3.410935719069992,114.35600350119851,120.76727745749734,124.81506729125977,121.24947322498667,121.58908289129084,-0.2688872922550548,0.0213544435908632,-0.3001560460437428,-0.2650160789489746,-0.2354311888868158,-0.280567472631281,-0.2632656747644598,0.0073786405846476,0.0128460754164601,0.0145884314551949,0.0115478197112679,0.0125412391498684,0.0163165889680385,-0.0181008763611316,93.10324754714966,3.403744461130799,89.92143726348877,92.00271224975586,94.98610877990724,89.8214521408081,98.78452730178832,-0.6765740513801575,0.0406081432853037,-0.6333550214767456,-0.6734273135662079,-0.7307552993297577,-0.6314281523227692,-0.713904470205307,-0.0007944550365209,0.0015889100730419,-0.0039722751826047,0.0,0.0,0.0,0.0,114.6173279762268,25.47864824929234,163.0275993347168,112.48773002624512,108.96835470199584,98.79255771636964,89.81039810180664,-0.6214330434799195,0.2314630525964177,-0.2098162770271301,-0.9208346009254456,-0.6310316622257233,-0.7142675518989563,-0.6312151253223419,0.0025815788656473,0.0051631577312946,0.0,0.0129078943282365,0.0,0.0,0.0,100.0,0.0,100,100,100,100,100
25,120.44623974886808,3.10355379207402,114.66970235651188,120.2795014814897,123.78691239790484,121.41801140525124,122.0770711031827,-0.2624896006150679,0.0189722723947221,-0.2862040996551513,-0.2570722157304937,-0.2310661998662081,-0.2772512273354964,-0.2608542604879899,0.000860443804413,0.00831351307438,-0.0017682996112853,-0.0137497605755925,0.0034425549674779,0.0058303237892687,0.0105474004521965,92.91121318340302,3.438872901078464,89.83328819274902,91.46637439727785,94.28080940246582,89.97553443908691,99.00005948543549,-0.6777038455009461,0.0409404032868928,-0.6316568851470947,-0.6679105907678604,-0.7221723645925522,-0.6379901021718979,-0.728789284825325,0.0,0.0,0.0,0.0,0.0,0.0,0.0,114.37819833755492,25.02511820296118,161.96878147125244,112.26906681060792,108.5562300682068,99.11124324798584,89.98567008972168,-0.6223927080631256,0.2313851775557724,-0.209457516670227,-0.9151890277862548,-0.6240351349115372,-0.7286884784698486,-0.6345933824777603,0.0035443324595689,0.0070886649191379,0.0,0.0,0.0,0.0177216622978448,0.0,100.0,0.0,100,100,100,100,100
50,120.41855871027168,3.971165436312129,113.13830531727184,121.07960753007367,125.24290535666726,121.82912583784623,120.8028495094993,-0.2636208133264021,0.0279846590653914,-0.3144078254699707,-0.2529084790836681,-0.2289151495153253,-0.2621056545864452,-0.2597669579766013,0.0099842625204473,0.0056019461776494,0.0119276698678731,0.0044034477323293,0.0115195577964186,0.0186975672841072,0.0033730699215084,92.85468859672548,3.4918691031716227,89.47723388671875,91.87932682037354,94.61037540435792,89.56237983703613,98.744127035141,-0.6752896308898926,0.0428806453930836,-0.6247943192720413,-0.6758799105882645,-0.7285196632146835,-0.6300114244222641,-0.7172428369522095,0.0,0.0,0.0,0.0,0.0,0.0,0.0,114.34752027988434,25.023600310046053,161.74131965637207,112.65342044830322,108.89908170700072,98.80954611301422,89.63423347473145,-0.620898425579071,0.2337211285120309,-0.2066624462604522,-0.925110563635826,-0.6298553496599197,-0.7150430679321289,-0.6278207004070282,0.001656405813992,0.0043740504800908,0.0,0.0102681666612625,0.0,0.0,-0.0019861375913023,100.0,0.0,100,100,100,100,100
75,120.63633984652434,3.6657469489029073,113.82369960438122,122.3107611916282,124.81938240744851,121.21068434281784,121.01717168634588,-0.2628154201941056,0.0199685387823874,-0.283569341356104,-0.2526444738561457,-0.229780224236575,-0.2664203752170909,-0.2816626863046126,0.0152812995016574,0.0125350372437001,-0.0064834076911211,0.0297485534101724,0.0234363935887813,0.0106240902096033,0.0190808679908514,93.05569176673887,3.554848134445856,89.57910633087158,91.88216781616212,94.76622009277344,89.91709613800049,99.13386845588684,-0.6832520008087158,0.0517604552183604,-0.6267413049936295,-0.6710992455482483,-0.7265335321426392,-0.633256584405899,-0.7586293369531631,-0.000678112427704,0.0008506441625707,-0.0019861452747136,0.0,-0.0014044168638065,0.0,0.0,114.7845905303955,25.47856719403064,163.24659252166748,112.56658840179443,109.0151104927063,99.0150752067566,90.07958602905272,-0.673562228679657,0.2840617006669807,-0.2075248658657074,-1.0961131006479263,-0.6746483147144318,-0.7531366944313049,-0.6363881677389145,0.0,0.0,0.0,0.0,0.0,0.0,0.0,100.0,0.0,100,100,100,100,100
100,119.49250848943538,3.5222444994416473,112.66168559681286,120.66007960926405,122.84519611705431,120.86892422762784,120.4266568964178,-0.2692092494531111,0.0201211000337264,-0.3032620549201965,-0.2587074149738658,-0.241914461959492,-0.2699862285093827,-0.2721760869026184,0.0036285251844674,0.0092617251425808,0.0115785226225852,0.0132012544199824,0.0077576925978064,-0.0105594061315059,-0.003835437586531,93.00310525894164,3.4147946958611533,89.72068214416504,91.774263381958,94.62050342559814,90.02191543579102,98.87816190719604,-0.6808640480041503,0.0470035840685198,-0.6294713318347931,-0.6690234690904617,-0.7237361967563629,-0.6352774053812027,-0.7468118369579315,-0.0003972290549427,0.0007944581098854,0.0,-0.0019861452747136,0.0,0.0,0.0,114.69669852256774,25.579817970880423,163.33553791046145,112.46481990814208,108.86183547973631,99.09168982505798,89.72960948944092,-0.6719890594482422,0.2831963942136878,-0.2086311131715774,-1.093099623918533,-0.6718878448009491,-0.7566833645105362,-0.6296433508396149,0.0025820966809988,0.0051641933619976,0.0,0.012910483404994,0.0,0.0,0.0,100.0,0.0,100,100,100,100,100
125,120.21736824729226,3.1079823843704815,114.26862023093484,121.06170376864348,123.44619750976562,121.23585198142312,121.07446774569424,-0.2650996901772239,0.0166772924938987,-0.2910821546207774,-0.2429762536829168,-0.2517298839308999,-0.2708910215984691,-0.2688191370530562,0.0033038202207535,0.0058989977353728,0.0137839559465646,0.0030001716222614,0.0,-0.003975261002779,0.0037102345377206,92.94880833625794,3.6109732622899866,89.67646884918213,91.4986343383789,94.8528995513916,89.62583637237549,99.09020256996156,-0.6332594305276871,0.0630671329544204,-0.6286194920539856,-0.6601357758045197,-0.724461019039154,-0.6233999580144882,-0.5296809077262878,-0.0005617667455226,0.0011235334910452,-0.002808833727613,0.0,0.0,0.0,0.0,114.5789528131485,25.12763343394627,162.26248168945312,112.39688682556152,109.34391069412231,98.94082224369048,89.95066261291504,-0.672652643918991,0.2823123871687076,-0.207989290356636,-1.091086968779564,-0.6805712282657623,-0.7497110366821289,-0.6339046955108643,0.0,0.0,0.0,0.0,0.0,0.0,0.0,100.0,0.0,100,100,100,100,100
150,120.40138355601918,3.3451238047087832,114.72618692571469,119.74822616577148,124.972824790261,120.61902653087267,121.94065336747605,-0.2587264678694985,0.0203717486735412,-0.2848341139880093,-0.2477417588233947,-0.2256741415370594,-0.2708200541409579,-0.264562270858071,0.0122254078043624,0.0130953321474827,-0.0017083069542422,0.035921785980463,0.0063781146891415,0.0047943335957825,0.0157411117106676,92.84131178855895,3.642542774170424,89.4791784286499,91.44464492797852,94.65258693695068,89.54740715026855,99.08274149894714,-0.6311753451824188,0.0620590939226033,-0.6248161345720291,-0.6590993106365204,-0.7206243276596069,-0.621892511844635,-0.5294444411993027,0.0009747998556122,0.0048598674770736,-0.0014044168638065,-0.0039727920666337,0.0,0.0,0.0102512082085013,114.4873271226883,25.098502022205217,162.135648727417,112.34557342529295,109.13191318511964,98.88312113285065,89.94037914276123,-0.6707016825675964,0.2822132613299029,-0.2064380794763565,-1.0895660668611526,-0.6767522394657135,-0.7470451891422272,-0.6337068378925323,0.0065587564138695,0.0049150241939236,0.0101597476750612,0.0,0.0112364180386066,0.0102509148418903,0.0011467015137895,100.0,0.0,100,100,100,100,100
175,120.41278381347657,3.665711240544704,114.08627249977803,120.39589829878372,125.55316474220967,120.9276192405007,121.10096428611062,-0.2660021792758595,0.0207691911368108,-0.2926641540093855,-0.2600971785458651,-0.2304894382303411,-0.2688498605381358,-0.2779102650555697,0.0071658235043287,0.0138900088240323,-0.0044383481144905,0.0269870497286319,-0.0120926974341273,0.0143107948824763,0.0110623184591531,93.11467137336732,3.513048801726936,89.65486431121826,92.23106575012208,94.68423080444336,89.88392066955566,99.1192753314972,-0.6292504847049714,0.0648272252778417,-0.6190705299377441,-0.6684154868125916,-0.7153063714504242,-0.6234624683856964,-0.5199975669384003,0.0,0.0,0.0,0.0,0.0,0.0,0.0,114.92168292999268,25.617382822830873,163.59609127044678,113.15034675598145,108.80710983276369,98.98147773742676,90.07338905334473,-0.7014940500259399,0.4148505958568135,-0.2072068899869918,-1.4605135321617126,-0.696953535079956,-0.5157016068696976,-0.6270946860313416,0.0007944612763822,0.0015889225527644,0.0,0.0,0.0,0.0,0.003972306381911,100.0,0.0,100,100,100,100,100
200,120.8177438215776,3.2936704725051005,114.76897465098988,121.1427047035911,124.79182468761095,121.35792402787642,122.0272910378196,-0.2618457317352295,0.0211576353217168,-0.2853932814164595,-0.2513737678527832,-0.2285786487839438,-0.2834204056046225,-0.2604625550183383,0.0013943740632385,0.008963675458015,0.0135054634883999,-0.0101266028359532,-0.0065823830664157,0.009051033295691,0.0011243594344705,93.14219946861267,3.4441558967259427,89.54585456848145,92.13260173797607,94.884202003479,90.20253276824953,98.94580626487732,-0.6293595373630524,0.0674760218055821,-0.6169804185628891,-0.6665318757295609,-0.7191252410411835,-0.6295704543590546,-0.5145896971225739,0.0015469857258722,0.0023105521704785,0.0017764692893251,0.0059584593400359,0.0,0.0,0.0,114.92984786033632,25.600188131073853,163.52641487121582,113.0557165145874,109.01899909973145,99.2133252620697,89.83478355407715,-0.7019427418708801,0.4133005129457496,-0.2063464671373367,-1.4570033997297287,-0.700912594795227,-0.522930458188057,-0.6225207895040512,0.0026122150942683,0.0052244301885366,0.0130610754713416,0.0,0.0,0.0,0.0,100.0,0.0,100,100,100,100,100
225,120.82077137340198,3.647258383469195,114.18298097090288,120.64737319946288,124.91263510964131,123.17577986283736,121.18508772416548,-0.2628558538176797,0.0192380742031053,-0.2898676341230219,-0.2603793469342318,-0.2301297458735379,-0.2646923877976157,-0.2692101543599909,0.0069283753633499,0.0069085215301941,0.0183070525527,0.0,0.0023455533664673,0.0114751840010285,0.0025140868965536,93.27688698768615,3.811201486542513,89.63366413116455,91.92785167694092,95.0651559829712,89.9189100265503,99.83885312080383,-0.5984743505716323,0.1203222413947538,-0.6186646372079849,-0.6609972566366196,-0.7210810780525208,-0.6222262233495712,-0.3694025576114654,0.0,0.0,0.0,0.0,0.0,0.0,0.0,114.78792428970335,25.176051498730157,162.5262861251831,112.93428611755373,109.32175493240356,99.05480098724364,90.1024932861328,-0.70230892598629,0.4117861758814259,-0.2068364024162292,-1.452495962381363,-0.7065705507993698,-0.5179884731769562,-0.6276532411575317,0.0058163709938526,0.0056187685782033,0.0123144881799817,0.0125540997833013,0.0,0.0,0.00421326700598,100.0,0.0,100,100,100,100,100
250,120.66080176613548,3.3173997765424432,114.94892848621716,120.97022594105114,125.34711421619762,120.81088395552202,121.22685623168944,-0.2599943941289728,0.0213372158472384,-0.2905317490751093,-0.2498675368048928,-0.2262270884080366,-0.2691087289289994,-0.2642368674278259,0.0040399696328677,0.0109726857691218,-0.0154602639377117,0.0138800730928778,0.0126674361526966,-0.0004410000401549,0.0095536028966307,93.12936849594116,3.645589661623781,89.7245044708252,91.77600574493408,94.65123844146729,89.97922229766846,99.5158715248108,-0.5955707460641861,0.1210803325547644,-0.6204067319631577,-0.6580851227045059,-0.7131630331277847,-0.6233850121498108,-0.3628138303756714,0.0041530640795826,0.0058053519921118,0.003972306381911,-0.0019864509813487,0.0,0.0039725881069898,0.0148068768903613,114.6001121520996,25.303506496655384,162.5848274230957,112.7872438430786,108.87941932678224,99.0991277694702,89.64994239807129,-0.6982476532459259,0.4098157139698223,-0.207553431391716,-1.4470350444316864,-0.6983032822608948,-0.5193695574998856,-0.6189769506454468,0.005804986692965,0.0071837708581337,0.0,0.0161401629447937,0.0,0.0128847705200314,0.0,100.0,0.0,100,100,100,100,100
275,120.19491729736328,3.7330656349265703,113.6262872869318,121.16805891557172,125.14329598166726,119.85170260342684,121.18524169921876,-0.2686711679805408,0.0251759700397117,-0.3024315292185003,-0.2623376196080988,-0.2256876013495705,-0.2796649932861328,-0.2732340964404019,0.0068009155918844,0.0043768799562504,0.0125533035025,0.0068736332468688,0.006377930752933,0.0089947385713458,-0.0007950281142257,93.39005513191223,3.759841886674069,89.95114231109619,92.1492166519165,95.12100791931152,89.86583709716797,99.86307168006896,-0.594741827249527,0.1203044223114153,-0.6172230243682861,-0.6593049466609955,-0.7160638719797134,-0.6155879646539688,-0.365529328584671,0.0012498024385422,0.0015436516488779,0.0028088670223951,0.0,0.0,0.0034401451703161,0.0,115.23417921066284,25.64803586558892,164.01969814300537,113.17752170562744,109.12063884735107,99.5457444190979,90.30729293823242,-0.7742775395512581,0.6297975948391914,-0.2078530266880989,-1.9832125008106232,-0.6971423029899597,-0.3591320663690567,-0.6240478008985519,0.0082031283061951,0.0055917940204238,0.0102609936147928,0.0,0.0125096989795565,0.0148048037663102,0.0034401451703161,100.0,0.0,100,100,100,100,100
300,120.61239651766692,3.1563907615117506,114.72309043190695,120.45136260986328,123.95017103715377,121.59157805009322,122.3457804593173,-0.2665936784310774,0.0188568179595715,-0.2960301908579739,-0.2591137344186956,-0.2384513074701482,-0.2743937535719438,-0.2649794058366255,0.0063878123532049,0.0080506005010224,0.0094756195321679,0.0200791675597429,-0.0031029053498059,0.0004590062308125,0.0050281737931072,93.41773552894593,3.5966469557040375,89.98622035980225,92.09969329833984,94.7684726715088,90.44990158081056,99.7843897342682,-0.5952625304460526,0.1200080301674879,-0.6178954541683197,-0.6583579778671265,-0.709338366985321,-0.6267799735069275,-0.363940879702568,0.0027806363068521,0.0034630036172309,0.0,0.0059585063718259,0.0,0.0079446751624345,0.0,115.21582717895508,25.646503194703527,164.04223346710205,113.12909698486328,108.74408340454102,99.96584415435792,90.19787788391112,-0.7737425401806831,0.6280199902117526,-0.2081316486001014,-1.9808676689863205,-0.6901630908250809,-0.3675988018512726,-0.6219514906406403,0.002846666239202,0.0040137242664365,0.0102609936147928,0.0,0.0,0.0,0.0039723375812172,100.0,0.0,100,100,100,100,100
325,120.70711669921874,3.7091034433375887,113.94768870960584,120.35420781915838,125.09523981267756,122.01205895163795,122.12638820301405,-0.2616276101632551,0.022803155363676,-0.2993842038241299,-0.2528645721348849,-0.2286302501505071,-0.2642325379631736,-0.2630264867435802,0.0136112345615401,0.0097643159448465,0.0059846020303666,0.0281983446329832,0.0129002956673502,0.0201230160892009,0.0008499143877997,93.3311246395111,3.9733710715883217,89.67894554138184,91.79212474822998,94.7104549407959,90.03782749176025,100.43627047538756,-0.5853782027959824,0.130196456826738,-0.612005427479744,-0.6529052555561066,-0.7087021172046661,-0.6191689372062683,-0.3341092765331268,0.0007945741526782,0.0015891483053565,0.0,0.0,0.0039728707633912,0.0,0.0,114.91951656341551,25.13738843085913,162.65090465545654,113.04473114013672,108.93772411346436,99.82252311706544,90.1416997909546,-0.772337692975998,0.6272466801888924,-0.2055704742670059,-1.9767831563949585,-0.693750873208046,-0.3647089302539825,-0.6208750307559967,0.0070814881473779,0.0086730197981048,0.0,0.0,0.0176913868635892,0.0177160538733005,0.0,100.0,0.0,100,100,100,100,100
350,120.21744731556284,3.5235043369240517,113.7575409629128,120.88527818159623,124.55197975852272,121.10216522216795,120.79027245261452,-0.2706466999920932,0.0300666876823861,-0.313209360296076,-0.248666915026578,-0.2271475304256786,-0.2880454496903853,-0.2761642445217479,0.0112129011598881,0.0077665078716247,0.0054857949726283,0.0004786087374668,0.0107485717162489,0.0174271315336227,0.0219243988394737,93.5194128036499,3.9002131389397703,90.19032096862792,91.88440704345705,94.53855037689208,90.32071208953856,100.66307353973389,-0.5889354526996613,0.1289318546133848,-0.6218066960573196,-0.6546719819307327,-0.7054194360971451,-0.624593198299408,-0.3381859511137008,0.0008560220710933,0.0010529045651579,0.0,0.0022937378380447,0.0,0.0019863725174218,0.0,115.07292342185974,25.185023225538707,162.98626136779785,113.13537502288818,108.75300216674805,100.0277488231659,90.46222972869872,-0.7754011273384094,0.6274512599110066,-0.2096545696258545,-1.9811633378267288,-0.6903267055749893,-0.3688448816537857,-0.6270161420106888,0.0077036273665726,0.0073917590692175,0.0,0.0177548266947269,0.0,0.0148048037663102,0.0059585063718259,100.0,0.0,100,100,100,100,100
375,120.62186147516424,3.919410645196306,113.37628069790928,121.15926153009588,125.30499406294388,121.7749533219771,121.49381776289506,-0.2595667167143388,0.0214329318060804,-0.2952471646395596,-0.2477028424089605,-0.2301199815490029,-0.2622278820384632,-0.2625357129357077,0.0123795474879443,0.0202803606363065,-0.0059637697413563,0.049692153930664,0.0076790954917669,0.0153412455692887,-0.0048509878106415,93.54176068305968,4.01153450096827,89.75639152526855,92.09491062164308,95.02034091949464,90.18367099761964,100.65348935127258,-0.5842519998550415,0.129547165022749,-0.6082062423229218,-0.6529170125722885,-0.7087049782276154,-0.6163838058710098,-0.335047960281372,0.0011235821992158,0.001637888438383,0.0,0.0014044777490198,0.0,0.0042134332470595,0.0,115.43606910705566,25.606054031814732,164.24241638183594,113.08166122436523,108.94305324554443,100.4681043624878,90.44511032104492,-0.7918749392032624,0.6813232820493875,-0.2054193317890167,-2.105979561805725,-0.6948521286249161,-0.331738144159317,-0.6213855296373367,0.0027399552986025,0.0042181379243171,0.0108908209949731,0.0,0.0,0.0,0.0028089554980397,100.0,0.0,100,100,100,100,100
400,120.7171518499201,3.644454091053525,114.18129522150213,122.5286532315341,125.18532770330256,121.30013691295277,120.39034618030897,-0.2573762080886147,0.0164613733119903,-0.2821968522938815,-0.2478646744381297,-0.2332602034915577,-0.2655205130577087,-0.2580387971617959,0.0090230759931728,0.008004282055249,0.0083689149469137,0.0009164636721834,0.0152086177840828,0.020621383562684,0.0,93.61703233718872,3.8343716252284175,90.2101345062256,92.36952018737792,95.20305919647215,89.99730205535889,100.30514574050903,-0.585775625705719,0.1333727550449081,-0.616890162229538,-0.6581603735685349,-0.7121845781803131,-0.6128174066543579,-0.3288256078958511,0.0013903621584177,0.001486359668667,0.0019862316548824,0.0,0.0009931158274412,0.0039724633097648,0.0,115.46384329795838,25.816620251210807,164.5392255783081,113.35132884979248,109.13908863067628,100.33626532554626,89.95330810546875,-0.7937322095036506,0.6867208321328239,-0.2090558037161827,-2.1197609454393387,-0.6984875053167343,-0.3293813467025757,-0.6119754463434219,0.0004587004892528,0.0009174009785056,0.0,0.0,0.0,0.0,0.002293502446264,100.0,0.0,100,100,100,100,100
425,121.36065895774148,3.162086201274675,115.41935938054866,121.08915571732956,124.51248827847569,122.92566819624469,122.85662321610884,-0.2590060039000078,0.0182338881016692,-0.2839914939620278,-0.2538400509140708,-0.228415537964214,-0.2614225853573192,-0.267360351302407,0.0057002201210707,0.0105052802849834,0.0119274733588099,0.0035220391582697,0.0186168048530817,-0.0127205783501267,0.007155361585319,93.39476823806764,4.175623518594421,89.79614639282227,91.82315158843994,94.54924964904784,89.81860160827637,100.98669195175172,-0.5800471365451813,0.1317264866215696,-0.6089670956134796,-0.6508467048406601,-0.7029069364070892,-0.6120143830776215,-0.3255005627870559,0.0022570814937353,0.0036041069412696,0.0,0.0,0.0,0.0019862158223986,0.0092991916462779,115.08702092170716,25.110634906874015,162.8355894088745,113.10371112823486,108.76517915725708,100.41523146629332,90.31539344787598,-0.7907845377922058,0.6820745838223835,-0.2055798918008804,-2.107097327709198,-0.6915512531995773,-0.3307903707027435,-0.6189038455486298,0.0035509835928678,0.0071019671857357,0.0,0.0177549179643392,0.0,0.0,0.0,100.0,0.0,100,100,100,100,100
450,120.35507264570757,3.3460327767745697,114.15713917125356,121.42979015003552,124.30858473344284,120.72092888572,121.15892028808594,-0.2623879985375838,0.0213839257372804,-0.2978182976896112,-0.2520325725728815,-0.2328703295100819,-0.2692277539860118,-0.2599910389293324,0.0081661684438586,0.0023415612697081,0.0099414996802806,0.0089090447872877,0.0103427441790699,0.0038246726617217,0.007812880910933,93.48925075531004,4.068783590213271,90.11742782592772,91.94620132446288,94.65805149078368,89.85582733154297,100.868745803833,-0.5818984299898148,0.133472104521971,-0.6151160597801208,-0.6531994491815567,-0.7049821019172668,-0.6127274334430695,-0.3234671056270599,0.0040910402312874,0.0054070461264792,0.0,0.0039729801937937,0.0,0.0019862158223986,0.0144960051402449,115.14872317314148,25.213974785983325,163.04798030853271,113.2251033782959,108.88245010375977,100.44187998771667,90.14620208740234,-0.7924227565526962,0.6840643951578775,-0.2081601917743683,-2.113296553492546,-0.6937250941991806,-0.3312653005123138,-0.6156666427850723,0.0059222266077995,0.0067604868449267,0.0,0.0,0.0176915526390075,0.0091106249019503,0.0028089554980397,100.0,0.0,100,100,100,100,100
475,120.21961163607509,3.101073083770171,114.2546043395996,121.59031434492633,123.18198186700994,121.5434622331099,120.52769539572976,-0.2717315619642084,0.0171656797258575,-0.2865621393377131,-0.2531405687332153,-0.2486138994043523,-0.2827119556340304,-0.2876292467117309,0.0022945953824091,0.0099644111238725,-0.0081272041425108,0.0004786099598277,0.0005171234952285,-0.0025965706445276,0.021201018244028,93.64010944366456,4.070083865133478,89.91272068023682,91.92553424835204,94.94188976287842,90.43149280548096,100.98890972137453,-0.5804511338472367,0.1328281345116093,-0.6086598187685013,-0.6471099555492401,-0.7045846432447433,-0.6185778379440308,-0.3233234137296676,0.0016085010487586,0.0008209872443626,0.0019862316548824,0.0019862316548824,0.002293502446264,0.0017765394877642,0.0,115.52200889587402,25.62485118804348,164.3652687072754,112.94117259979248,108.95217657089232,101.14959001541138,90.20183658599854,-0.718934117257595,0.5381294411977351,-0.2069231495261192,-1.72910837829113,-0.7183746844530106,-0.326076477766037,-0.6141878962516785,0.0007944926619529,0.0015889853239059,0.0,0.0,0.0,0.0,0.0039724633097648,100.0,0.0,100,100,100,100,100
500,120.2321675387296,3.3511137398684023,113.72265590320934,120.8359111439098,123.12570641257548,121.23716389049184,122.23940034346148,-0.2716820305044,0.0334632163740346,-0.3293801871213046,-0.2537725025957281,-0.2278979637406089,-0.2702099139040166,-0.2771495851603421,0.0085262327454984,0.0127274661782944,0.0164574291557073,0.0067005394957959,-0.0146292028948664,0.022627068683505,0.0114753292873501,93.62586030960082,4.125777957791902,90.22282886505128,91.99197196960448,94.72088432312012,90.03391075134277,101.1597056388855,-0.5801140695810318,0.1309295651493167,-0.6145891100168228,-0.6483775526285172,-0.700378879904747,-0.6109771728515625,-0.3262476325035095,0.0028988026082515,0.0057976052165031,0.0,0.0,0.0,0.0,0.0144940130412578,115.52135076522828,25.697462995581525,164.56953811645508,113.0065860748291,108.71315479278564,100.8717474937439,90.44572734832764,-0.7190618231892586,0.5392379312386523,-0.2094230726361274,-1.7319201976060867,-0.7138027846813202,-0.3213133215904236,-0.6188497394323349,0.0100743716582655,0.0088577225679045,0.0174129325896501,0.0,0.0230013933032751,0.0079713007435202,0.0019862316548824,100.0,0.0,100,100,100,100,100
525,120.54556642012162,3.538334365284461,113.96270682594992,120.62700028852984,124.5144316933372,122.19885808771306,121.42483520507812,-0.2635168335654519,0.0218980898864701,-0.297802366993644,-0.2564065077088096,-0.2305472222241488,-0.260591907934709,-0.2722361629659479,0.0029936109669506,0.0087972429385372,0.0162736326456069,-0.0078571187332272,-0.0050667668692767,0.0033560078591108,0.0082622999325394,93.78655395507812,4.081946117909193,89.94186305999756,92.46213340759276,95.16153812408449,90.31298446655272,101.05425071716309,-0.5832155972719193,0.1341598408167832,-0.6092168092727661,-0.6573464274406433,-0.7087632864713669,-0.6163123250007629,-0.324439138174057,0.0019282997585833,0.0026826173439971,0.0,0.0,0.0,0.0028089554980397,0.0068325432948768,115.68110189437866,25.601160639486135,164.3845977783203,113.4693832397461,109.1897644996643,101.06696891784668,90.29479503631592,-0.7245061963796615,0.5467558661940608,-0.2071588635444641,-1.7518321126699448,-0.7229182720184326,-0.3246571123600006,-0.6159646213054657,0.0093779908493161,0.0080866554434461,0.0112867364659905,0.0161405000835657,0.0194627176970243,0.0,0.0,100.0,0.0,100,100,100,100,100
550,120.50596674138848,3.4781334495071365,113.8967337174849,121.12107918479226,124.09776236794212,122.27288471568714,121.14137372103605,-0.2618116021156311,0.0261140509302918,-0.3058252388780767,-0.2522484064102173,-0.2247942252592607,-0.2611608288504861,-0.2650293111801147,0.0029075543570797,0.0080664204999628,0.0152044808492064,-0.00100393302273,-0.008292444050312,0.0004794248088728,0.0081502432003617,93.70682373046876,4.001186026780549,90.2153205871582,92.42308807373048,94.63794136047365,90.24588966369627,101.01187896728516,-0.5817177683115006,0.1327130494673986,-0.6144454032182693,-0.6566017866134644,-0.69880011677742,-0.6150297522544861,-0.3237117826938629,0.001594260148704,0.0031885202974081,0.0,0.0,0.0,0.0,0.0079713007435202,115.57468366622923,25.71737946575469,164.56465911865234,113.43105506896973,108.62354564666748,101.02027082443236,90.23388767242432,-0.7220563620328904,0.5459029409265441,-0.2093636691570282,-1.7501755952835083,-0.7120866775512695,-0.3238555341958999,-0.6148003339767456,0.0,0.0,0.0,0.0,0.0,0.0,0.0,100.0,0.0,100,100,100,100,100
575,120.33517927689986,3.4357290851290503,114.1935490694913,120.42785887284712,124.7869311246005,120.81806980479848,121.44948751276188,-0.2589029377157038,0.0221188693314609,-0.2937672625888478,-0.2468607804991982,-0.2281370108777826,-0.2555401975458318,-0.2702094370668584,0.0041905253194272,0.0080748176221412,0.0066157919354736,0.0134687349200248,-0.0060081863775849,-0.0045899460092186,0.0114662321284413,93.07862911224365,4.268861546537383,89.46389293670654,91.41354084014893,94.13848781585692,89.4767951965332,100.90042877197266,-0.5696632146835328,0.1281461021192556,-0.6000628769397736,-0.6372227966785431,-0.6890387982130051,-0.600191593170166,-0.3218000084161758,0.0038712003268301,0.0032066569272193,0.0,0.005958835594356,0.005958835594356,0.0,0.0074383304454386,115.29456901550292,25.721159128187416,164.3321352005005,112.84280681610107,108.5490255355835,100.76287841796876,89.98599910736084,-0.7140151396393776,0.5377977564859999,-0.2065160796046257,-1.7248409241437912,-0.7106607854366302,-0.3194422423839569,-0.6086156666278839,0.0022573472931981,0.0045146945863962,0.0112867364659905,0.0,0.0,0.0,0.0,100.0,0.0,100,100,100,100,100
600,120.6242831837047,3.5530804601482044,113.7133893099698,122.88217960704456,123.47036916559392,121.01262560757723,122.04285222833806,-0.2623107942667874,0.0235729575380088,-0.2967799197543751,-0.254376465624029,-0.2242770303379405,-0.2707683335651051,-0.2653522220524875,-0.0009963203920051,0.0089615074622527,-0.0069815963506698,-0.0100806942209601,-0.0027423491701483,-0.0009179938351735,0.0157410316169261,93.403581905365,4.219287702082794,89.68726444244385,91.97410106658936,94.29187774658205,89.90626525878906,101.15840101242064,-0.5757539927959442,0.1287281120110947,-0.6043240427970886,-0.6478929072618484,-0.6919514834880829,-0.60838283598423,-0.326218694448471,0.0011467702221125,0.0017765813773606,0.0,0.0,0.004587113391608,0.0011467377189546,0.0,115.60253601074218,25.65234835849078,164.48034191131592,113.39844608306883,108.71610641479492,101.06519603729248,90.35258960723876,-0.7222380548715591,0.5454138085369965,-0.2083301991224289,-1.748758628964424,-0.7138552218675613,-0.3246219456195831,-0.6156242787837982,0.0019860198721289,0.0039720397442579,0.0,0.0,0.0,0.0,0.0099300993606448,100.0,0.0,100,100,100,100,100
625,120.4896507956765,3.1770827347212074,114.71243078058416,120.8378018465909,124.46127076582476,121.47909476540303,120.95765581997958,-0.2641400965777311,0.0204644844475491,-0.2934743436900052,-0.2666632533073425,-0.23072411255403,-0.2575278824025934,-0.2723108909346841,0.0091899579856544,0.0099438229422853,0.0057465019635856,0.0023997866082936,0.0259736534208059,0.0140785668045282,-0.002248718868941,93.3011739730835,4.164518952098303,89.83135890960693,91.65450191497804,94.56166362762453,89.61928176879883,100.83906364440918,-0.5739219397306442,0.131006110677095,-0.6070722341537476,-0.6418098211288452,-0.6970736235380173,-0.6029092818498611,-0.3207447379827499,0.0015890227630734,0.0019461474795986,0.0039725569076836,0.0,0.0039725569076836,0.0,0.0,115.48585033416748,25.791945440768817,164.57610416412354,113.08174228668211,109.00997257232666,100.86340141296388,89.89803123474121,-0.7184385374188423,0.5409109269825857,-0.2095015719532966,-1.735120877623558,-0.7194755226373672,-0.3211618810892105,-0.6069328337907791,0.008372912928462,0.0047257687462342,0.0,0.0145264500752091,0.0097313588485121,0.0096626756712794,0.0079440800473093,100.0,0.0,100,100,100,100,100
650,120.33391411521218,3.39484114004765,114.03099337491122,121.36518131602894,124.33774254538795,120.96159848299894,120.97405485673384,-0.2582570346918973,0.0208406736804904,-0.2877261638641357,-0.2476859959689053,-0.225578486919403,-0.2613621625033291,-0.2689323642037131,0.0130727063398808,0.0092676089667395,0.0192961134016513,0.0033501347061246,0.0139617631211876,0.0022949846461415,0.0264605358242988,93.17278451919556,4.178848355362235,89.48118114471436,91.6533784866333,94.19355487823486,89.72009754180908,100.81571054458618,-0.5714879781007767,0.1296366787479331,-0.600392296910286,-0.6417883932590485,-0.6900840848684311,-0.6048322319984436,-0.3203428834676742,0.0023305242881178,0.0028555280287819,0.0,0.005958835594356,0.0,0.0,0.0056937858462333,115.36662244796752,25.72285890017655,164.34409427642822,113.08077239990234,108.6092791557312,100.9345760345459,89.86439037322998,-0.7164425760507583,0.5412804185218321,-0.2066607326269149,-1.735071375966072,-0.7118110656738281,-0.3223802149295807,-0.6062894910573959,0.0016104457899928,0.0032208915799856,0.0,0.0,0.0,0.008052228949964,0.0,100.0,0.0,100,100,100,100,100
675,120.49982188831676,3.2949972392729348,114.12309334494851,120.72464682839131,123.25089992176405,122.53233649513938,121.86813285134056,-0.2666475328532132,0.0213550275685837,-0.2950323603369973,-0.2802503054792231,-0.2310215559872714,-0.2634083899584683,-0.263525052504106,0.0038151434622704,0.0161004926158276,0.0193511564284563,0.0169681552797555,0.0049054389819502,-0.0258590895682573,0.0037100561894476,93.04930810928344,4.43801234263807,89.24032020568848,91.40625762939452,94.20314693450928,89.25268840789795,101.144127368927,-0.5687517523765564,0.1267151287885888,-0.5957958996295929,-0.6369891464710236,-0.6900556236505508,-0.5959703773260117,-0.324947714805603,0.0018798032309859,0.0024361261171161,0.0,0.0034403216559439,0.0,0.005958694498986,0.0,115.42172002792358,25.70352297037452,164.3420467376709,113.07788944244383,108.8945608139038,100.87815809249878,89.91594505310059,-0.7169938951730728,0.541721334994807,-0.2066352069377899,-1.7349402010440826,-0.7172666788101196,-0.3187234997749328,-0.607403889298439,0.0041927047073841,0.0053601641915174,0.0,0.0129124000668525,0.0,0.0080511234700679,0.0,100.0,0.0,100,100,100,100,100
700,120.51331794045188,4.036226523589717,113.04840608076616,120.73874421553178,125.2638483914462,121.8441328568892,121.67145815762606,-0.2674152851104736,0.0270886654484899,-0.3117687756364996,-0.2544558264992453,-0.2289781462062489,-0.2669629888101058,-0.2749106884002685,0.0074725334532558,0.0138300420146849,0.0125522054731845,-0.0110423732548952,0.0111861219629645,-0.0038946983404457,0.0285614114254713,93.1154658317566,4.383324444530296,89.29413032531738,91.28073406219482,94.32759189605711,89.56009864807129,101.11477422714232,-0.5700213193893433,0.1274261218360543,-0.596820205450058,-0.6346040815114975,-0.6924135088920593,-0.6018219888210297,-0.3244468122720718,0.002102730423212,0.0026132853981944,0.0,0.0,0.0,0.005958694498986,0.0045549576170742,115.46607217788696,25.696700275789382,164.37802696228027,112.95318412780762,109.03048038482666,101.09466409683228,89.87400531768799,-0.7171042829751968,0.5391093870500074,-0.2070749253034591,-1.7295607179403305,-0.7198658287525177,-0.3224162012338638,-0.606603741645813,0.0049042044207453,0.0060205328016574,0.0116086220368742,0.0129124000668525,0.0,0.0,0.0,100.0,0.0,100,100,100,100,100
725,121.53306260542436,2.9628762133376134,116.1766971241344,121.56740153919569,125.06375989046964,121.67669885808772,123.18075561523438,-0.2616039048541675,0.0176853641751176,-0.2808038646524602,-0.2539429664611816,-0.2342818596146323,-0.2810168320482427,-0.257974001494321,0.0049323401646688,0.0067873351580107,0.0062066768296062,-0.0019840369932353,0.0174644123762846,0.0012748586013913,0.0016997900092974,93.1852294921875,4.270776669926704,89.44962787628174,91.58778285980225,94.38690280914308,89.56264114379883,100.93919277191162,-0.5714161425828934,0.1295293034226762,-0.5997802019119263,-0.6404369473457336,-0.693537026643753,-0.6018701046705246,-0.3214564323425293,0.0,0.0,0.0,0.0,0.0,0.0,0.0,115.51119623184204,25.777018881904635,164.48158740997314,113.25855255126952,109.09538316726685,101.09670352935792,89.62375450134277,-0.7192866489291191,0.544008579313247,-0.2083427980542183,-1.742704451084137,-0.7211064994335175,-0.322449579834938,-0.6018299162387848,0.0022055082954466,0.0027640959724187,0.0,0.0,0.0,0.0064408984035253,0.0045866430737078,100.0,0.0,100,100,100,100,100
750,120.8757376237349,3.7698324279344058,113.8238525390625,121.33726050636984,124.9250533364036,121.28293020075016,123.00959153608842,-0.2619397770274769,0.0162004981104384,-0.2749624306505376,-0.2630582722750577,-0.2304601669311523,-0.2708946520631963,-0.2703233632174405,0.0007746116025373,0.0046314303498676,-0.0018348253797739,-0.0009571498958393,0.0046537085436284,0.007420037407428,-0.0054087126627564,93.2027187347412,4.397805623634193,88.9867811203003,91.83262157440186,94.32558727264404,89.69708061218262,101.17152309417725,-0.5716535687446594,0.1281010392428302,-0.5909672379493713,-0.6450869292020798,-0.6923751980066299,-0.6044286638498306,-0.3254098147153854,0.0028390050400048,0.0029594584491209,0.0079450830817222,0.0,0.0,0.0039724633097648,0.0022774788085371,115.5701961517334,25.582745341192343,164.1745567321777,113.50211238861084,109.02860832214355,101.19172668457033,89.95397663116455,-0.7219557940959931,0.5481541796246303,-0.2045789062976837,-1.7531740069389343,-0.7198285609483719,-0.3240688294172287,-0.6081286668777466,0.0061247022822499,0.0037808718236666,0.0092346025630831,0.0074549778364598,0.0102152768522501,0.0037186541594564,0.0,100.0,0.0,100,100,100,100,100
775,120.8898370222612,2.766530841273679,115.7676263289018,121.42044518210672,123.7925262451172,120.76011241566052,122.7084749395197,-0.2586051854220303,0.0183997724224127,-0.2836265672336925,-0.2498722401532259,-0.2290702624754472,-0.2691257270899685,-0.2613311301578175,0.0067450061207637,0.0067864158237393,0.0073217996396124,0.0023995446972548,-0.0017911960603669,0.0184871554374694,0.0073077268898487,93.17934732437134,4.3197521987754355,89.56191825866699,91.56355094909668,94.1281852722168,89.51092910766602,101.1321530342102,-0.5689566433429718,0.1265049160961494,-0.5992689728736877,-0.6372700929641724,-0.6858534067869186,-0.5982027947902679,-0.3241879492998123,0.0,0.0,0.0,0.0,0.0,0.0,0.0,115.44622545242308,25.751973002074372,164.46364784240723,113.09205627441406,108.8164701461792,101.00964784622192,89.84930515289307,-0.7172855705022811,0.5416767243832742,-0.2081228047609329,-1.7355260998010635,-0.7201178520917892,-0.3199553340673446,-0.6027057617902756,0.0011915978975594,0.0023831957951188,0.0,0.0,0.0,0.0,0.005957989487797,100.0,0.0,100,100,100,100,100
800,121.22591143521394,3.1909163162327774,115.7846450805664,121.02968874844638,125.64089619029652,122.5528810674494,121.12144608931108,-0.2614682641896335,0.019310364649389,-0.2903211550279097,-0.2584730820222334,-0.2306240092624317,-0.2585214268077503,-0.269401647827842,-0.0022355388733558,0.0116452380104539,0.0136644374579191,-0.0142845269292593,-0.0164533033967018,0.0064256810583174,-0.0005299825570546,93.18169584274293,4.177905671879512,89.63493728637695,91.72057056427002,94.06314945220949,89.620436668396,100.86938524246216,-0.5691087007522583,0.1284985810247759,-0.6006564050912857,-0.6402477025985718,-0.6846225261688232,-0.6002835780382156,-0.3197332918643951,0.0031780079938471,0.0040899493046824,0.0059587652795016,0.0,0.0099312746897339,0.0,0.0,115.41292686462404,25.838168990660257,164.51237773895264,113.24798107147215,108.74549198150636,101.08622646331789,89.4725570678711,-0.7173014849424362,0.5442102589149306,-0.2087184190750122,-1.742234006524086,-0.7187567949295044,-0.3212538957595825,-0.595544308423996,0.0026577363722026,0.0032575923229981,0.0,0.0068478342145681,0.0,0.006440847646445,0.0,100.0,0.0,100,100,100,100,100
825,120.72269703258168,3.518413054663104,113.97071942416105,121.27412137118252,124.12956931374288,122.61641589078036,121.62265916304156,-0.2628874843770807,0.0224078573717125,-0.2952242005955089,-0.2538042989644137,-0.2287960702722722,-0.2593220363963734,-0.2772908156568354,-0.0022594839334487,0.0122925919562998,-0.0095483167096972,0.016749195754528,-0.0187307689338922,-0.0052916659042239,0.0055241361260414,93.12145509719848,4.34020232544256,89.33259868621826,91.60993957519533,94.18331813812256,89.43396186828613,101.04745721817017,-0.5678891122341156,0.1270862408347368,-0.5949098318815231,-0.6381494551897049,-0.6868961453437805,-0.5967395603656769,-0.3227505683898926,0.0035752588883042,0.0044235997835981,0.0099312746897339,0.0079450197517871,0.0,0.0,0.0,115.40224761962892,25.72060031475321,164.3120346069336,113.1383171081543,108.8770022392273,100.95635271072388,89.72753143310547,-0.7168979614973068,0.5430049950488278,-0.206263929605484,-1.7375093698501587,-0.7212771773338318,-0.3190483599901199,-0.6003909707069397,0.0016140500083565,0.0032281000167131,0.0,0.0080702500417828,0.0,0.0,0.0,100.0,0.0,100,100,100,100,100
850,120.17460972179067,3.0102081976207904,114.47333491932262,120.82977919145064,123.46510002829812,121.10020342740144,121.00463104248048,-0.2675174041227861,0.0226213343361054,-0.2891935055906122,-0.2528852874582464,-0.2348367246714505,-0.2957957766272805,-0.2648757262663407,0.0004187310580164,0.011328792477322,-0.0125016458332538,-0.0013206049334257,-0.0079511404037475,0.003671845421195,0.0201952010393142,93.40985107421876,4.124962110982791,89.79872798919678,91.96799278259276,94.37182140350342,89.94791507720947,100.96279811859132,-0.5733978539705277,0.1299127592817494,-0.6037684231996536,-0.6449387818574905,-0.6904624849557877,-0.6065049320459366,-0.3213146477937698,0.0013761177659034,0.0027522355318069,0.0,0.0,0.0068805888295173,0.0,0.0,115.62403421401976,25.806063878296353,164.6216812133789,113.49378299713136,109.08319616317748,101.31562900543211,89.605881690979,-0.7222616106271744,0.54726518286944,-0.2100545614957809,-1.7527990937232971,-0.7252313941717148,-0.3251443654298782,-0.5980786383152008,0.0039080364163964,0.0042420126238654,0.0116086220368742,0.0,0.0,0.0037186255212873,0.0042129345238208,100.0,0.0,100,100,100,100,100
875,120.4670799255371,3.3284667588729855,114.27761840820312,121.31132542003284,124.2476560419256,121.9030303955078,120.59576936201616,-0.2634283358400518,0.0169714446002321,-0.287611804225228,-0.2514198693362149,-0.2404850450429049,-0.2608521526510065,-0.2767728079449046,0.0007148956414312,0.01190330934229,-0.0155953327193856,0.0190791208297014,-0.0080600902438163,0.0057471147738397,0.0024036655668169,93.32412700653076,4.182025265662904,89.59713172912598,91.83992195129396,94.44108390808104,89.8158769607544,100.92662048339844,-0.5737428665161133,0.1299764226517684,-0.5993185490369797,-0.6452706307172775,-0.6946251392364502,-0.6067493110895157,-0.3227507025003433,0.0006832418963313,0.0013664837926626,0.0,0.0,0.0,0.0,0.0034162094816565,115.65048532485962,25.797240574585523,164.5711908340454,113.6315507888794,109.27073907852171,101.2400360107422,89.53890991210938,-0.7255162686109543,0.5515719170412376,-0.2094370573759079,-1.7635284513235092,-0.732259139418602,-0.3241449296474457,-0.5982117652893066,0.0011466517113149,0.0022933034226298,0.0,0.0,0.0,0.0,0.0057332585565745,100.0,0.0,100,100,100,100,100
900,120.32996548739348,3.039039388917419,114.71747901222922,120.64442547884856,123.91894253817472,120.83899688720705,121.5299835205078,-0.2604843453927473,0.0220966935056938,-0.2947829365730285,-0.2565373399040915,-0.2286964546550404,-0.2721076716076244,-0.2502973242239518,0.0059050323674455,0.0044768396241896,0.0044101779349148,0.0113978944718837,-0.0016452552517876,0.0091791963204741,0.0061831483617424,93.1074062347412,4.191923126872834,89.5634765625,91.62057781219482,94.17456817626952,89.4280595779419,100.7503490447998,-0.5696970075368881,0.1293488003868864,-0.5986785739660263,-0.6411031633615494,-0.6895732134580612,-0.5993655920028687,-0.319764494895935,0.004342679050751,0.0034691415736144,0.009930295869708,0.0,0.0042136823758482,0.0059590004384517,0.001610416569747,115.43968563079834,25.887996850363365,164.54891777038574,113.41337394714355,108.97935438156128,100.97159337997437,89.28518867492676,-0.7205946832895279,0.5489634994818962,-0.2091638296842575,-1.754152312874794,-0.7266530394554138,-0.3196166604757309,-0.5933875739574432,0.0022940737195312,0.0035605220466044,0.0,0.0,0.0091932024806737,0.0022771661169826,0.0,100.0,0.0,100,100,100,100,100
925,120.48499596335674,3.1614815290472325,114.78334149447356,121.34578635475852,124.51617674394087,121.16075411709872,120.61892110651188,-0.2622081312266263,0.0200748017493841,-0.292464023286646,-0.2533104582266374,-0.2310330813581293,-0.267523928122087,-0.2667091651396318,-0.0040716849500313,0.0037547461171158,-0.0011025444837287,-0.0063486467115581,-0.004414661321789,-0.0095524918287992,0.0010599195957183,93.1051139831543,4.2085664800131255,89.3733139038086,91.5706386566162,94.16131687164308,89.62887382507324,100.79142665863036,-0.5696374863386154,0.1289642490353023,-0.5950631499290466,-0.640154093503952,-0.6893218755722046,-0.6031890213489532,-0.3204592913389206,0.0033592833206057,0.0036998398566632,0.0,0.0,0.0045872768387198,0.0099316667765378,0.002277472987771,115.44114675521853,25.81398417914065,164.42210292816162,113.36379623413086,108.96505451202393,101.11074590682983,89.34403419494629,-0.720495057106018,0.5480555626964579,-0.2076110392808914,-1.7520176023244858,-0.7263774573802948,-0.3219627737998962,-0.5945064127445221,0.0069609492085874,0.0082616625195891,0.0,0.0112967891618609,0.0212307907640934,0.0022771661169826,0.0,100.0,0.0,100,100,100,100,100
950,120.44739601828834,3.086085325202564,114.8720255765048,121.10188813643022,123.82886574485086,119.89663245461205,122.53756817904386,-0.2692865393378518,0.0257466745805054,-0.288491893898357,-0.2688987092538313,-0.2241977453231811,-0.2992651408368891,-0.2655792073770003,0.0007714002626016,0.0153613317069823,0.0242559146136045,-0.0121682090684771,0.0010341076413169,0.0095525402575731,-0.0188173521310091,93.13132848739625,4.315573705309473,89.50294303894043,91.66892337799072,93.96275806427002,89.4277114868164,101.09430646896362,-0.5700104176998139,0.1264105421122727,-0.5975276380777359,-0.6420215219259262,-0.685557410120964,-0.5993587076663971,-0.3255868107080459,0.001191809400916,0.0023836188018321,0.0,0.0,0.0059590470045804,0.0,0.0,115.4938533782959,25.784743938423272,164.5089349746704,113.46173286437988,108.74795436859132,100.97173309326172,89.77891159057617,-0.7218979746103287,0.5494090368834547,-0.2086734771728515,-1.7562246173620224,-0.7222011387348175,-0.3196173906326294,-0.6027732491493225,0.0013759820722043,0.0027519641444087,0.0,0.0,0.0,0.0,0.0068799103610217,100.0,0.0,100,100,100,100,100
975,120.46878273703835,3.2207319509021946,114.75808230313388,120.0279839255593,124.55506896972656,121.83967971801758,121.16309876875444,-0.2643764701756564,0.0214746831531714,-0.3013275807554071,-0.2573467601429332,-0.2349402145905928,-0.2606412009759383,-0.2676265944134105,0.003578647179529,0.0045958281129773,-0.0011025264393538,0.0118856243789196,0.0025852504186332,0.0,0.0045248875394463,92.92549200057984,4.357537510423076,89.20584869384766,91.34799098968506,94.06748580932616,89.1430492401123,100.86308526992798,-0.5669088780879974,0.1275830332931299,-0.5953646898269653,-0.6361420750617981,-0.6877858191728592,-0.5941678583621979,-0.3210839480161667,0.0037428646348416,0.0030868842595739,0.005733598023653,0.0059585301205515,0.0070221950300037,0.0,0.0,115.674178981781,26.334763486165976,165.72134494781494,113.25550937652588,109.32527542114258,100.72292757034302,89.34583759307861,-0.6690276980400085,0.4484933147490101,-0.2073698043823242,-1.4813460111618042,-0.7396655827760696,-0.3187247365713119,-0.5980323553085327,0.00212311912328,0.00424623824656,0.0,0.0,0.0106155956164002,0.0,0.0,100.0,0.0,100,100,100,100,100
1000,120.20590237704192,3.727231031356353,113.47007474032316,120.02797144109552,124.78797912597656,121.7867282520641,120.95675832575016,-0.2672068975188515,0.0214181131595092,-0.2821879657832059,-0.2847346121614629,-0.2258745486086065,-0.2689044638113542,-0.2743328972296281,-0.0015039886347949,0.003149907411429,-0.0042966599576175,-0.0005019172094762,-0.0034417265560477,0.0042396998032927,-0.0035193392541259,92.94746208190918,4.343109273398468,88.90087413787842,91.42154026031494,94.01805019378662,89.52700901031494,100.86983680725098,-0.5673239946365356,0.1276370548924044,-0.5895513743162155,-0.6375403553247452,-0.6868479400873184,-0.6014839559793472,-0.3211963474750519,0.0039755596779286,0.0037476194851791,0.005733598023653,0.0042133168317377,0.0099308835342526,0.0,0.0,115.69300031661987,26.228061696346103,165.52108192443848,113.32900428771973,109.2708616256714,100.98861265182497,89.35544109344482,-0.6697990715503692,0.4492665248206112,-0.2048839479684829,-1.4840850979089737,-0.7386159598827362,-0.3231952339410782,-0.5982151180505753,0.0041953940875828,0.0049442790250417,0.0,0.0074535207822918,0.0123848607763648,0.0011385888792574,0.0,100.0,0.0,100,100,100,100,100
