lags,train_mse_mean,train_mse_std,train_mse_fold_1,train_mse_fold_2,train_mse_fold_3,train_mse_fold_4,train_mse_fold_5,train_corr_mean,train_corr_std,train_corr_fold_1,train_corr_fold_2,train_corr_fold_3,train_corr_fold_4,train_corr_fold_5,val_mse_mean,val_mse_std,val_mse_fold_1,val_mse_fold_2,val_mse_fold_3,val_mse_fold_4,val_mse_fold_5,val_corr_mean,val_corr_std,val_corr_fold_1,val_corr_fold_2,val_corr_fold_3,val_corr_fold_4,val_corr_fold_5,test_mse_mean,test_mse_std,test_mse_fold_1,test_mse_fold_2,test_mse_fold_3,test_mse_fold_4,test_mse_fold_5,test_corr_mean,test_corr_std,test_corr_fold_1,test_corr_fold_2,test_corr_fold_3,test_corr_fold_4,test_corr_fold_5,num_epochs_mean,num_epochs_std,num_epochs_fold_1,num_epochs_fold_2,num_epochs_fold_3,num_epochs_fold_4,num_epochs_fold_5
-1000,24.57822950205852,2.3707661243167353,29.27938093598356,23.824464031101503,23.6092208980285,22.91680643238972,23.26127521278932,0.1545259579317644,0.0797911259256005,0.001165322610177,0.2339494079351425,0.1695650815963745,0.1887122839689254,0.1792376935482025,71.29932976925012,7.13183727490945,67.00374811345881,77.54350696910511,79.30237718061967,72.77747518366033,59.869541399406664,0.0523309666663408,0.0343926098011227,0.0163601599633693,0.0291847568005323,0.0560193695127964,0.044444415718317,0.115646131336689,63.61366720777569,7.202427867255149,53.02346165974935,61.34290141770334,69.50727358731356,60.65299860636393,73.54170076774828,0.0430303540080785,0.0524527220832353,0.0635226145386695,-0.0448909886181354,0.0259612742811441,0.1148177310824394,0.0557411387562751,16.2,7.909487973314076,1,18,18,20,24
-975,25.16813532445849,2.141251876768285,25.000797193074963,24.945619740436985,23.204815363146594,29.19287457416967,23.496569751464214,0.1161048531532287,0.0730989906504129,0.1289793252944946,0.1132839694619178,0.1956784278154373,-0.0186952129006385,0.1612777560949325,70.16372965032406,4.789008743324174,71.72081109249231,68.51899869514234,78.65618757768111,66.98629795421253,64.93635293209192,0.0383558755274862,0.0390215757267116,0.0374921932816505,0.0025058488827198,0.0652883127331733,-0.0094519406557083,0.0959449633955955,62.783367687283146,9.363400099419088,57.239046270197086,53.21872300090211,68.75207762284712,56.427683685765125,78.27930785670425,0.0264963703230023,0.038279979766858,0.0555847436189651,-0.0391080863773822,0.0053657898679375,0.0494615584611892,0.0611778460443019,11.0,7.509993342207435,10,5,19,1,20
-950,23.560310894681,0.5780064403232621,24.683199990655957,23.15234523458579,23.54029110780696,23.187413136983658,23.238305003372663,0.1799947559833526,0.0529545735920495,0.1255601644515991,0.2814650237560272,0.1610507071018219,0.1679673045873642,0.1639305800199508,70.50989779848041,6.269133811945214,74.82488684220748,70.2174178614761,76.41133614742395,72.39395130041873,58.7018968408758,0.0698958925902843,0.0292106728049729,0.0464937202632427,0.0601407438516616,0.0726754069328308,0.0453710630536079,0.1247985288500785,62.71675112608707,5.6354816486672235,59.603006825302586,55.217784094088,66.85018967137192,60.722481005119555,71.19029403455329,0.0394170559942722,0.0553319962835889,0.0305335968732833,-0.0414531752467155,0.0190093293786048,0.1277016401290893,0.061293888837099,18.6,5.986651818838307,10,28,15,20,20
-925,25.741001077042416,2.7240663175112205,29.76766904850596,23.55126235411339,23.69554201106435,28.283301132241476,23.40723083928688,0.1121780221583321,0.103517229124845,-0.0056538293138146,0.266423612833023,0.143335074186325,-0.0011352564906701,0.1579205095767974,66.96638799725157,5.3371363827379215,67.84313132546164,70.94206220453435,70.63831011454265,68.87006216338186,56.53837417833733,0.0474012989550828,0.0456049296527387,0.0260421875864267,0.0283038932830095,0.0692578479647636,-0.0101097840815782,0.1235123500227928,59.593097610545875,5.289495322686361,53.78407073743416,55.802495979901515,61.32429296320135,58.15017775333289,68.9044506188595,0.0244230575859546,0.0489998231944204,0.0543857105076313,-0.0535434000194072,-0.0128332413733005,0.0653634592890739,0.0687427595257759,9.6,8.187795796183488,1,21,8,1,17
-900,25.89804732824109,2.540436887304565,29.71016790449005,24.738802496919927,23.493614943986085,28.073915742107275,23.473735553702127,0.0934239046648144,0.0654739261831862,-0.0006903829053044,0.1490847319364547,0.1599017083644867,0.0311076547950506,0.1277158111333847,69.2995169090502,5.693068710890445,69.43218306339148,70.62106750950669,78.49084634491892,67.07082661715421,60.8826610102798,0.0511014482937753,0.0436885183571448,0.0095264771953225,0.0352692194283008,0.0949284136295318,0.0052072168327867,0.1105759143829345,61.91797592928915,7.9016843214993155,55.234464471990414,55.11925437594905,68.67946335763642,56.5322292212284,74.02446821964148,0.0390445472672581,0.0366113800552063,0.0643750205636024,-0.0042238188907504,-0.0070345215499401,0.0682409927248954,0.0738650634884834,6.8,4.833218389437829,1,9,11,1,12
-875,27.03160290177336,3.0889456197726877,29.638413365354243,30.21662973620228,22.743653189275683,23.907875306827503,28.651442911207063,0.0564219405176118,0.1003759828882669,-0.0254576057195663,0.0046465252526104,0.2511276602745056,0.0505726747214794,0.0012204480590298,66.01502664739436,6.1511569094070255,67.96714852072976,63.86149828361742,74.02508013176195,68.6714482162938,55.54995808456883,0.0445758361718617,0.0285236777117942,0.024284791201353,-0.000706473190803,0.0771565809845924,0.0609584972262382,0.061185784637928,57.90685228000988,6.441141989707782,53.89191217133493,48.684370431033045,62.23403578093558,57.47080889615145,67.25313412059437,0.0225907519459724,0.0332643910969036,0.0227755215018987,-0.00595014821738,0.016987195238471,0.0849024355411529,-0.0057612443342804,7.0,9.69535971483266,1,1,26,6,1
-850,25.86396822192005,2.1157468630382046,29.061166763305664,24.78266459396205,23.824281328732205,27.67348449746358,23.978243926136763,0.0763820059597492,0.0642510420141772,0.0054866238497197,0.1414129883050918,0.1528655439615249,0.0020690062083303,0.0800758674740791,67.85596188631925,6.286269153019837,66.56448942242247,71.05184601292466,75.57162498705316,69.36652362707889,56.72532538211707,0.0461709186434745,0.0417244112764441,-0.0032307002693414,0.0585201680660247,0.0881969109177589,-0.0028618704527616,0.0902300849556922,60.37843516812179,6.251218451379823,52.641417416659266,55.63677544304819,65.52700707406709,58.581305995131984,69.50566991170247,0.0410176964476704,0.0274538039989489,0.052471574395895,-0.0113357184454798,0.0396372228860855,0.0615331828594207,0.0627822205424308,5.2,3.655133376499413,1,8,10,1,6
-825,27.078294211318813,2.5582486470549104,29.7608662143196,24.940091378910022,23.173079874097688,28.927147285225463,28.59028630404128,0.0580331858247518,0.095168834478995,-0.0259029492735862,0.1194924935698509,0.2133725732564926,-0.0358431190252304,0.0190469305962324,68.02941052985913,6.600394852330007,68.98566055297852,67.98947617501923,77.79573428992069,68.36565982934201,57.01052180203524,0.0508615644648671,0.023729838782688,0.0427527390420436,0.0517704151570797,0.0865677520632743,0.0135031202808022,0.0597137957811355,60.34699023998145,6.59169945715809,54.80522375395804,52.8902878111059,67.46247123949456,57.67581644925204,68.9011519460967,0.030537581583485,0.0237408433490156,0.0572239458560943,0.0028852091636508,0.0043318411335349,0.0560697875916957,0.0321771241724491,5.2,6.20966987850401,1,6,17,1,1
-800,26.156083749987413,2.593838354879749,29.617109200389116,25.08530437823423,23.078383514561605,24.175355400006797,28.82426625674533,0.070521607901901,0.077561056828498,-0.006729582324624,0.0662879049777984,0.2076561748981475,0.085932083427906,-0.0005385414697229,67.80711446819882,8.301196674571925,66.20809930743593,66.34076060670795,81.07762411868933,70.1766059181907,55.23248238997026,0.0583385895937681,0.0329870665397035,0.0285476129502058,0.0316012278199195,0.1049061566591262,0.0917812064290046,0.0348567441105842,59.88278848763669,7.774371749725072,52.31442526615027,51.04696411075014,70.61965959722346,58.50261670892889,66.93027675513065,0.0402843767777085,0.0412593779469814,0.0601700507104396,0.0172661803662776,-0.0106921130791306,0.1093145236372947,0.0253632422536611,6.2,6.305553108173778,1,4,18,7,1
-775,28.00846077830521,2.7705552483330296,30.062154425788172,29.910556960351688,22.586853676235553,28.546278756918365,28.936460072232276,0.060956923244521,0.0965420228181335,0.0171797834336757,0.0186770837754011,0.2537141442298889,0.0026082515250891,0.0126053532585501,66.47999472184615,5.2392240673801,67.64706259062795,67.49477548310252,73.3864043264678,66.72433113329339,57.14740007573908,0.0398285428527742,0.0330611007303213,0.0098003540188074,0.0009814605582505,0.0901553183794021,0.0358818545937538,0.0623237267136573,58.52930435484105,6.281902797189687,53.635836167769,51.82068391640981,61.951322035356,56.169808474454015,69.06887118021648,0.0386270848102867,0.0199123525776229,0.069608673453331,0.0074991383589804,0.0328164175152778,0.0426530018448829,0.0405581928789615,5.4,8.8,1,1,23,1,1
-750,26.896768909139738,2.622139154395996,28.929119758999224,24.03294401562091,23.380913075712535,28.727472511763427,29.41339518360256,0.0738546934677288,0.0977419903172273,-0.0009776601800695,0.2048858255147934,0.1797594577074051,0.0107451388612389,-0.0251392945647239,66.54789495757132,6.178128734056239,66.72302881876628,68.61539748220733,74.3378413807262,67.67698842828923,55.38621867786754,0.0804223716259002,0.0253278006419063,0.1047013327479362,0.0741922631859779,0.1148904487490654,0.051699873059988,0.0566279403865337,58.89065481171464,5.778654028679623,52.74262393604625,53.36802170132146,64.2115152532404,57.055821389862984,67.07529177810207,0.0297467371448874,0.0191269095168814,0.0467634834349155,0.0093378946185112,0.0246417876332998,0.0570272207260131,0.0109632993116974,5.0,4.898979485566356,1,11,11,1,1
-725,27.973946786664197,2.9456397256507216,28.870302780387327,30.2062375471764,22.156849521951575,29.049018555080767,29.587325528724907,0.0548382103617768,0.1127294506023088,0.0139046646654605,0.0001301989832427,0.2795429527759552,-0.0147058330476284,-0.0046809315681457,67.36080004374186,7.758770205643238,68.23811981894754,66.93579402114406,79.74454602328214,66.6129939917362,55.272546363599375,0.0521922599524259,0.0241141496395518,0.0367206260561943,0.036136832088232,0.0944843739271164,0.0300206486135721,0.0635988190770149,59.09576588941343,6.602748476505118,54.13042606006969,51.34593019160357,66.98623703465317,56.05979433926669,66.95644182147402,0.0487894546240568,0.0150385565822736,0.0724133402109146,0.0295376572757959,0.0564936101436615,0.0486589297652244,0.0368437357246875,6.0,10.0,1,1,26,1,1
-700,28.485387764763583,2.5132792549002225,31.06234858208096,29.785302417794455,23.76161373767656,29.44721342853664,28.37046065772932,0.0305898366379551,0.0613602223848702,-0.0346020609140396,0.0237299613654613,0.1464979797601699,0.0005390038131736,0.0167842991650104,66.83783530032996,6.600244768877365,67.88581709428267,68.68296345797452,75.86730332808061,66.38600025754987,55.36709236376213,0.0617088176310062,0.0355350431374289,0.0465924590826034,0.0375605747103691,0.1304994821548462,0.0340228453278541,0.0598687268793582,59.17402809460958,6.183281155558603,53.80614338499127,52.888387846224234,66.25013443917939,55.88180073824796,67.04367406440504,0.0452490895986557,0.0155875425516097,0.0703935027122497,0.0313167199492454,0.0367864146828651,0.0563865713775157,0.0313622392714023,2.2,2.4000000000000004,1,1,7,1,1
-675,28.93887065612164,0.7585799072629957,28.98801121269305,29.940499512190673,27.69702460102199,28.64000724517193,29.428810709530545,-0.0009108547121286,0.0231000756140755,-0.0087400116026401,-0.0344751514494419,-0.0083083845674991,0.0126401390880346,0.0343291349709034,64.90312695358739,4.709793020006443,65.70805416685162,67.91830600391735,65.46771413629705,69.46503858855276,55.95652187231815,0.0554201912134885,0.0214978056790017,0.0878133624792099,0.0282175447791814,0.0439387820661067,0.0449666194617748,0.0721646472811698,57.473032684759666,5.766844562970956,51.83051554361979,52.20602066950365,56.988123922637016,58.6122190880053,67.72828420003255,0.0377068638801574,0.0266735778620775,0.0491161793470382,0.0427259467542171,-0.0052102413028478,0.0755411684513092,0.0263612661510705,1.0,0.0,1,1,1,1,1
-650,28.04731094321025,2.5214878992194256,30.44764923803585,29.440206458888103,23.23915657554705,29.031396856013032,28.078145587567203,0.0374758265446871,0.0785758439747179,0.010140991769731,-0.0020842452067881,0.1931685358285904,-0.0206321813166141,0.0067860316485166,65.71983516577518,5.824235244321296,67.74904962019487,68.62798193729284,72.1193954005386,65.14137869170217,54.96137017914743,0.0782535381615161,0.0391385827060923,0.0789022967219352,0.0377910584211349,0.146024540066719,0.0414955578744411,0.0870542377233505,58.069627212755606,5.47439556287521,53.69538422786828,52.83714707692464,62.46508673465613,54.740889404759265,66.60962861956972,0.056047361716628,0.0170830159995564,0.0675033852458,0.0308362860232591,0.068754181265831,0.0728548392653465,0.0402881167829036,2.4,2.8,1,1,8,1,1
-625,27.987852853598053,2.43893308581693,29.38356054443674,29.985037685669575,23.292136398787353,27.965915856902132,29.31261378219447,0.0379244372248649,0.0739827632246162,0.0175696145743131,-0.0317182801663875,0.1795031875371933,0.0312121734023094,-0.0069445092231035,65.96113144845674,6.052758393490248,65.97526255520907,68.2364990349972,73.52094280358517,67.05090580564557,55.02204704284668,0.0767009243369102,0.0371639775511952,0.0588219910860061,0.0347268395125865,0.1431308984756469,0.0594525672495365,0.087372325360775,58.2550514531858,5.904759163607328,52.08148875381007,52.46919081066594,63.59319629091205,56.45074254816229,66.68063886237867,0.0798518449068069,0.015969442503271,0.0788328498601913,0.0574700757861137,0.0743296146392822,0.1070485040545463,0.081578180193901,2.4,2.8,1,1,8,1,1
-600,27.485172391675174,2.9374405927202507,29.018252490722027,29.61887105961436,21.663584581355455,28.44575237982052,28.679401446863547,0.0788419497665017,0.1198302724281004,0.0468982197344303,0.0118751116096973,0.3166575133800506,0.0160215888172388,0.0027573152910917,64.8266925233783,4.706999708810309,67.06890678405762,67.52895644216827,67.54822135694099,66.54611755139899,55.441260482325696,0.0781747452914714,0.0274303830934915,0.0957945138216018,0.048290766775608,0.1124924570322036,0.0432970263063907,0.090998962521553,56.96836599581169,5.408524383900941,53.05854647087328,51.88172535462813,56.733548829049774,55.996666359178946,67.17134296532834,0.0773941695690155,0.0336987291672798,0.0952206850051879,0.0499486215412616,0.1281873434782028,0.0810906067490577,0.0325235910713672,5.2,8.399999999999999,1,1,22,1,1
-575,27.38361057792742,3.02000370835902,29.674370834507897,30.328445041302555,24.05539581456135,29.49475475193299,23.365086447332324,0.0344235529191792,0.0616088367448477,-0.0060903029516339,-0.002856305334717,0.0489709712564945,-0.0168249141424894,0.1489183157682418,64.49304922855262,4.016986568278171,65.1751815333511,66.53825430436568,69.45808716976282,63.94798382845792,57.34573930682558,0.092233470827341,0.0433915267965557,0.0911552235484123,0.046754989773035,0.0773751661181449,0.0717648416757583,0.1741171330213546,57.373142656412995,7.278870932717246,51.36228162592108,51.006776278669186,60.63977842619925,53.67991164236358,70.17696530891187,0.0855849504470825,0.0334517591897852,0.0751956179738044,0.0546839199960231,0.05627978220582,0.0965760126709938,0.145189419388771,2.4,2.33238075793812,1,1,2,1,7
-550,27.405362288484863,3.1960195519194894,30.85382703407523,30.555701973512,23.47095501299986,23.81184894522441,28.334478476612837,0.030202292278409,0.074530144972584,-0.0349847041070461,-0.0191940385848283,0.1662631034851074,0.0536774732172489,-0.0147503726184368,65.27034899393718,6.006913334316454,65.41149457295735,67.44841124794699,73.24950755726208,65.55053109833689,54.691800493182555,0.1040250852704048,0.0312368874099979,0.0890618413686752,0.0702497065067291,0.1628424376249313,0.0976128652691841,0.1003585755825042,57.558761719501376,6.177652002579762,51.600950819073304,51.79156370596452,63.5891086693966,54.51197843840628,66.30020696466619,0.0936529286205768,0.0274160462568128,0.1049467772245407,0.0680441111326217,0.1133308783173561,0.1268408745527267,0.0551020018756389,2.0,1.5491933384829668,1,1,5,2,1
-525,29.22491610123939,0.8385501707067614,29.26687292708564,30.6519720677248,28.337872043098372,28.42334781725382,29.44451565103433,-0.0003379937959834,0.0188335665773948,0.034133456647396,-0.0211165826767683,0.0015836978564038,-0.0118792671710252,-0.0044112736359238,64.43233486522328,5.180771137556733,65.74399063803934,67.31621430136941,67.67704784508908,67.26804548321348,54.156376058405094,0.0793801732361316,0.0282412684136752,0.0788561776280403,0.0490712784230709,0.0551031604409217,0.0850146040320396,0.1288556456565857,56.971113652894,5.176055441689938,51.881353147102125,51.67002641793454,59.033341032086,56.6069129597057,65.6639347076416,0.0823754727840423,0.0208033506846413,0.0891950577497482,0.0768141746520996,0.0475265681743621,0.111577458679676,0.0867641046643257,1.0,0.0,1,1,1,1,1
-500,27.18228310653844,2.7037214675093373,29.769930072666444,29.58128658766599,23.990040317024153,23.805255604773453,28.764902950562153,0.0535686653107404,0.0503688833811506,0.03004727140069,0.0124924620613455,0.1472732722759246,0.0639194697141647,0.0141108511015772,64.92248211484967,5.883195094145542,65.15808937766336,65.61955590681596,72.90453795230749,66.34172058105469,54.58850675640685,0.1317790135741234,0.0203937649654756,0.1195708289742469,0.1086727455258369,0.1602236926555633,0.1520051509141922,0.1184226498007774,57.28758126244401,6.512102495853117,51.31083303509337,50.22707625952634,63.704230684222594,54.96869329972701,66.22707303365071,0.1085615396499633,0.0250095843053153,0.1109512448310852,0.0790634155273437,0.1295656114816665,0.141544833779335,0.0816825926303863,1.8,1.1661903789690602,1,1,4,2,1
-475,29.4488123854411,1.236584253795205,29.1319339889841,31.84995585864352,28.373135517552956,29.183364858332368,28.705671703692563,-0.0034421768039464,0.0208683573765583,-0.0041753575205802,-0.0370187051594257,0.0170397628098726,-0.0128746591508388,0.0198180750012397,63.74958212881378,5.538733095886215,64.63276556766394,67.41975801641291,66.43751017252605,67.39855118953821,52.859325697927765,0.1002928450703621,0.0209004390561852,0.0987613126635551,0.1172180026769638,0.094445064663887,0.0653903931379318,0.1256494522094726,56.29444681333773,4.802222126622474,50.86661731835568,51.76568260156747,57.883114265673086,56.75009334448612,64.2067265366063,0.0919086426496505,0.0277981967249607,0.1126334518194198,0.1047594174742698,0.0397345200181007,0.114881731569767,0.0875340923666954,1.0,0.0,1,1,1,1,1
-450,29.243428196857884,0.9828958318231752,29.809086042581143,30.685111970016635,27.8976451047917,28.46429739293364,29.361000473966303,0.0147935272892937,0.0126040609528058,0.0049287071451544,-0.0013788967626169,0.01977807469666,0.0350408852100372,0.0155988661572337,64.67792554913146,5.347797971018867,66.92624409993489,69.38294237310237,67.22888767358029,65.58834480516839,54.26320879387133,0.0867972388863563,0.0153710730463998,0.1042378023266792,0.063346229493618,0.0817300975322723,0.0813771560788154,0.1032949090003967,57.20878391410365,4.731247431961883,52.96351756471576,53.49751256451462,58.63803430037065,55.14409793506969,65.80075720584753,0.0921777784824371,0.033045086940901,0.1356079280376434,0.0790302008390426,0.0701403692364692,0.1260105222463607,0.0500998720526695,1.0,0.0,1,1,1,1,1
-425,28.00473480617877,2.265617578510662,29.083121280080263,23.53145822544688,28.598701673684666,29.73429532395196,29.076097527730095,0.0537762054591439,0.1040613753483135,0.0339602343738079,0.2588752210140228,-0.0043586576357483,0.0007514745811931,-0.0203472450375556,65.00617965929436,4.2928369692420745,66.56635954885772,67.65435698538116,66.42047044002649,67.89081642844461,56.49889489376184,0.1357151046395301,0.0179025153732447,0.1383788585662841,0.1444451063871383,0.1470210403203964,0.1005563363432884,0.1481741815805435,57.69018210786762,5.809629672146154,52.6303605744333,52.35265191396078,57.87528841423266,57.206639376553625,68.38597026015773,0.1054838299751281,0.0218647450777327,0.114208847284317,0.1159211248159408,0.0734681114554405,0.1353376656770706,0.0884834006428718,2.4,2.8,1,8,1,1,1
-400,29.0828219423589,0.7691758369701898,29.38962202956996,29.50242723877897,28.06930495783226,28.32650852203369,30.12624696357963,0.0131851290352642,0.0168984714265057,0.022588487714529,0.0383996330201625,0.0106618804857134,0.0066824122332036,-0.0124067682772874,63.65349997318151,3.7882510130360023,64.3107457594438,66.84402604536577,66.10286071083762,64.70710528980602,56.3027620604544,0.1207054421305656,0.0291754878269895,0.1149374842643737,0.1105224937200546,0.1592147797346115,0.0749177262187004,0.1439347267150879,56.38914903799694,6.395310191198105,50.5687756393895,51.288719361478634,57.55893343145197,54.34731587496671,68.18200088269782,0.1009303838014602,0.0247575372759693,0.1206542998552322,0.0981574207544326,0.0562115386128425,0.1267024129629135,0.1029262468218803,1.0,0.0,1,1,1,1,1
-375,28.193236921251433,2.653557262004936,31.097662306323492,29.499071298186312,28.476672025070975,23.21793220952614,28.67484676715025,0.0361687019409146,0.073078084022577,-0.0229769758880138,0.0003976541920565,0.0004854817234445,0.1793236285448074,0.0236137211322784,64.67358918623492,5.15952523289314,66.07091955705123,68.5790102409594,67.61118530504632,66.60806332212506,54.49876750599254,0.1351451635360717,0.0207229240049251,0.1211675703525543,0.1401807516813278,0.1046748757362365,0.1653718799352646,0.1443307399749755,56.85031356161291,5.1914472901666775,52.18306512543649,52.76811480883396,58.96629090742631,54.258188652269766,66.07590831409802,0.1295019879937172,0.0516467585638764,0.1230424866080284,0.1146333590149879,0.0597948059439659,0.2201379984617233,0.1299012899398803,1.6,1.2,1,1,1,4,1
-350,28.411500531619357,2.765491299116696,30.04618153129656,30.72331740192531,23.013247794711713,29.018839560833175,29.255916369330023,0.042796283390453,0.0926197810505694,0.0150409620255231,0.0029865396209061,0.2256784737110138,4.301257831684779e-06,-0.0297288596630096,65.70499392422764,7.069932325215916,66.20861879984538,65.77538288000858,76.02456121733694,66.73248319914846,53.783923524798766,0.1250060468912124,0.0202810201891908,0.1094456389546394,0.0993341878056526,0.1584538668394088,0.1271132230758667,0.1306833177804947,58.003028848315736,6.4733080587540135,52.31702428875547,50.34198657852231,65.83986871892756,56.18106339194558,65.33520126342773,0.1419699221849441,0.033706296328833,0.1312147378921508,0.1298649460077285,0.1890719383955001,0.1679667979478836,0.0917311906814575,2.0,2.0,1,1,6,1,1
-325,29.14828931670828,1.0353350289180303,30.08622066261842,30.674506629865196,28.05309056744133,28.37995022842565,28.54767849519081,-0.0047358731739223,0.0237248950615798,-0.0107221025973558,-0.025894284248352,0.0048393704928457,-0.0282374937087297,0.0363351441919803,64.46661908698805,4.5628565399915795,64.78821742895877,68.20654978896633,65.41838807770701,68.14605724450314,55.773882894804984,0.1283904790878295,0.0273399951419934,0.1256824284791946,0.1510858833789825,0.076737180352211,0.1394520550966262,0.1489948481321334,57.05724177216039,5.8063542898075164,50.972598913944125,52.45710966803811,56.90965432831735,57.389485677083336,67.55736027341901,0.1127723187208175,0.0279375661054696,0.1375092566013336,0.1323825269937515,0.0705907046794891,0.1354006081819534,0.0879784971475601,1.0,0.0,1,1,1,1,1
-300,29.375246852206203,1.0578980342349689,30.26342635793784,30.850083616590993,29.19578900288061,28.611770954328716,27.95516432929285,-0.0094473456032574,0.0142555445093511,-0.0043878215365111,-0.0229552686214447,-0.0255693271756172,0.0139344632625579,-0.0082587739452719,64.31301303054347,5.79564985645776,68.33078216783929,67.37325182828036,68.03248526833274,64.84356435139973,52.984981536865234,0.1171301737427711,0.022293920534944,0.1408635973930359,0.1271506398916244,0.1145476326346397,0.0757674425840377,0.1273215562105178,56.83875994790684,4.515925077523205,54.17749011877811,51.74682726823922,59.339743296305336,54.519672856186375,64.41006620002516,0.1159597128629684,0.0263038558418232,0.1322379112243652,0.1261323243379593,0.0822476595640182,0.1506397873163223,0.0885408818721771,1.0,0.0,1,1,1,1,1
-275,26.81306572157083,2.708064461730682,29.82809757940548,25.020545290917465,22.417268015674708,28.342225507362603,28.457192214493897,0.0874328546691685,0.097847135057125,0.0010641042608767,0.1222456470131874,0.2639044523239136,0.0362585261464118,0.0136915436014533,64.69278719352953,5.208746247330174,66.8629483309659,67.18365322459827,68.71652007825446,66.30180277968898,54.39901155414003,0.1294076830148696,0.0199610213158747,0.1091174408793449,0.1461668759584427,0.1344572603702545,0.103419505059719,0.1538773328065872,57.081134864778235,5.106031927191531,52.91629259514086,51.75434002370545,58.90350399595319,55.82129680749142,66.01024090160023,0.1533360362052917,0.0139946121411936,0.1524152755737304,0.1326938867568969,0.1709943115711212,0.1660786718130111,0.1444980353116989,3.0,3.521363372331802,1,2,10,1,1
-250,26.941079123978767,2.7501641689075074,29.663614902299702,24.896575583625086,22.54779869748145,28.904465999799907,28.692940436687667,0.0651745008071884,0.1078409850039123,-0.0124827204272151,0.1001721024513244,0.2618373036384582,-0.0252092778682708,0.0015550962416455,65.42328944350734,6.046140705566156,66.70174344380696,71.33944430495754,69.79569504477762,65.12284301989007,54.15672140410452,0.1274263188242912,0.0356173361114623,0.1287984848022461,0.1743794083595276,0.1374848037958145,0.0640950724482536,0.1323738247156143,57.704401923670915,4.6643190818129066,52.70274896332712,55.439397262804434,59.92153098366477,54.70793203874068,65.75040036981756,0.1268489293754101,0.0387201264736442,0.1374466121196746,0.1269123256206512,0.1808057278394699,0.1290715336799621,0.0600084476172924,3.2,3.919183588453085,1,2,11,1,1
-225,26.379548717774064,2.9313686441378204,29.568111026409976,23.27276337023863,22.521457829426243,27.515898822509136,29.01951254028635,0.1258303973823785,0.119337041358431,0.0245224088430404,0.2750142514705658,0.2682530283927917,0.0428580045700073,0.0185042936354875,65.09715246720748,5.530965990795726,68.95254377885298,68.50030945286606,67.33211927702932,66.53319012035023,54.16759970693877,0.1302986800670623,0.0341064284002419,0.1506655514240265,0.1274765878915786,0.1354335248470306,0.0684122592210769,0.1695054769515991,57.293617001446805,4.437740112609703,54.76128456809304,52.87427871155016,57.214119188713305,55.92046714551521,65.69793539336233,0.1246048286557197,0.0379591912649441,0.1412798762321472,0.1265317052602768,0.1703715324401855,0.1295451670885086,0.0552958622574806,4.4,4.17612260356422,1,9,10,1,1
-200,25.481531705561373,2.352150699248011,23.917807323416483,23.066588205160553,28.455815914979915,23.743732619531375,28.223714464718533,0.1355549842119217,0.1117110504111775,0.2395331859588623,0.2880201637744903,0.0180919524282217,0.115483246743679,0.016646372154355,64.24018317713882,4.341712788010423,67.14825861381762,64.5117416381836,64.9815344954982,68.50403947541209,56.05534166278261,0.1115376025438308,0.0301595260465194,0.1305357664823532,0.1102133616805076,0.0562369376420974,0.1158725097775459,0.14482943713665,56.332670381574914,6.449150367666948,51.60070240136349,49.196947715499185,56.54649422385476,56.38484764099121,67.93435992616595,0.1350279197096824,0.054113992452629,0.2046423554420471,0.1270411312580108,0.0683036744594574,0.188891664147377,0.0862607732415199,4.4,3.4409301068170506,8,9,1,3,1
-175,26.873065993712117,2.8714442358526515,30.05486712504908,24.071322293625663,22.83342711458501,28.35834014538637,29.047373289914475,0.0897688807919621,0.1146175386032765,0.0150247849524021,0.2268280535936355,0.2304637879133224,-0.0330951884388923,0.0096229659393429,66.64808585427025,6.006852810201151,67.85776889685428,69.61745793891676,72.06456779711175,68.73346548369436,54.96716915477406,0.1163514167070388,0.0370290954548087,0.1414373815059662,0.1334226429462433,0.1404826194047927,0.0434853956103324,0.1229290440678596,58.91894196163524,4.899357064711849,53.772511048750445,54.145032485326134,62.02291962594697,57.97531578757546,66.67893086057721,0.1296027809381485,0.0287630389509247,0.1341704875230789,0.1139410063624382,0.1704661697149276,0.1443617045879364,0.0850745365023613,2.8,2.2271057451320084,1,6,5,1,1
-150,26.10999631980031,2.680951230267067,23.985653572475787,24.704533488480084,23.214377098476763,28.86353173206762,29.781885707501285,0.1107462047599256,0.0990660558459418,0.2117755264043808,0.136107936501503,0.2166932821273803,-0.0070022800937294,-0.0038434411399066,68.15257811112836,7.457189757414614,69.42384338378906,75.99129254890211,73.2616476579146,67.6685181242047,54.41758884083141,0.1103114992380142,0.0206603587142746,0.130555972456932,0.0871650800108909,0.1338125318288803,0.0854483544826507,0.114575557410717,59.98130939368046,4.228083437803367,54.25950385584976,59.36605592207475,63.238671851880625,56.99826165401574,66.04405368458141,0.1359114348888397,0.0442146309458175,0.1916305720806121,0.1128152683377265,0.1544432938098907,0.1576878726482391,0.0629801675677299,3.0,1.7888543819998317,5,3,5,1,1
-125,27.657513248797542,2.890751628742119,23.998999762780887,24.239191015971077,30.12428236499275,29.987747418511773,29.93734568173123,0.0727312229573726,0.110553295202582,0.2060664147138595,0.2043635547161102,0.0259841755032539,-0.0342068336904048,-0.0385511964559555,64.95986572034431,6.276418734654047,65.09095613884203,74.55242723407167,64.69577696829131,65.71284479083437,54.74732346968217,0.096168702840805,0.036133032068855,0.1135708838701248,0.1059899777173996,0.0345929414033889,0.0837892144918441,0.1429004967212677,57.2989097999804,5.280044555878847,50.2035250230269,58.39256173914129,56.25383579369747,55.25756390889486,66.38706253514145,0.1171043694019317,0.0443966039277701,0.200281485915184,0.0923187211155891,0.0731457099318504,0.1218465268611908,0.0979294031858444,2.4,1.743559577416269,5,4,1,1,1
-100,27.182296507137337,2.585819679634312,30.02586447332323,24.449518685488357,29.312411455763986,28.388874919144147,23.73481300196697,0.0597566721960902,0.0789185179439215,-0.0242075268179178,0.1940784752368927,0.0100556490942835,0.0171322729438543,0.1017244905233383,65.32554841475054,6.426586339702694,65.17578893719298,72.42608255328554,70.09251028118712,65.15387835647121,53.77948194561583,0.1009856313467025,0.0422732159916039,0.1287125200033188,0.0959383994340896,0.0687689334154129,0.0463509708642959,0.1651573330163955,58.0672062440352,5.301838228547604,51.35395050048828,56.41295360796379,61.27356448318019,54.76800155639648,66.52756107214725,0.0985487386584282,0.0188965758519494,0.1191157847642898,0.0706325843930244,0.0815930292010307,0.1103622689843177,0.1110400259494781,2.2,1.6,1,5,1,1,3
-75,27.946002055689235,2.1862976547672077,30.32667340937349,23.872991748691835,28.082413634074104,28.26931477576187,29.178616710544865,0.0544952067546546,0.0883157620106785,0.0038003367371857,0.2282614111900329,0.0180963780730962,0.0351669639348983,-0.01284905616194,63.60905320138643,4.4454115377807275,65.33752013697769,67.22528047272654,65.01052232222123,65.62226179874304,54.84968127626361,0.0881113320589065,0.0184786119379563,0.0766514390707016,0.1040103957056999,0.0673884749412536,0.0767445862293243,0.1157617643475532,56.27687414559451,5.481030234515089,51.55919520060221,51.56885954466733,56.55596160888672,55.198696194273055,66.50165817954324,0.0880563281476497,0.0230700573081304,0.1154987812042236,0.0924684926867485,0.0683148801326751,0.1086970567703247,0.0553024299442768,2.0,2.0,1,6,1,1,1
-50,26.831999690262315,3.156217432217359,29.751842302145416,23.57135108082565,22.522705294422263,29.953760982788715,28.36033879112951,0.102083424385637,0.1231857222481242,0.0175016857683658,0.2482887804508209,0.2568044364452362,-0.0049836193211376,-0.0071941614151,65.23188463846843,5.5529843901996925,64.00482761498654,68.06224291252367,71.95610346938625,66.75902378197873,55.377225413466945,0.0954028882086277,0.0216173622424898,0.0840592980384826,0.1062153577804565,0.1225731521844863,0.059745904058218,0.1044207289814949,57.72722144993869,6.283545443211439,50.31452537305427,52.39367497328555,62.652109550707266,56.198292992331766,67.07750436031458,0.0970664836466312,0.0260220349387903,0.1027552932500839,0.1056405529379844,0.1326918005943298,0.0916962847113609,0.052548486739397,4.2,3.9698866482558417,1,8,10,1,1
-25,27.853260791424624,1.856689024316936,29.14513599749693,24.220470231832916,29.13271086977929,28.092432887283795,28.67555397073018,0.0499144016066566,0.0740833895579887,0.0301046185195446,0.1961022913455963,0.0230605844408273,0.001692846766673,-0.0013883330393582,66.41691719979951,5.08016432610789,67.52088662349817,71.38303976347952,69.48644337509617,66.94470191724372,56.74951431967995,0.072477288544178,0.0227053484926316,0.0902889594435691,0.0420464724302291,0.064339205622673,0.0599134266376495,0.1057983785867691,58.943562051021686,5.4137065577253,53.49378926826246,55.44168691924124,60.71407479950876,56.38356567151619,68.6846935965798,0.0745317175984382,0.0141343416554142,0.0935084894299507,0.0605340078473091,0.0611333772540092,0.0894157811999321,0.0680669322609901,1.8,1.6000000000000003,1,5,1,1,1
0,24.587628720470313,2.971763281175362,30.494018023776025,23.62621588559495,23.04031691600367,22.58804786328188,23.18954491369503,0.1788407515734434,0.08099811611914,0.0236050244420766,0.2444459348917007,0.2119820415973663,0.2363038659095764,0.1778668910264969,65.98893852233887,5.3427537345647975,67.48186891729182,73.33794264359908,67.15460915998979,65.17163305571584,56.798638835097805,0.0993337415158748,0.054127328703526,0.0323769263923168,0.0821682810783386,0.0862289071083068,0.0980840921401977,0.1978105008602142,58.60053110122681,6.14323325502577,53.492774154200696,56.93051807808153,58.25856942841501,53.9641714963046,70.3566223491322,0.1280192643404007,0.0555708092204482,0.0848923549056053,0.0834900587797164,0.1361130326986313,0.2324811965227127,0.1031196787953376,7.6,3.555277766926235,1,10,7,11,9
25,26.699663480778337,3.148436093662808,29.107557916149652,23.287980738374376,29.031936281735135,29.627341506407433,22.44350096122506,0.1074347338639199,0.1213946727753786,0.0233841966837644,0.2701556980609894,-0.0043573882430791,0.0076024415902793,0.2403887212276458,64.74367651505904,5.44612061975978,67.40819965709339,68.51508140563965,67.46191810839105,66.39915628144236,53.93402712272875,0.0716084826737642,0.0901930923612927,0.0510519929230213,0.0766841769218444,-0.0250542294234037,0.0167886801064014,0.2385717928409576,57.528404761083195,5.128702614932658,53.370772217259265,52.71509675907366,58.849528803969875,55.8733999078924,66.83322611722079,0.0772236101329326,0.0183629508508813,0.0958672538399696,0.0588029846549034,0.0535759963095188,0.0798386707901954,0.0980331450700759,6.0,6.131883886702357,1,13,1,1,14
50,26.509961853813877,2.507837607764353,23.99935497205282,29.377378965161512,23.037006958243772,28.11507158181102,28.020996791800272,0.0909390339627862,0.0923106419986405,0.2026118487119674,0.0163833629339933,0.2053585946559906,0.0138696758076548,0.0164716877043247,64.87363236167212,4.697069683481693,68.70574552362615,68.84230995178223,65.40921667850378,65.4405477697199,55.97034188472863,0.0536942694336175,0.0417341255804063,0.099124401807785,-0.0076612494885921,0.0680383443832397,0.0179247912019491,0.0910450592637062,56.93757126945438,5.49460727868225,53.07403310139974,53.0162297649817,55.80908804228812,55.083460143118195,67.70504529548414,0.0844557100441306,0.0593070970925027,0.1540838479995727,0.0381651036441326,0.1444194465875625,0.0848203152418136,0.0007898367475718,4.0,3.687817782917155,8,1,9,1,1
75,27.7789140249036,2.4510208399901225,29.115560197338617,29.11592040111109,29.127710214595204,22.890711322273177,28.644667989199924,0.0446410777978599,0.0821108829201216,0.0100027006119489,0.0166810657829046,0.0057347356341779,0.2073400765657425,-0.0165531896054744,65.10243038986668,5.088684909882543,65.07334703387636,68.0135163971872,67.1319083589496,69.8861030809807,55.40727707833955,0.0305772407911717,0.0398087775168563,0.0265729296952486,-0.0015913327224552,-0.0201236512511968,0.0902735143899917,0.0577547438442707,57.43815337600131,5.630497636383562,51.29429349032315,52.30250306201704,58.57287031231505,57.947404052271985,67.07369596307927,0.067347165197134,0.0660781363100001,0.0717306137084961,0.0264825653284788,0.0492531508207321,0.1903579235076904,-0.0010884273797273,3.2,4.4,1,1,1,12,1
100,24.861392009381166,2.111069033569315,24.093529740559685,24.358959247156516,23.484681621040263,23.352725864685688,29.017063573463677,0.1349096573889255,0.0807918366158582,0.2143015414476394,0.1877385079860687,0.1529149413108825,0.1370447129011154,-0.0174514167010784,68.10066673972389,6.845017986749957,71.97232113462506,72.5686023018577,70.23570211005934,71.2270236159816,54.49968453609582,0.0720228888094425,0.0205580975509158,0.1025616228580474,0.0522573329508304,0.0700111910700798,0.0869742035865783,0.0483100935816764,59.536139590812446,3.616527977086919,56.05237983934807,56.55786921038772,60.455902215206265,58.55325091968883,66.06129576943137,0.0862406216561794,0.0542450029750156,0.1324437409639358,0.0402457229793071,0.119012139737606,0.1362508982419967,0.0032506063580513,5.6,2.4166091947189146,8,6,7,6,1
125,23.380552687104213,0.664087959303276,24.131683123480418,24.12808715191084,23.11808424880824,22.409553016583946,23.115355894737636,0.2059668719768524,0.0219113374446537,0.1916126161813736,0.2095649689435959,0.2118726819753646,0.2410639077425003,0.1757201850414276,69.39647249164003,6.925511347808508,72.79690967906605,75.74721399943034,69.5902608235677,72.74354148633552,56.10443646980055,0.098415045440197,0.0122824073334193,0.1011015921831131,0.0885554105043411,0.0826358050107956,0.101600594818592,0.118181824684143,61.22676822055471,4.157354180324901,57.30460716016365,58.89711804100961,59.86987402944854,60.85859229347923,69.20364957867247,0.1081565991044044,0.0307176880863704,0.0903473570942878,0.0705261528491973,0.1150213405489921,0.1620901077985763,0.1027980372309684,9.8,2.481934729198171,8,7,11,14,9
150,23.794825237313496,0.3584856662448615,24.311056166580045,24.112374915290125,23.629554748535156,23.349979784070833,23.57116057209133,0.1686148852109909,0.0264731285902164,0.1737683564424514,0.2144965231418609,0.1605238318443298,0.1610152870416641,0.1332704275846481,70.91788103508226,6.290729973942242,72.37650379990086,71.64885746348988,76.18350739912553,75.54752546368223,58.83301104921283,0.0932822853326797,0.0153277767468997,0.0970229133963584,0.082334853708744,0.0702019706368446,0.1134012565016746,0.1034504324197769,62.71357874653556,6.085089601051874,56.77685882105972,55.49320022626357,66.12454876755223,63.19148416230173,71.98180175550056,0.1083105489611625,0.0288754482859527,0.1347708106040954,0.0523643121123313,0.1146154627203941,0.1237996667623519,0.1160024926066398,7.6,0.4898979485566356,7,8,8,8,7
175,25.672431450283405,2.4786972233576865,24.207192322642538,29.423173216200368,23.591276394952203,23.31719032759519,27.82332499002673,0.1160726593807339,0.0755155479642751,0.2038487493991851,0.0082696536555886,0.1704390794038772,0.1520138829946518,0.0457919314503669,67.12680839769769,5.378829067985374,69.74501436406916,66.18772593411532,71.51484269806834,71.13815978079131,57.048299211444274,0.0680198952555656,0.0548628303066728,0.1439434587955474,-0.0234389342367649,0.0543917454779148,0.0950428023934364,0.0701604038476944,59.13934217510801,5.928410773996464,54.45217369541977,52.01865953387636,62.40969432484019,58.120514031612515,68.69566928979123,0.0845946624875068,0.0564147234180698,0.156567171216011,0.064641036093235,0.1012758687138557,0.1122801005840301,-0.0117908641695976,5.2,3.487119154832538,9,1,8,7,1
200,26.64952290033557,3.340030822643402,29.42108709787585,29.53008384802907,22.41164488644944,22.714383498909548,29.170415170413932,0.0989486092701554,0.1149156859889864,0.0138183319941163,0.0152344405651092,0.2635659277439117,0.212114080786705,-0.0099897347390651,67.5111636653091,7.125324275848491,67.5379699938225,67.41987187934645,76.52587647871538,71.17619265932025,54.89590731534091,0.0796193953603506,0.0577837737570262,0.1120586097240448,-0.0293183494359254,0.1098173037171363,0.132697120308876,0.0728422924876213,59.47934548349092,5.8592731113863925,54.12588466297496,53.12619821953051,66.69177280772816,57.22557784571792,66.22729388150302,0.0682249292731285,0.0559453929144422,0.0837502181529998,0.0340050794184207,0.1058570444583892,0.1382605880498886,-0.020748283714056,5.2,5.230678732248808,1,1,13,10,1
225,24.59741510410899,1.9475630703136857,24.07728632700812,24.83160906722865,23.076358519878585,22.79043052122765,28.21139108520193,0.1575627373997122,0.0820324429926875,0.2017853409051895,0.1481954902410507,0.2065486311912536,0.2289755344390869,0.0023086902219802,67.4409556648948,5.922220160274036,69.6899405970718,71.60001355951482,69.54907885464755,70.67623762650923,55.689507686730586,0.1072086401283741,0.0409742928510393,0.1432113647460937,0.0501288138329982,0.0919993221759796,0.1637607365846634,0.0869429633021354,59.383138968727806,4.258613436486891,54.74997832558372,56.9495538075765,60.13505357684511,57.915270487467446,67.16583864616625,0.0881124712876044,0.0600316813481815,0.1235577538609504,0.0362736023962497,0.123537003993988,0.158093512058258,-0.0008995158714242,7.0,3.5777087639996634,9,5,9,11,1
250,23.59730048032151,0.5244009425316941,24.44493469749529,23.95413497059616,23.027712064920017,23.23986241252152,23.31985825607457,0.1821810752153396,0.0330424962808039,0.1612316071987152,0.231644257903099,0.211063727736473,0.1602713763713836,0.1466944068670272,72.27390307802142,5.84528731305673,69.78928120930989,79.8015083544182,73.46680253924745,75.75643909338748,62.55548419374408,0.1242404371500015,0.0113267639418261,0.129368856549263,0.1065113842487335,0.1171582043170929,0.1287436932325363,0.1394200474023819,64.30718449679287,6.853340540163297,54.65048136855616,64.29584711248225,63.95364541718454,62.56340841813521,76.07254016760623,0.1169403105974197,0.0297301962609732,0.1122247129678726,0.0607794523239135,0.1352566331624984,0.1372269392013549,0.139213815331459,7.4,1.0198039027185568,6,8,9,7,7
275,25.659081077575685,2.6940525867821066,24.874701814553173,23.582023286327875,22.408814184444463,29.74436963464796,27.685496467904947,0.1249973272904753,0.1182314653195724,0.1351757794618606,0.2469457238912582,0.2618551552295685,-0.011938514187932,-0.0070515079423785,68.16698382984508,7.2254098085214915,74.89982651219223,73.42860354799213,70.93908437093098,66.75474455862334,54.81266015948671,0.0825735500082373,0.0567830663326959,0.1327062547206878,0.1084125638008117,0.1343123316764831,-0.0137528637424111,0.0511894635856151,60.40572362957579,3.593389805458815,60.22083288250547,58.49454550309615,61.74443458788323,55.362386241103664,66.20641893329042,0.0904869966208934,0.044496522889567,0.1367468833923339,0.0699525848031044,0.149307906627655,0.0605450347065925,0.0358825735747814,5.6,4.363484845854286,5,9,12,1,1
300,24.58570607372166,2.147032133181933,24.19447115278735,24.042038278481396,23.239731690318315,28.74170827374016,22.710580973281076,0.1623338337987661,0.0832333060819786,0.184696614742279,0.2167579978704452,0.1940508335828781,-0.0021095890551805,0.2182733118534088,70.60059679204767,7.106631354604098,71.30237608244924,72.5720719424161,81.44822843147047,68.25963026104552,59.42067724285704,0.1116274658590555,0.0516168307277606,0.1459492892026901,0.0990720838308334,0.1300039142370224,0.0179270822554826,0.1651849597692489,63.00757033608177,7.358944968020794,56.41454621517297,58.001929138645984,71.67934741395892,56.63638334563285,72.30564556699811,0.1140146344900131,0.0494931349306873,0.1515572667121887,0.05650270357728,0.1163840293884277,0.0621091984212398,0.1835199743509292,6.0,2.6832815729997477,6,7,7,1,9
325,23.48020454288758,0.548191556010281,24.271905800730913,23.97103462022604,23.08564360117175,23.242302845433816,22.83013584687538,0.1926300525665283,0.0207727334063661,0.1784368306398391,0.213105171918869,0.2082301378250122,0.1587316989898681,0.204646423459053,73.03787829081219,5.154793657918748,72.82295354207356,79.22441632819898,74.99264474348588,74.52010773167466,63.62926910862778,0.1337459251284599,0.0279068112955654,0.145083799958229,0.0885513722896575,0.1151477470993995,0.1607503294944763,0.1591963768005371,65.0164537487608,6.6958711221052445,57.50616570675012,63.74824836037376,65.02564147024444,61.41016694271203,77.39204626372366,0.134011423587799,0.0285539167720356,0.1345646232366562,0.0800298601388931,0.1433227062225341,0.1489125490188598,0.163227379322052,6.8,1.16619037896906,6,8,7,5,8
350,23.207341748660372,0.5893329218605567,23.531444962491697,23.91833755650471,23.417683306428575,22.193339052888536,22.975903864988343,0.2186895608901977,0.0354895055971336,0.2465394884347915,0.2177178859710693,0.1665869504213333,0.2665731608867645,0.19603031873703,69.60803571758848,6.103577232249188,69.61051559448242,72.51447036049582,75.57324247649221,72.34252305464311,57.99942710182883,0.1462269306182861,0.0304056034316945,0.1354589015245437,0.111779510974884,0.120288535952568,0.1894095540046692,0.1741981506347656,61.82273576909845,5.786093953829613,54.97666971611254,57.55982358527906,66.17259459062056,59.698239875562265,70.70635107791784,0.1534274101257324,0.038437411493727,0.1834424287080764,0.0862840712070465,0.1353443413972854,0.1889985799789428,0.1730676293373108,8.4,2.8,10,7,5,13,7
375,24.70648296788796,2.246412085335798,23.93860219188572,24.594954874097688,23.292520385427572,29.01550093385362,22.690836454175184,0.1522428136318922,0.0889227689797267,0.2064900249242782,0.1483144462108612,0.201857253909111,-0.0183952394872903,0.2229475826025009,72.18936130639278,5.153473620708348,78.46711418845437,75.19686172947739,74.86786634271795,67.88021428657301,64.53474998474121,0.0997568950057029,0.0566890829113763,0.1260211765766143,0.0470924973487854,0.1018414720892906,0.0334769785404205,0.1903523504734039,64.74243451898748,7.446348538988511,63.63650281501539,60.085567358768344,65.45130897290778,56.29083905075536,78.24795439749053,0.1234176509082317,0.0508024041753372,0.1674376130104065,0.052480112761259,0.1354071646928787,0.0775930434465408,0.1841703206300735,5.4,2.5768197453450252,7,4,7,1,8
400,23.268971364522717,0.4760480777226586,23.66417583976824,23.9417082403124,22.63694857567856,22.92877854022783,23.173245626626557,0.2158311277627945,0.0273747118719719,0.2371077388525009,0.2210810035467147,0.2509941458702087,0.1929670870304107,0.1770056635141372,73.44836544846044,6.3306955550572725,73.77554627620813,77.91655349731445,80.15497982140744,73.57913774432558,61.81560990304658,0.1446995303034782,0.0348496250646519,0.1681280881166458,0.0858995541930198,0.1261306554079055,0.1601248383522033,0.1832145154476165,65.2020426085501,6.385099682278391,58.333342812278055,62.31824389371005,70.18440211902966,60.09874985434792,75.07547436338483,0.1481970787048339,0.0298320578876407,0.1626489907503128,0.0926267802715301,0.1446809321641922,0.1790101826190948,0.1620185077190399,7.0,1.4142135623730951,9,7,8,6,5
425,23.004267482167663,0.8023228816519853,23.92951359699682,24.04022892234252,22.419451280967476,22.322276036763927,22.30986757376759,0.2462807446718216,0.0146954008355822,0.2356752306222915,0.2241777181625366,0.2661246955394745,0.2537671029567718,0.2516589760780334,70.68336209383877,4.492954420966663,69.97738364248565,73.94845488577178,74.63626237349077,72.57251623905066,62.28219332839503,0.1419040635228157,0.0372714956131523,0.1536080688238144,0.0726207420229911,0.1388827860355377,0.1631678938865661,0.181240826845169,62.88216019832727,7.024199540070376,55.16751358725808,58.78055306636926,65.23159362330581,59.8687077146588,75.36243300004439,0.1428168028593063,0.0297289733396542,0.1625759154558181,0.0871589481830596,0.1465029567480087,0.1448087990283966,0.1730373948812484,11.0,3.03315017762062,11,6,10,15,13
450,23.160231383805417,0.4588348010799683,23.708953444490728,23.582902298760168,22.455050350464496,23.16887445548146,22.885376369830254,0.229607480764389,0.0358387194763432,0.2355001866817474,0.2677919864654541,0.2654378414154053,0.1746060401201248,0.2047013491392135,73.99803048336145,4.106202826907209,75.47318788008256,73.61798465613163,78.51768482092655,75.975723844586,66.4055712150805,0.1558521911501884,0.0289692408361878,0.1498306840658188,0.1064476445317268,0.1539775282144546,0.1784273386001587,0.1905777603387832,65.93529627250902,7.706119691637102,60.09307404720422,58.55507290002072,68.43580696799539,62.7936274210612,79.79890002626361,0.1436527073383331,0.030330063520653,0.1566791832447052,0.0976608991622924,0.1260844618082046,0.1880135238170623,0.1498254686594009,8.6,2.4166091947189146,9,10,12,5,7
475,24.467282562649125,3.2819376188868663,30.99893648599841,23.339902091272094,22.4531545835672,23.015959995309103,22.52845965709883,0.1923044272698462,0.1024947988778465,-0.0066341566853225,0.26645228266716,0.2643084824085235,0.1977973580360412,0.2395981699228286,71.44506187438965,6.79330988680506,68.78034291122898,70.2439233606512,73.16588598309141,82.93247211340702,62.10268500356963,0.1178075462579727,0.0483187071631024,0.0324703827500343,0.0993389710783958,0.1354461461305618,0.1645283848047256,0.1572538465261459,63.42193726048324,8.046651292577797,54.915147723573625,54.99230933911873,62.79192502570875,68.62519061926639,75.78511359474875,0.1395484939217567,0.0281341644389398,0.1146384552121162,0.0982668399810791,0.1512688100337982,0.169237732887268,0.1643306314945221,7.8,3.762977544445356,1,9,12,7,10
500,22.96077456769255,0.9109018048426388,23.820270000044832,24.256724416595144,21.903419042370984,22.48097858232321,22.34248079712858,0.2448819488286972,0.0445153020255159,0.210777461528778,0.1927604079246521,0.3221164643764496,0.2527463436126709,0.2460090667009353,72.85021355368873,6.405394558100352,74.21421201301344,68.04923005537553,80.02364580559008,78.78573307846531,63.17824681599935,0.1266754522919654,0.032816362915088,0.1288438886404037,0.0651799365878105,0.1551141887903213,0.1546168476343155,0.1296223998069763,64.75350546403364,8.122144795780507,59.12737025636615,53.317629380659625,69.1359880620783,65.2699484391646,76.91659118189956,0.1350003004074096,0.0228876390065503,0.1511621326208114,0.0952939465641975,0.1229387447237968,0.1517925858497619,0.1538140922784805,10.2,4.166533331199932,6,5,16,13,11
525,23.039174966713816,1.0470208391182907,23.3522615826007,24.86787359493295,21.97909729751115,22.904702147257694,22.091940211266586,0.2267617210745811,0.0687032570427575,0.2610940933227539,0.1043608710169792,0.2940876185894012,0.2004444301128387,0.2738215923309326,74.64305481188225,5.297634184065,78.3319583083644,77.52339253281102,79.63137528390595,72.52134438717005,65.20720354715984,0.1276944167912006,0.041733721901881,0.1445793211460113,0.0507739223539829,0.1219398230314254,0.1730266660451889,0.1481523513793945,66.33100416010078,7.268997782033228,62.5949760205818,61.73781597253048,68.93627247665867,59.044895923498906,79.34106040723395,0.1459725633263588,0.0325153505899457,0.1390495151281356,0.0952927246689796,0.1397821307182312,0.1951427608728408,0.1605956852436065,10.4,4.923413450036469,15,3,14,6,14
550,24.298820863310823,2.640101329662954,24.02771408041728,29.44254375733051,22.71881091717592,23.100977337237484,22.20405822439292,0.1827803106047213,0.0938280790875332,0.2008716315031051,0.0027590398676693,0.2444875240325927,0.1978666186332702,0.267916738986969,72.05590481613622,5.97245588282396,73.09532385161428,68.53509544603753,79.60131153915867,76.4202493609804,62.62754388289018,0.1135429877787828,0.0664461258764472,0.1382351517677307,-0.0163165759295225,0.1243761405348777,0.1649170517921447,0.1565031707286834,64.06155911069928,7.988345650849759,58.10536985686331,53.76097338127367,69.34810881181197,62.8620047713771,76.23133873217034,0.1445279091596603,0.029360606413281,0.1491417586803436,0.0880748629570007,0.1515482664108276,0.1620209068059921,0.1718537509441375,7.8,4.995998398718719,6,1,10,6,16
575,23.235076562153925,0.7037468807561182,23.978055619701895,24.147746469556672,22.510020098735374,23.027274043289655,22.51228657948602,0.2237830698490142,0.0317679785658306,0.2157094925642013,0.2130668461322784,0.275056391954422,0.1783055514097213,0.2367770671844482,71.97069235137015,6.471992697227885,74.74208999402595,68.0982340032404,74.84697093385638,80.488087162827,61.678079662900984,0.1348787978291511,0.0171146176907349,0.1319012343883514,0.1117634549736976,0.1222791373729705,0.1568762063980102,0.1515739560127258,63.874624032685254,7.332072284413705,59.8293114864465,53.194221843372695,64.75208525224166,66.2323586435029,75.36514293786252,0.15797860622406,0.0197686197512433,0.1520831882953643,0.140767753124237,0.1425545513629913,0.1951717883348465,0.159315750002861,8.4,3.7202150475476543,6,6,15,5,10
600,22.98540489747352,0.9843454137964196,24.079232402683537,24.198578549414567,21.821016488616,22.12440192822329,22.703795118430225,0.2399385154247283,0.0419114950309546,0.199766144156456,0.1953979432582855,0.3049283921718597,0.2693832218647003,0.2302168756723404,70.9288720333215,4.134918971372974,69.59145910089666,69.07928761568937,73.94065695097952,76.98271410392992,65.05024239511201,0.1321693181991577,0.0342355424514601,0.1405375152826309,0.0759875997900962,0.1128337308764457,0.1640730500221252,0.1674146950244903,62.64552892049154,9.110566244931787,53.90768288121079,53.98455862565474,62.83204835833925,63.65288289388021,78.85047184337269,0.13989869505167,0.0137324506468775,0.1446194499731063,0.1306164413690567,0.1194774135947227,0.1596480756998062,0.1451320946216583,10.4,4.586937976471886,6,6,18,13,9
625,24.292613427663586,3.1290420120943376,30.34503538583972,23.97971588803321,23.11343538146658,21.54555548343462,22.47932499954381,0.1891919631510973,0.1088546166995356,-0.0167233254760503,0.2140088975429535,0.2042655944824218,0.3055234849452972,0.2388851642608642,73.14973742167156,5.7102166652569695,66.14323072722463,73.6602607495857,80.22794053048798,78.48937583692145,67.22787926413797,0.1014152139425277,0.0366132134852752,0.0552024543285369,0.0655086115002632,0.1026712581515312,0.140014111995697,0.1436796337366104,65.54825553894042,10.25058720108226,52.52058069633715,57.987642577200226,70.08620371963039,64.93948549212831,82.20736520940608,0.1333776801824569,0.0114039192270943,0.1390431672334671,0.1256743669509887,0.1417939215898513,0.1148974150419235,0.145479530096054,10.0,6.752777206453653,1,9,6,21,13
650,23.444548974577913,0.6903362199226935,23.57568248276858,24.523088868131342,23.55190086364746,23.188263843968972,22.383808814373214,0.2048014104366302,0.034275664582382,0.2385086119174957,0.2049520462751388,0.1751773208379745,0.1588019728660583,0.2465671002864837,74.30375007860589,6.07489070847365,74.9945612820712,71.97571459683505,82.30502943559127,77.99025391087388,64.25319116765803,0.1193839237093925,0.0223195192608579,0.1306661516427993,0.0798161327838897,0.1100496873259544,0.1394494771957397,0.1369381695985794,66.39374690200343,7.913403828868868,59.86375739357688,56.97099246400775,72.08004587346858,64.57546615600586,78.4784726229581,0.1507169783115386,0.0142674186255031,0.1359120607376098,0.1489691287279129,0.1593264639377594,0.1732612401247024,0.1361159980297088,8.6,4.409081537009721,11,7,5,4,16
675,24.5501709947881,2.7472958436864454,23.8400815196873,29.967786110553543,23.374307249010226,22.420734326864025,23.147945767825412,0.1702820979058742,0.0914190335953141,0.2206921875476837,-0.0006129331886768,0.1897636801004409,0.2685359418392181,0.1730316132307052,73.32556615887266,5.768712426691104,72.00887344822739,68.40924708048503,81.01931230949633,78.92867117217092,66.26172678398363,0.0990303143858909,0.0623556852001761,0.1259344965219497,-0.0191523656249046,0.0989262908697128,0.1277689486742019,0.1616742014884948,65.22724033702504,9.615595112578909,56.47815137920958,53.634371324019,70.83018840443005,65.13534649935636,80.0581440781102,0.131444127857685,0.0069545481687423,0.1356374472379684,0.1320255398750305,0.1331211775541305,0.1382252722978592,0.1182112023234367,8.0,5.966573556070519,8,1,6,19,6
700,23.217285166081695,0.6057986486719756,23.623894091733952,24.026995196784895,23.34789792286981,22.331891669440516,22.755746949579297,0.2313079565763473,0.0320213963245589,0.2433081418275833,0.2157599031925201,0.1766036748886108,0.2655275464057922,0.2553405165672302,73.23569527828332,4.23656141475109,74.5488764444987,69.86584374398896,74.33954053936583,79.83540378917347,67.58881187438965,0.0998456224799156,0.0169613330526794,0.1150739789009094,0.0736766085028648,0.0856026262044906,0.1133709400892257,0.1115039587020874,65.26254072478324,9.130267569332853,59.30520375569662,54.79504654624245,64.64417440241033,65.84269864631422,81.72558027325255,0.1317181780934334,0.0129174728299875,0.1293051540851593,0.1551943570375442,0.1333902478218078,0.117512360215187,0.1231887713074684,11.8,5.1146847410177685,11,8,5,19,16
725,23.434508797557083,0.6670012087563548,24.441898916185515,24.014907020883463,22.92406612081626,22.7696069147169,23.02206501518328,0.2024755328893661,0.0228030265122462,0.1616470068693161,0.2074857950210571,0.22971011698246,0.2148065418004989,0.1987282037734985,73.46080494504986,9.65136116028406,71.09548996434067,69.48799549449573,82.41486341303045,85.58357157851711,58.72210427486535,0.1031047470867633,0.0303111788206563,0.0990721806883812,0.0572195835411548,0.0932899713516235,0.1157690808176994,0.1501729190349578,65.94067400152034,7.655348308752407,57.67925297130238,55.63216001337225,73.05905116688122,70.6022939970999,72.7306118589459,0.1372589215636253,0.0145191274569632,0.1330442428588867,0.1620936542749405,0.1395558267831802,0.1345075815916061,0.117093302309513,10.0,3.3466401061363023,4,10,12,14,10
750,24.490550169010753,2.807364738102389,29.98878334478005,24.116890995772845,22.417128926699924,23.168016148596696,22.761931429204253,0.1760355791077018,0.0927895282201309,-0.001287986524403,0.2057082802057266,0.2704241275787353,0.1885647624731063,0.2167687118053436,69.61569444482976,8.50828880776581,65.6952205137773,73.46582545656146,76.3575227910822,77.77026633060339,54.78963713212447,0.0751700222492218,0.0295736019963889,0.0308160670101642,0.0557377375662326,0.0756411626935005,0.1034012213349342,0.1102539226412773,62.09157261703954,5.55028092247656,52.96531966238311,58.828999721642695,66.88146383112127,63.85630960175485,67.92577026829575,0.1258897587656974,0.0207080381383159,0.1236632242798805,0.1650505810976028,0.1177885830402374,0.1193562075495719,0.1035901978611946,9.4,6.499230723708768,1,9,21,7,9
775,22.954700090467316,1.2703036917094332,24.148023664336844,24.256384475943968,20.828436920323323,22.34549094721214,23.1951644445203,0.2403994500637054,0.069067411860388,0.2151983827352523,0.2029337733983993,0.3701914250850677,0.2436737120151519,0.1699999570846557,78.27676899071896,7.983928346744483,78.97380204634233,71.21599619316332,88.44093056881067,85.26034690394546,67.49276924133301,0.0957926295697689,0.0227118300143243,0.1009757742285728,0.0583323426544666,0.0859391167759895,0.1077912524342536,0.1259246617555618,70.49600988445862,8.991654945648182,64.83375803629558,57.159620053840406,77.77621124729966,70.32751696037523,82.38294312448213,0.1276817664504051,0.0258163728873264,0.1230231747031211,0.1705405414104461,0.0905958637595176,0.1341197490692138,0.1201295033097267,14.6,9.414881836751857,9,11,33,13,7
800,23.142271836270982,1.033080140990938,24.084512297640146,24.516711579155675,23.075886608399067,21.909768733781636,22.12447996237843,0.2256627082824707,0.0486809810726138,0.200785294175148,0.1593357324600219,0.2050931006669998,0.2905278503894806,0.2725715637207031,76.21235183947013,5.545670807016607,74.33101347720984,73.29816442547423,76.61488024393718,86.53070865977894,70.28699239095052,0.0890593841671943,0.0171644987874721,0.1093861013650894,0.0672100260853767,0.0950205624103546,0.103228285908699,0.070451945066452,68.80415293375651,9.267441659518024,60.76736791206129,59.094350294633344,67.78666964444247,71.34964168432987,85.02273513331558,0.1117213293910026,0.0244130811166829,0.1274933815002441,0.1453447639942169,0.1179372891783714,0.0867214053869247,0.081109806895256,15.4,8.039900496896712,10,6,11,26,24
825,23.382449445036265,1.1636807049861158,24.78348650391569,24.579408920917313,23.227532760384157,22.589178321287804,21.73264071867638,0.1990962505340576,0.061861739611495,0.1113188862800598,0.1740289330482483,0.1856843531131744,0.2258178293704986,0.2986312508583069,71.06473425662878,5.190158583852775,67.29394849141438,72.8932429226962,71.57772908066258,79.38995598301743,64.16879480535334,0.0877046227455139,0.0145426982803803,0.0814213901758194,0.0722024887800216,0.0817881971597671,0.1149524673819542,0.0881585702300071,63.9092722343676,8.093259494672022,54.38255448774858,58.646612803141274,63.27749471953421,64.9211496295351,78.31854953187884,0.1180197387933731,0.0277732353398963,0.1163311153650283,0.1688942015171051,0.1164077669382095,0.1023403853178024,0.08612522482872,10.6,6.829348431585549,3,8,7,12,23
850,22.95942266995145,1.023921399024907,24.11576352660189,23.591944183270957,23.138800689854573,22.851574671637152,21.099030278392675,0.2425466448068619,0.0519926697083528,0.2047650814056396,0.2542864680290222,0.204994648694992,0.2090798765420913,0.3396071493625641,79.57141969854182,4.7418530841518365,73.03187682411887,75.91433744719534,79.61702393040513,86.19002596537273,83.10383432561702,0.0889294609427452,0.0243545875112466,0.0953711047768592,0.0639908090233802,0.1019181832671165,0.1242291182279586,0.0591380894184112,72.2886879603068,14.143823093732804,59.79341830629291,61.235300584272906,71.34850819905598,70.02114541602857,99.04506729588364,0.1102729171514511,0.022412084992697,0.1135509237647056,0.1470677405595779,0.1077803373336792,0.0767424926161766,0.1062230914831161,16.8,8.795453370918409,8,23,12,10,31
875,23.242516496009433,1.03182239040551,24.202100173714236,24.374752044677734,23.42982496674528,22.59703414956319,21.60887114534673,0.2186331421136856,0.0466649319572717,0.1810961812734604,0.1742863357067108,0.2024798393249511,0.2326813042163849,0.3026220500469208,75.43256030805182,6.668505699511027,70.12419793100068,73.3058260715369,83.57484713467684,82.92422612508138,67.23370427796335,0.083547331392765,0.0127084999140719,0.0910379067063331,0.0743719562888145,0.0810158178210258,0.1037100777029991,0.0676008984446525,68.21000548565027,9.372273399995644,57.13216018676758,59.27320075757576,75.54847983157995,67.39209977063265,81.70408688169537,0.1124077811837196,0.0352963744198432,0.1135522872209549,0.1746403276920318,0.1114219054579734,0.0669351294636726,0.0954892560839653,14.6,7.863841300534999,7,10,9,19,28
900,23.663461228990062,0.7778570369347861,24.97879360631569,24.098441704032343,23.268190511723155,23.111821135294807,22.860059187584316,0.1875487118959427,0.0305462719560403,0.1277099698781967,0.204249769449234,0.212643027305603,0.199145957827568,0.1939948350191116,75.55773464549671,6.5446802947129905,71.89772790851015,76.32163313663366,79.14136453108354,84.88626063953747,65.54168701171875,0.0823062911629676,0.0144494326654705,0.10381630808115,0.0790155455470085,0.0743178948760032,0.092261865735054,0.0621198415756225,68.25316703969781,7.652949819481692,58.505645867550015,62.06587831901781,71.05924467606978,69.09539995771466,80.53966637813684,0.1087865799665451,0.0302813031824013,0.1112447902560234,0.1609409153461456,0.1042577028274536,0.066657155752182,0.1008323356509208,10.0,3.40587727318528,4,14,12,11,9
925,23.281460240944146,0.5971328972680543,23.34609396433093,24.36562570591563,23.12021237796115,22.99936420401347,22.576004952499545,0.2129039019346237,0.028434767113961,0.2586902678012848,0.1801883578300476,0.2056683897972107,0.1899038702249527,0.2300686240196228,76.01656781976874,5.1626859998344745,77.11427809975363,74.3631636879661,79.43478289517489,82.12011684070934,67.0504975752397,0.0743328582495451,0.0333948649169595,0.1098500192165374,0.0654573068022728,0.0727550387382507,0.1060686409473419,0.0175332855433225,68.63443997701009,7.600782562599979,62.878600727428086,60.3850439823035,71.42562161069928,66.5926412524599,81.89029231215969,0.0903498852625489,0.0427100532550527,0.096948005259037,0.1448130458593368,0.0903252363204956,0.0137434126809239,0.1059197261929512,14.4,3.8262252939417984,20,11,12,11,18
950,23.459603838576484,0.806495351621611,24.313742598307503,24.507592928778266,22.591587027323616,22.681594681494015,23.203501956979025,0.2038887739181518,0.0338992739083425,0.1831079423427581,0.1638492494821548,0.2632083594799042,0.2144079357385635,0.1948703825473785,74.91186308427291,6.698508916636638,72.13056304238059,80.94919389666933,74.64773790764086,82.7865987257524,64.04522184892134,0.0790884226560592,0.0204115214629788,0.0992345511913299,0.0780402719974517,0.0727738589048385,0.1005768552422523,0.0448165759444236,67.43343252124208,6.419057323996882,58.830897360137016,66.00664080995502,66.31219170310281,67.23994795481364,78.77748477820194,0.0887632325291633,0.0312120908278263,0.1015727370977401,0.1391890943050384,0.0687017142772674,0.0468088462948799,0.0875437706708908,13.4,4.317406628984581,9,10,21,15,12
975,23.297377765301576,0.2124926384087772,23.447351475351866,23.409219859801617,23.460514678168543,22.89273119464363,23.27707161854223,0.207763123512268,0.0397869576304587,0.2502937912940979,0.2596157491207123,0.178088292479515,0.1902962923049926,0.1605214923620224,72.7499447071191,9.512258237020832,69.35381182757291,82.31811569676255,78.56071946115205,77.79875258243445,55.71832396767356,0.0620556592941284,0.0179396354404118,0.0827224552631378,0.0343705937266349,0.0668527707457542,0.0771321654319763,0.0492003113031387,64.24331368244056,4.261092685945761,56.203825517134234,67.74242851950906,66.84836826902448,63.59104387687914,66.83090222965588,0.0907949045300483,0.032030774089667,0.0767669305205345,0.138420969247818,0.1109922900795936,0.0437736064195632,0.0840207263827323,14.4,6.216108107168021,19,24,12,10,7
1000,24.863207799380582,2.8851611257994945,30.54820082359707,24.353530647828407,23.38771885940709,22.912225428315782,23.114363237754585,0.1482012800872326,0.0957243385796888,-0.0414196737110614,0.213638961315155,0.1729137748479843,0.2010690420866012,0.1948042958974838,73.43161116802331,6.6815090306413305,64.92330260710283,76.83651825875947,79.22278479373816,80.34905763105913,65.82639254945697,0.0497388773132115,0.0298659293661504,0.0302256401628255,0.0601063668727874,0.0706672519445419,0.0854661017656326,0.0022290258202701,65.37584662003951,8.022321503277345,52.65143377130682,63.566845922759086,67.49586853836522,65.45618924227628,77.70889562549013,0.0956997752189636,0.0347846750029495,0.1165209040045738,0.1177820190787315,0.1275770515203476,0.0326531678438186,0.0839657336473465,10.2,5.418486873657626,1,17,9,10,14
