lags,train_bce_mean,train_bce_std,train_bce_fold_1,train_bce_fold_2,train_bce_fold_3,train_bce_fold_4,train_bce_fold_5,train_roc_auc_mean,train_roc_auc_std,train_roc_auc_fold_1,train_roc_auc_fold_2,train_roc_auc_fold_3,train_roc_auc_fold_4,train_roc_auc_fold_5,val_bce_mean,val_bce_std,val_bce_fold_1,val_bce_fold_2,val_bce_fold_3,val_bce_fold_4,val_bce_fold_5,val_roc_auc_mean,val_roc_auc_std,val_roc_auc_fold_1,val_roc_auc_fold_2,val_roc_auc_fold_3,val_roc_auc_fold_4,val_roc_auc_fold_5,test_bce_mean,test_bce_std,test_bce_fold_1,test_bce_fold_2,test_bce_fold_3,test_bce_fold_4,test_bce_fold_5,test_roc_auc_mean,test_roc_auc_std,test_roc_auc_fold_1,test_roc_auc_fold_2,test_roc_auc_fold_3,test_roc_auc_fold_4,test_roc_auc_fold_5,num_epochs_mean,num_epochs_std,num_epochs_fold_1,num_epochs_fold_2,num_epochs_fold_3,num_epochs_fold_4,num_epochs_fold_5
-1000,0.6931762933731079,4.102246277413645e-05,0.6931427419185638,0.6931485235691071,0.6931414902210236,0.6932428777217865,0.6932058334350586,0.7155048829106383,0.0126696907434207,0.7228778587681746,0.7221997764654353,0.6902170745920746,0.7218241410488246,0.7204055636786821,0.6931725382804871,3.556174353889799e-05,0.6931430697441101,0.6931480765342712,0.6931434273719788,0.6932308077812195,0.6931973099708557,0.6644903225880997,0.0160136455949532,0.6476251604621309,0.6640564826700899,0.6535301668806162,0.6631578947368421,0.694081908190819,0.6931727766990662,3.530363738232105e-05,0.6931427717208862,0.6931489109992981,0.6931442618370056,0.6932306289672852,0.6931973099708557,0.666858170198518,0.0297475692060314,0.6655040504050405,0.6226475279106858,0.666279669762642,0.7164179104477613,0.6634416924664602,13.8,7.626270385975047,22,15,22,5,5
-975,0.6931889057159424,2.9921775081677968e-05,0.6931542158126831,0.6931587159633636,0.6931900978088379,0.693207859992981,0.6932336390018463,0.7177306482704651,0.0210980978111357,0.73276147611254,0.6993872969572181,0.731917735042735,0.7387777284079908,0.6858090048318415,0.6931921362876892,3.9490178340214785e-05,0.6931918263435364,0.6931450963020325,0.6931583285331726,0.6932087540626526,0.693256676197052,0.6695414451586366,0.014137762471271,0.6498074454428755,0.6693196405648267,0.6716302952503208,0.6635430038510911,0.6934068406840684,0.6931923031806946,3.9371040383199944e-05,0.6931918263435364,0.6931456327438354,0.6931585073471069,0.6932087540626526,0.6932567954063416,0.6643167658570764,0.019664171105895,0.6620162016201621,0.6368421052631579,0.667827657378741,0.6976481230212573,0.657249742002064,5.2,2.4819347291981715,4,10,3,4,5
-950,0.6931768298149109,4.860033275539918e-05,0.6931494176387787,0.6931425333023071,0.6932719647884369,0.6931717991828918,0.6931484341621399,0.7085724014683279,0.0431752608021255,0.7532148702361467,0.7337666093691144,0.6280038038214528,0.7054550958854205,0.7224216280295047,0.6931516170501709,7.319062064242716e-06,0.6931455135345459,0.6931441426277161,0.6931639313697815,0.6931489109992981,0.6931555867195129,0.6757743027191039,0.0164807947232529,0.6548138639281129,0.6739409499358152,0.6786906290115533,0.6668806161745828,0.7045454545454545,0.6931518673896789,7.1729528192838245e-06,0.6931453943252563,0.6931453943252563,0.693164050579071,0.6931487321853638,0.6931557655334473,0.66942843722938,0.0274613813042187,0.6630288028802881,0.6355661881977671,0.6606037151702788,0.7194708276797829,0.6684726522187823,9.6,6.248199740725324,15,18,1,5,9
-925,0.6931702613830566,2.898596366502472e-05,0.6931658685207367,0.6931520402431488,0.6931457221508026,0.6931611597537994,0.6932265162467957,0.6923453891493855,0.0598193960878062,0.6933717877866814,0.7348636013785659,0.7487179599818445,0.7052889466520667,0.5794846499477695,0.6931894183158874,3.4486746809114496e-05,0.6931648850440979,0.6931711435317993,0.6931496262550354,0.6932335495948792,0.6932278871536255,0.6785561354595023,0.0180127997293937,0.6645699614890886,0.680359435173299,0.6631578947368422,0.6722721437740693,0.7124212421242124,0.6931896924972534,3.418897485043532e-05,0.6931650638580322,0.6931718587875366,0.6931502819061279,0.6932333707809448,0.6932278871536255,0.6675527325155232,0.0270117645945201,0.6626912691269127,0.637799043062201,0.6655056759545923,0.7180009045680688,0.653766769865841,7.4,4.127953488110059,10,11,11,4,1
-900,0.6932045578956604,6.149119584167531e-05,0.6933154761791229,0.6932256519794464,0.6931471228599548,0.6931610107421875,0.6931735277175903,0.6859827055593475,0.0672820405755881,0.5627491738270751,0.665394189144189,0.7351030754991594,0.7253661141490089,0.7413009751773049,0.6932188749313355,4.390328432182997e-05,0.6932827830314636,0.6932199597358704,0.6931511163711548,0.6931983828544617,0.6932421326637268,0.6916334842726891,0.0248771754168578,0.6738125802310655,0.6838254172015404,0.6738125802310655,0.6863928112965341,0.7403240324032403,0.6932192206382751,4.3536525155606296e-05,0.6932828426361084,0.6932200193405151,0.6931524872779846,0.6931983232498169,0.6932424306869507,0.6575173066264624,0.0310767280858223,0.641089108910891,0.6129186602870813,0.6620227038183694,0.7075983717774763,0.6639576883384934,5.0,5.176871642217914,1,1,15,4,4
-875,0.6931492567062378,1.4684830578666036e-05,0.6931421756744385,0.693144828081131,0.6931781768798828,0.6931373476982117,0.693143755197525,0.7221658472868586,0.030384316084914,0.7064931794693384,0.6790739533159442,0.7697202853075338,0.7374979710168067,0.7180438473246693,0.6931438326835633,4.619017711388578e-06,0.6931430101394653,0.6931427121162415,0.6931518912315369,0.693137526512146,0.6931440234184265,0.686435597346641,0.0202879482229854,0.6658536585365853,0.686007702182285,0.6727856225930681,0.6831835686777921,0.7243474347434744,0.693144154548645,5.090864777059248e-06,0.6931432485580444,0.6931442618370056,0.6931524276733398,0.6931363940238953,0.6931444406509399,0.6762999048391508,0.0293865962582452,0.6725922592259226,0.6371610845295056,0.6611197110423117,0.7260289461781999,0.6845975232198143,21.4,10.669582934679312,26,17,7,39,18
-850,0.6931665241718292,3.351069924460517e-05,0.693129301071167,0.6931746304035187,0.6931400001049042,0.6931634247303009,0.6932252645492554,0.7034753303731934,0.0341258460520789,0.7175810790430485,0.7308903435588071,0.7293215049062469,0.7008976088599377,0.6386861154979265,0.6931626319885253,2.744669049371872e-05,0.6931323409080505,0.6931772828102112,0.693141520023346,0.6931535005569458,0.6932085156440735,0.6958020102395349,0.0275190686465659,0.6712451861360719,0.6916559691912708,0.6801026957637998,0.686906290115533,0.7490999099909992,0.6931633353233337,2.701023132282702e-05,0.6931329965591431,0.6931775212287903,0.6931441426277161,0.6931533217430115,0.6932086944580078,0.6679758826120585,0.0339671626363358,0.6829432943294329,0.6269537480063795,0.6495098039215685,0.7258028041610132,0.6546697626418988,19.8,24.522642598219303,66,3,24,5,1
-825,0.6931833982467651,2.693006452148485e-05,0.6931921541690826,0.6931783854961395,0.6931684911251068,0.6931487321853638,0.6932292282581329,0.7522592165622348,0.0114594633818215,0.7584569166465719,0.7546992676942121,0.7642067465283986,0.73061732938452,0.7533158225574712,0.6931694865226745,3.3294482331911035e-05,0.6932348608970642,0.693155825138092,0.6931633353233337,0.6931449174880981,0.6931484937667847,0.6921140445238361,0.0235235949426614,0.6713735558408216,0.6887034659820283,0.6817715019255456,0.6808729139922979,0.7378487848784878,0.6931698322296143,3.323507103376566e-05,0.6932348608970642,0.6931566596031189,0.6931645274162292,0.6931444406509399,0.693148672580719,0.668021929266537,0.0374942801789149,0.6701170117011702,0.6307814992025518,0.6430598555211557,0.7381275440976934,0.6580237358101136,7.6,3.6110940170535577,4,8,11,12,3
-800,0.6932084202766419,6.23914972383523e-05,0.6931453049182892,0.6931895613670349,0.6932567656040192,0.6931470632553101,0.6933034062385559,0.7054353158399425,0.0175997967714125,0.719720748600059,0.7107072788322788,0.6971884547667133,0.6754395243265106,0.7241205726741509,0.6931508898735046,4.045992088552547e-06,0.6931468844413757,0.6931459307670593,0.6931540369987488,0.6931511163711548,0.6931564807891846,0.693997289330987,0.0266985196025683,0.6682926829268293,0.6842105263157895,0.686007702182285,0.6857509627727857,0.7457245724572457,0.6931510210037232,3.9593997635528345e-06,0.6931470036506653,0.6931465864181519,0.6931542754173279,0.6931505799293518,0.6931566596031189,0.6630276247901118,0.041555862393888,0.6757425742574257,0.6403508771929824,0.6224200206398349,0.7384667571234735,0.6381578947368421,8.0,5.477225575051661,14,6,2,15,3
-775,0.6932131767272949,0.0001182568268487,0.6934477388858795,0.6931723356246948,0.6931266784667969,0.6931612491607666,0.6931578814983368,0.7002102490775577,0.0761330778255396,0.5495188322315981,0.7192824376214182,0.7492204355036043,0.7484231321839081,0.7346064078472605,0.6931772351264953,3.4435876689880195e-05,0.6932219862937927,0.6931799054145813,0.6931317448616028,0.6931458711624146,0.6932066679000854,0.6944884334389794,0.0210955053396324,0.6833119383825418,0.6845956354300385,0.6810012836970476,0.6870346598202824,0.7364986498649865,0.6931789636611938,3.2473021839353845e-05,0.6932221055030823,0.69318026304245,0.693139910697937,0.6931456923484802,0.6932068467140198,0.670037460286854,0.0360202263856945,0.6644914491449145,0.6419457735247209,0.630546955624355,0.7333785617367706,0.6798245614035088,15.0,23.55419283269966,1,3,62,6,3
-750,0.6932543814182281,0.0001340874983431,0.6931370198726654,0.6931953728199005,0.6935059726238251,0.6932738423347473,0.6931596994400024,0.6666489596597682,0.0637635663169683,0.724312756209308,0.708684851996406,0.5665015450525411,0.615847204500638,0.7178984405399481,0.6931887149810791,3.3237987043107235e-05,0.6931385397911072,0.6932315230369568,0.6932001709938049,0.6931639313697815,0.6932094097137451,0.6897503723414703,0.0276764383955986,0.6614890885750964,0.6798459563543003,0.6775353016688062,0.6874197689345315,0.7424617461746175,0.6931890249252319,3.319992625277564e-05,0.6931391358375549,0.6932319402694702,0.6932004690170288,0.6931639909744263,0.6932095885276794,0.6628823154946148,0.0414510370250348,0.6687668766876688,0.6346092503987241,0.6039731682146543,0.7256897331524197,0.6813725490196079,9.4,14.347125147568764,38,4,1,1,3
-725,0.6931875348091125,5.402665416658912e-05,0.6932035088539124,0.6931435465812683,0.6931584775447845,0.6932865381240845,0.6931456029415131,0.7023413529556114,0.0371260279517463,0.7074121551568697,0.7340245865245865,0.7169783223377055,0.6301302032537595,0.7231614975051359,0.6931657791137695,2.2945852941179465e-05,0.693160355091095,0.6931487917900085,0.6932093501091003,0.6931650042533875,0.6931453943252563,0.6899269182373949,0.0268432600392558,0.6726572528883183,0.6740693196405648,0.6734274711168164,0.6869062901155327,0.7425742574257425,0.6931662678718566,2.283296406015881e-05,0.6931604743003845,0.6931502819061279,0.6932098269462585,0.6931649446487427,0.6931458115577698,0.6660008575137815,0.0319616045483038,0.6827182718271828,0.6427432216905901,0.6188080495356038,0.7104251469923112,0.6753095975232198,7.8,6.368673331236263,4,16,3,1,15
-700,0.6931832373142243,5.28492722890672e-05,0.693190336227417,0.6931436359882355,0.6931542754173279,0.6932833194732666,0.6931446194648743,0.665458526942762,0.1012240999260464,0.7332680648214929,0.7168688256188256,0.7072934645255781,0.463953956791597,0.7059083229563162,0.6931602239608765,1.7564727307495998e-05,0.6931573748588562,0.6931431293487549,0.693191409111023,0.6931647658348083,0.6931444406509399,0.6826542487368121,0.0293801672369683,0.6627727856225931,0.665982028241335,0.6725288831835688,0.6709884467265727,0.7409990999099909,0.6931608200073243,1.7444820403312408e-05,0.6931576132774353,0.693144679069519,0.6931921243667603,0.6931648254394531,0.6931448578834534,0.6641908281212114,0.0403589411383613,0.6647164716471647,0.6417862838915469,0.6111971104231166,0.7334916327453641,0.6697626418988648,10.2,7.249827584156743,9,18,4,1,19
-675,0.6932933449745178,0.0001066823383947,0.6932473182678223,0.6934799253940582,0.6933107972145081,0.6931543946266174,0.6932742893695831,0.6348047630135302,0.0615025600732653,0.599853958098639,0.5342534324942791,0.6578055709642945,0.6720372231690679,0.7100736303413703,0.6931926131248474,3.557492425459908e-05,0.6931664943695068,0.6932093501091003,0.6932553648948669,0.693164587020874,0.6931672692298889,0.684385252389167,0.0356678161213963,0.6602053915275995,0.679589216944801,0.6679075738125803,0.6599486521181002,0.7542754275427543,0.693192720413208,3.576471403015712e-05,0.6931664943695068,0.6932094693183899,0.6932558417320251,0.6931644678115845,0.6931673288345337,0.6503090734654539,0.0520444079288278,0.6494149414941494,0.5940988835725677,0.6060371517027865,0.7415196743554953,0.6604747162022704,2.0,1.095445115010332,1,1,2,4,2
-650,0.6931845128536225,1.8831310018087942e-05,0.6931716203689575,0.6931838989257812,0.6931574940681458,0.6931995153427124,0.6932100355625153,0.7103027493556835,0.0304865170277683,0.7136332304062989,0.6737673526792942,0.7020562635740544,0.6965748767974795,0.7654820233212905,0.6932050466537476,4.851565307574569e-05,0.6931582093238831,0.6932905316352844,0.6931712627410889,0.6932262182235718,0.6931790113449097,0.6784929327335815,0.0378984640364642,0.6557124518613607,0.6573812580231065,0.6578947368421053,0.6676508344030809,0.7538253825382539,0.6932054758071899,4.833924197076156e-05,0.6931585073471069,0.6932907700538635,0.6931726336479187,0.6932262778282166,0.693179190158844,0.65505719210154,0.0425792756895985,0.6566156615661566,0.6307814992025518,0.6025541795665635,0.7306648575305292,0.6546697626418989,6.4,3.878143885933063,12,2,10,4,4
-625,0.6932040691375733,5.398276355848946e-05,0.6932744383811951,0.6931443214416504,0.6931372284889221,0.693232923746109,0.6932314336299896,0.5929871348681687,0.0953437474707813,0.524139964416778,0.7038845583062459,0.7151636557886557,0.5117849576271186,0.5099625382020452,0.693217670917511,6.222449265509745e-05,0.6932931542396545,0.6931473612785339,0.6931397914886475,0.6932562589645386,0.6932517886161804,0.679513679866061,0.0424313190770875,0.657637997432606,0.6549422336328626,0.6557124518613607,0.665211810012837,0.764063906390639,0.693218982219696,6.068198509936628e-05,0.6932932138442993,0.6931490302085876,0.6931445598602295,0.6932561993598938,0.69325190782547,0.6418949503887129,0.0397244306125359,0.6352385238523852,0.6397129186602871,0.6025541795665634,0.716644052464948,0.6153250773993807,11.0,13.023056476879765,1,19,33,1,1
-600,0.6931754767894744,4.6473350510414496e-05,0.6931462585926056,0.6931609213352203,0.6931648254394531,0.6932664811611176,0.6931388974189758,0.695117084760737,0.0275473960914762,0.6996387521962597,0.7240683072242805,0.7098606254856255,0.6431171832823714,0.6989005556151472,0.6931546568870545,2.2541546789807984e-05,0.6931434869766235,0.6931992173194885,0.6931458115577698,0.6931474208831787,0.6931373476982117,0.6707365659544132,0.0327625815086661,0.6482670089858795,0.6567394094993582,0.6521181001283697,0.6608472400513479,0.7357110711071106,0.6931552052497864,2.261097623339771e-05,0.6931440830230713,0.693199872970581,0.6931470036506653,0.6931474804878235,0.6931375861167908,0.6489352307995458,0.0345515044907724,0.6406390639063906,0.6421052631578947,0.5980392156862745,0.7052238805970149,0.6586687306501549,15.6,13.95134402127623,17,8,8,3,42
-575,0.6931531548500061,1.0666244104606324e-05,0.6931611597537994,0.6931689381599426,0.6931391656398773,0.6931506991386414,0.6931458115577698,0.6966120338678236,0.0148537564705035,0.7114891073531737,0.707123015873016,0.7006636947248563,0.6945728291316526,0.669211522256419,0.6931518077850342,8.950196623281808e-06,0.69316565990448,0.6931455731391907,0.6931402087211609,0.6931574940681458,0.6931501030921936,0.6660483506630509,0.0358448699382118,0.6410783055198974,0.6503209242618742,0.6468549422336329,0.654813863928113,0.7371737173717372,0.693152928352356,7.827667203027212e-06,0.6931659579277039,0.6931461691856384,0.6931450366973877,0.693157434463501,0.6931500434875488,0.6561848471247937,0.0460643050261924,0.6412016201620163,0.6440191387559808,0.5952012383900929,0.7365445499773858,0.6639576883384932,14.2,8.657944328765346,9,8,31,9,14
-550,0.6932128369808197,4.6082836841355696e-05,0.6932874023914337,0.6932443380355835,0.6931630074977875,0.6931838393211365,0.6931855976581573,0.6186237500372155,0.1169505910249565,0.4541044033237167,0.5046844218170157,0.7377503128911138,0.6713276214490332,0.7252519907051977,0.6931918621063232,4.932013479729504e-05,0.6931650042533875,0.6931675672531128,0.693167507648468,0.6932904720306396,0.6931687593460083,0.6704970541983595,0.0305573846750335,0.6625160462130937,0.6635430038510911,0.6419768934531451,0.6548138639281129,0.7296354635463547,0.6931920766830444,4.9184652062845907e-05,0.693165123462677,0.6931675672531128,0.6931686401367188,0.6932904124259949,0.6931686401367188,0.6438405327987168,0.0526597628528554,0.5864086408640864,0.6586921850079746,0.5913312693498451,0.7305517865219356,0.6522187822497421,3.6,2.8000000000000003,1,1,7,2,7
-525,0.693182647228241,3.2044518056188294e-05,0.6932384669780731,0.6931807994842529,0.6931384801864624,0.6931748986244202,0.6931805908679962,0.6862077305806284,0.0505024408862123,0.5876809217397643,0.7072488792120692,0.701403759219605,0.7320376118107981,0.7026674809209057,0.6931899905204773,4.583548972194994e-05,0.6931708455085754,0.693276047706604,0.6931397914886475,0.6931876540184021,0.6931756138801575,0.6608675238512298,0.0321665635375266,0.6392811296534018,0.650834403080873,0.6383825417201541,0.651604621309371,0.7242349234923493,0.6931910753250122,4.477235892357109e-05,0.6931709051132202,0.6932761669158936,0.6931449770927429,0.6931877136230469,0.6931756138801575,0.646890026325307,0.0467912776367471,0.6544779477947795,0.6251993620414673,0.580108359133127,0.7239936680235187,0.650670794633643,8.4,12.32233744059949,1,2,33,3,3
-500,0.6931713044643402,3.951983749061357e-05,0.6931684613227844,0.693246066570282,0.6931356489658356,0.6931412816047668,0.6931650638580322,0.6985107073957553,0.0439046276553491,0.725225150811659,0.6116243554277982,0.7283095432310256,0.7100951879393274,0.7172992995689655,0.6931509256362915,9.793418606010795e-06,0.6931518912315369,0.693166971206665,0.6931393146514893,0.6931422352790833,0.6931542158126831,0.6520097138083514,0.0361692187661841,0.6273427471116817,0.6378690629011553,0.6281129653401798,0.6433889602053915,0.7233348334833484,0.6931521415710449,8.648911231135912e-06,0.6931520700454712,0.6931670308113098,0.6931450963020325,0.6931422352790833,0.6931542754173279,0.6407440900737178,0.050441559118528,0.6344509450945095,0.6237639553429027,0.5703044375644994,0.7265943012211669,0.6486068111455108,17.0,12.853015210447705,12,1,37,26,9
-475,0.6932669699192047,7.557282430697115e-05,0.6933276355266571,0.6931708753108978,0.6933795213699341,0.6932283639907837,0.6932284533977509,0.6086592057088167,0.0611360890638855,0.6649962563062795,0.6817395038218836,0.5831413445570235,0.5112958037825059,0.6021231200763906,0.6932207345962524,4.7059488313878466e-05,0.6932775974273682,0.6931484937667847,0.6932528614997864,0.6932392716407776,0.6931854486465454,0.6525459952927257,0.0367063762027778,0.6258023106546855,0.6264441591784339,0.6414634146341464,0.6446726572528884,0.7243474347434744,0.6932209014892579,4.6991409828431226e-05,0.6932776570320129,0.6931489109992981,0.6932531595230103,0.6932393312454224,0.6931854486465454,0.6209610198347131,0.0459717579290249,0.6027227722772276,0.6226475279106858,0.5526315789473684,0.6947082767978291,0.632094943240454,2.0,2.0,1,6,1,1,1
-450,0.6932269096374511,6.657679642556288e-05,0.6932886242866516,0.693146288394928,0.6932404935359955,0.6933059096336365,0.6931532323360443,0.6327295947938023,0.0592734080722468,0.5744184007481881,0.6865026790712552,0.5609219035486064,0.6308758829618804,0.7109291076390815,0.6932008981704711,4.444414892000192e-05,0.6931651830673218,0.6931531429290771,0.6932730078697205,0.6932295560836792,0.6931836009025574,0.6450912048842882,0.0356791497562029,0.6267008985879332,0.6183568677792042,0.6358151476251606,0.6290115532734275,0.7155715571557155,0.6932010650634766,4.441748366699869e-05,0.6931652426719666,0.6931536197662354,0.6932732462882996,0.693229615688324,0.6931836009025574,0.6188079897126075,0.0520573908997686,0.6188118811881188,0.6159489633173844,0.5318627450980392,0.6949344188150158,0.6324819401444788,4.2,4.534313619501854,1,13,1,2,4
-425,0.693151593208313,1.5329765392300844e-05,0.6931615173816681,0.6931353211402893,0.6931411325931549,0.6931432485580444,0.6931767463684082,0.7146307585348097,0.0179481097900451,0.7293973882736312,0.6936700746469205,0.6973650098337206,0.7125769313425505,0.7401443885772261,0.6931532382965088,1.503519809854249e-05,0.6931658387184143,0.6931366324424744,0.6931425333023071,0.693145215511322,0.6931759715080261,0.6344100770795951,0.0447854494918379,0.602824133504493,0.6134788189987163,0.6087291399229782,0.6241335044929397,0.7228847884788479,0.6931545257568359,1.4022397748445503e-05,0.6931659579277039,0.6931392550468445,0.693146288394928,0.6931450963020325,0.6931760311126709,0.6214701371019686,0.0531688721423946,0.6086858685868587,0.6186602870813398,0.5515995872033024,0.7163048394391677,0.6121001031991744,24.4,19.825236442474026,9,60,26,24,3
-400,0.693189001083374,4.552068573480429e-05,0.6932420432567596,0.6931408941745758,0.693246066570282,0.6931632161140442,0.6931527853012085,0.6580250683480722,0.0486887351237183,0.6006955537007457,0.6949854667961075,0.6073926093003701,0.6609992316185247,0.7260524803246126,0.6931879162788391,4.697445949733858e-05,0.6932753920555115,0.6931419968605042,0.6931670308113098,0.6931952238082886,0.6931599378585815,0.6290431892996745,0.0415529494446226,0.6237483953786906,0.6019255455712452,0.5975609756097562,0.6118100128369706,0.7101710171017102,0.6931881904602051,4.679431557893898e-05,0.693275511264801,0.6931429505348206,0.6931672096252441,0.6931951642036438,0.6931601166725159,0.6114112178280349,0.0546655607074013,0.5919216921692169,0.6172248803827751,0.5334107327141383,0.7033016734509272,0.6111971104231166,11.2,12.237646832622683,1,34,1,7,13
-375,0.6931637406349183,1.548387797836479e-05,0.6931726932525635,0.693170040845871,0.6931476294994354,0.6931439340114594,0.6931844055652618,0.7201398130927503,0.0100968991264633,0.726239184846688,0.7125660131291109,0.7117440561163795,0.7372398772261965,0.7129099341453768,0.6931533217430115,8.0761104429275e-06,0.6931669116020203,0.6931468844413757,0.6931566596031189,0.6931439638137817,0.6931521892547607,0.6204090325592251,0.0485741378771657,0.5916559691912708,0.5930680359435173,0.5879332477535302,0.6134788189987164,0.7159090909090908,0.6931536078453064,8.107581446976372e-06,0.6931668519973755,0.6931470036506653,0.6931576728820801,0.6931440234184265,0.6931524872779846,0.617054355174439,0.0495632479092604,0.6111611161116113,0.6263157894736842,0.5506965944272446,0.7022840343735866,0.5948142414860681,12.2,6.11228271597445,12,7,9,24,9
-350,0.6933008790016174,0.000127362197966,0.6934660375118256,0.6931683421134949,0.6933219730854034,0.6934051215648651,0.6931429207324982,0.6081741479482334,0.0840819850322815,0.5280032956949152,0.7134487571689775,0.5555633093708576,0.5362172108870882,0.7076381666193289,0.6932200908660888,4.4231713331192994e-05,0.6932147741317749,0.693220317363739,0.6932801008224487,0.6932408213615417,0.6931444406509399,0.6254826920432738,0.0371681193733005,0.5903722721437741,0.6029525032092425,0.6251604621309371,0.6127086007702183,0.6962196219621963,0.6932202339172363,4.429786723599755e-05,0.6932148337364197,0.6932203769683838,0.6932804584503174,0.6932409405708313,0.6931445598602295,0.5879764750191576,0.0380061233774152,0.5876462646264626,0.6082934609250399,0.5154798761609908,0.6235866123925825,0.6048761609907121,6.2,9.907572861200668,1,2,1,1,26
-325,0.6931552529335022,1.0676577905126206e-05,0.6931686401367188,0.6931460797786713,0.6931478381156921,0.6931679546833038,0.693145751953125,0.7022248434602517,0.0380691923767036,0.7696063792222623,0.6533949383949385,0.686050351351231,0.706386342475344,0.6956862058574826,0.6931606769561768,1.7092658440692538e-05,0.6931930184364319,0.693149209022522,0.6931607723236084,0.693155825138092,0.6931445598602295,0.6110953367480522,0.0389886043921189,0.6023106546854943,0.5857509627727857,0.5749679075738126,0.606803594351733,0.6856435643564356,0.6931607007980347,1.7093523075948546e-05,0.6931928992271423,0.6931489706039429,0.6931614279747009,0.6931556463241577,0.6931445598602295,0.619796185269837,0.0474918786307033,0.6252250225022502,0.6264752791068582,0.5452786377708979,0.6940298507462687,0.6079721362229102,11.4,6.343500610861483,2,15,9,10,21
-300,0.6932267487049103,9.51980177568024e-05,0.6932494640350342,0.6934029757976532,0.6931697726249695,0.6931413114070892,0.6931702196598053,0.618674051246085,0.0888885065258113,0.4970410391508598,0.5331754994941493,0.6454526658555957,0.6943496012539327,0.7233514504758873,0.693213963508606,5.02195304533822e-05,0.6932840943336487,0.6932418346405029,0.6932278275489807,0.6931427717208862,0.6931732892990112,0.6081334860058535,0.0363205160612371,0.5803594351732991,0.5952503209242619,0.5776636713735559,0.6105263157894737,0.6768676867686768,0.6932140350341797,5.026656711211199e-05,0.6932841539382935,0.6932419538497925,0.693228006362915,0.6931427121162415,0.693173348903656,0.590402856028868,0.0578480897229006,0.5360036003600359,0.551993620414673,0.5566305469556243,0.6933514246947082,0.6140350877192984,11.4,15.37010084547268,1,1,2,41,12
-275,0.693169116973877,2.9288645318129508e-05,0.6931435763835907,0.6932230293750763,0.6931438446044922,0.6931609809398651,0.6931741535663605,0.7221795710258254,0.0290335148542139,0.7335428221204083,0.7624686785052838,0.7077328430220349,0.7315191236068896,0.6756343878745105,0.6931663870811462,3.82361524468123e-05,0.6931464076042175,0.6931502819061279,0.6931453347206116,0.6931471228599548,0.6932427883148193,0.6104782609198018,0.0401836954659741,0.5744544287548139,0.6106546854942234,0.5715019255455712,0.612836970474968,0.6829432943294329,0.6931665778160095,3.810447322201726e-05,0.6931458711624146,0.6931502819061279,0.6931467056274414,0.6931473016738892,0.6932427287101746,0.6023014843880765,0.0440044841699475,0.6067731773177318,0.5960127591706539,0.5341847265221877,0.6728855721393034,0.6016511867905057,12.2,9.064215354899728,25,3,21,8,4
-250,0.6931821167469024,2.780715683829988e-05,0.6932256519794464,0.6931743621826172,0.6931451857089996,0.6931992173194885,0.6931661665439606,0.6985653943550334,0.1099583286454846,0.4924789247663984,0.726781833278189,0.6999511403419327,0.8151897332119934,0.7584253401766532,0.6931796073913574,3.9580751479529067e-05,0.6932012438774109,0.6932478547096252,0.6931483149528503,0.6931478977203369,0.6931527256965637,0.6246203965711077,0.03686421546108,0.5953786906290115,0.6148908857509627,0.5780487804878048,0.6644415917843389,0.6703420342034204,0.6931798458099365,3.939231245594098e-05,0.6932012438774109,0.6932478547096252,0.6931495666503906,0.6931479573249817,0.6931526064872742,0.6042619373531087,0.0356423774426418,0.6144239423942394,0.6239234449760765,0.5339267285861713,0.631388511985527,0.6176470588235293,8.0,6.957010852370434,1,2,20,6,11
-225,0.6931649148464203,1.1106042468615875e-05,0.6931750774383545,0.6931585073471069,0.6931508481502533,0.6931595504283905,0.6931805908679962,0.7386302009502674,0.074360997309033,0.8007190606328538,0.6439509239255581,0.7341783216783216,0.841183225682532,0.673119472832072,0.6931902527809143,3.358091197447816e-05,0.6932430863380432,0.6932090520858765,0.6931494474411011,0.6931615471839905,0.6931881308555603,0.6236432500759703,0.0374135319778007,0.5952503209242619,0.606803594351733,0.5838254172015405,0.6473684210526316,0.684968496849685,0.6931904077529907,3.334480942309797e-05,0.6932429671287537,0.6932090520858765,0.6931502223014832,0.6931616067886353,0.6931881904602051,0.6099761105910508,0.0450210705139121,0.6234248424842485,0.6331738437001595,0.52218782249742,0.6497060153776572,0.6213880288957688,6.8,3.1874754901018454,4,3,12,8,7
-200,0.6932004034519196,5.744368193448263e-05,0.6933092474937439,0.693188488483429,0.6931380331516266,0.693186491727829,0.6931797564029694,0.7147506535608656,0.060116676003353,0.6188008633197635,0.7718715218755059,0.7130513549463673,0.7838858282674772,0.6861436993952141,0.6931973099708557,8.43868322517717e-05,0.6933649182319641,0.6931592226028442,0.6931432485580444,0.6931474804878235,0.6931716799736023,0.6203348531258774,0.0311925809361567,0.5919127086007703,0.6250320924261874,0.578048780487805,0.6591784338896021,0.6475022502250225,0.6931979417800903,8.401669618654765e-05,0.6933649778366089,0.6931590437889099,0.6931463479995728,0.6931476593017578,0.6931716799736023,0.5892857945283462,0.057474516793016,0.5182268226822683,0.6649122807017543,0.5312177502579979,0.5943012211668928,0.6377708978328174,13.6,19.32459572668986,2,8,52,4,2
-175,0.6931643009185791,3.118992999977235e-05,0.6932255327701569,0.6931523680686951,0.6931518614292145,0.6931541860103607,0.6931375563144684,0.7323931060170296,0.1186210511115228,0.5057636324828707,0.784238122988123,0.7287371857540039,0.8079733717576183,0.8352532171025322,0.6931616067886353,2.77341891683866e-05,0.693216860294342,0.6931474804878235,0.6931518316268921,0.6931477189064026,0.6931441426277161,0.6187215024454948,0.040936589334437,0.5605905006418486,0.648780487804878,0.5829268292682928,0.670346598202824,0.6309630963096309,0.693161416053772,2.789727633501569e-05,0.693216860294342,0.6931471228599548,0.6931524872779846,0.6931479573249817,0.6931426525115967,0.6002266869402156,0.0494049263364229,0.5435418541854184,0.6421052631578947,0.541795665634675,0.6129579375848033,0.6607327141382868,19.4,20.441134997841974,1,13,16,8,59
-150,0.693181961774826,2.0324825538206175e-05,0.6931755542755127,0.6931510865688324,0.6931745707988739,0.6932073533535004,0.6932012438774109,0.7597197830905009,0.0312962746449461,0.7645319236617831,0.7699422327926333,0.6989006080916133,0.7859693594508859,0.7792547914555894,0.6932004809379577,3.194740903186424e-05,0.6931775212287903,0.693153977394104,0.6932429671287537,0.6932029128074646,0.6932250261306763,0.6377981764800357,0.0397365324681529,0.6082156611039795,0.6949935815147624,0.5956354300385109,0.6756097560975609,0.6145364536453646,0.6932005405426025,3.1973753769818644e-05,0.6931775212287903,0.693153977394104,0.6932430863380432,0.6932031512260437,0.6932249665260315,0.60950362738783,0.0495104471388168,0.5545679567956796,0.6896331738437002,0.5626934984520123,0.6343283582089552,0.6062951496388028,5.0,2.6832815729997477,2,10,4,5,4
-125,0.693178915977478,3.653773184108432e-05,0.693241149187088,0.6931400001049042,0.6931445002555847,0.6931890249252319,0.6931799054145813,0.7711091023734865,0.0376623094086889,0.7702407316805402,0.8083119812582618,0.7010650874375446,0.7771677908561654,0.7987599206349206,0.6931746125221252,3.56531329726971e-05,0.6932414174079895,0.6931427717208862,0.6931473612785339,0.6931634545326233,0.6931780576705933,0.6423985838891977,0.037881904682537,0.6106546854942234,0.6775353016688062,0.5885750962772787,0.6871630295250319,0.6480648064806481,0.6931743264198303,3.5956861488838714e-05,0.6932414174079895,0.69314044713974,0.693148136138916,0.6931635737419128,0.6931780576705933,0.6099253247491008,0.0590392043209299,0.5578307830783078,0.7071770334928229,0.5397316821465429,0.6196291270918137,0.6252579979360164,20.0,22.16303228351211,5,61,26,5,3
-100,0.6931639552116394,2.0804953231846253e-05,0.6931450366973877,0.6931600570678711,0.6931612491607666,0.6932037174701691,0.6931497156620026,0.7811695472927542,0.0567784765684513,0.8167035909492806,0.7839446064973691,0.6737737956487957,0.7941689885173928,0.8372567548509329,0.6931803345680236,3.8440927763396874e-05,0.693146288394928,0.6931547522544861,0.6932335495948792,0.6932204365730286,0.6931466460227966,0.6460431511700592,0.0410898893117574,0.613607188703466,0.6953786906290116,0.6181001283697047,0.6969191270860078,0.6062106210621062,0.693180251121521,3.864899376475079e-05,0.6931464672088623,0.6931543946266174,0.6932337284088135,0.6932206153869629,0.6931460499763489,0.6488201417526346,0.0681215400297276,0.6038478847884788,0.7502392344497608,0.5523735810113519,0.6489145183175034,0.6887254901960784,11.6,6.651315659326356,21,15,4,4,14
-75,0.6931722640991211,3.2727724519118915e-05,0.6932255327701569,0.69315305352211,0.6931359469890594,0.69315305352211,0.6931937336921692,0.7852184683232458,0.0265870890207983,0.75233991968614,0.7718835792724776,0.7683445027195028,0.8161268179860659,0.8173975219520431,0.6931618690490723,1.8046711609842138e-05,0.693149745464325,0.6931488513946533,0.6931433081626892,0.6931812167167664,0.6931862235069275,0.6494301066820418,0.0302159396191291,0.6292682926829268,0.689216944801027,0.6169448010269577,0.6826700898587932,0.629050405040504,0.6931618571281433,1.808351878681413e-05,0.6931498646736145,0.6931483745574951,0.6931434869766235,0.6931814551353455,0.6931861042976379,0.6267028793355747,0.0611434456706523,0.5372412241224123,0.7274322169059011,0.6163570691434468,0.6114880144730891,0.6409958720330238,22.0,28.00714194629648,3,18,77,4,8
-50,0.693179327249527,3.313579547441405e-05,0.6931570470333099,0.6931790411472321,0.6931414902210236,0.6931800544261932,0.6932390034198761,0.7555755650766021,0.0479697602734177,0.8283824258149579,0.7720677847443673,0.7669075202610378,0.7245076621073961,0.6860124324552515,0.693178677558899,4.848979956368115e-05,0.6931477189064026,0.6931799650192261,0.6931455135345459,0.6932722330093384,0.6931479573249817,0.6305411632305722,0.0276808374997981,0.5844672657252888,0.6545571245186137,0.6146341463414634,0.6584082156611041,0.6406390639063906,0.6931786417961121,4.850414023756629e-05,0.693147599697113,0.6931799054145813,0.6931455731391907,0.6932722330093384,0.6931478977203369,0.6527802133755264,0.0425291111199077,0.6198244824482448,0.7159489633173844,0.6096491228070176,0.627431026684758,0.6910474716202271,10.6,13.047605144240071,10,3,36,2,2
-25,0.693148285150528,1.3401690505438188e-05,0.6931382119655609,0.693145215511322,0.6931416988372803,0.6931747198104858,0.6931415796279907,0.7985214693495053,0.0303526724922903,0.8049948829766084,0.820850214903024,0.7429787580974081,0.7942363731240537,0.8295471176464326,0.6931666731834412,4.1374863738584515e-05,0.6931455731391907,0.693147599697113,0.6931449770927429,0.6932494044303894,0.6931458115577698,0.6236848864604048,0.0375863500899732,0.5586649550706033,0.6214377406931963,0.6359435173299102,0.6753530166880617,0.6270252025202521,0.6931660890579223,4.172681725113936e-05,0.6931445598602295,0.6931469440460205,0.6931445598602295,0.693249523639679,0.6931448578834534,0.6478692705461111,0.0349395299082623,0.6208370837083709,0.7113237639553428,0.6461558307533539,0.6112618724559022,0.6497678018575852,33.2,21.311030007955974,64,19,45,2,36
0,0.6931591153144836,1.1956736311634548e-05,0.6931600272655487,0.693149209022522,0.6931728720664978,0.6931423246860504,0.6931711435317993,0.7730367708443872,0.0317040745818937,0.7855129091570812,0.791382683674113,0.7487412719028403,0.8140563693688208,0.72549062011908,0.6931750297546386,3.124237369850572e-05,0.6932312250137329,0.6931477189064026,0.6931684017181396,0.6931453943252563,0.6931824088096619,0.6272768348721907,0.014880126286589,0.620410783055199,0.607188703465982,0.6465982028241335,0.6423620025673942,0.6198244824482448,0.6931751489639282,3.1113199801121474e-05,0.6932311654090881,0.6931471228599548,0.6931686401367188,0.6931464672088623,0.6931823492050171,0.6399751835772275,0.0573717768586578,0.5847209720972096,0.7208931419457735,0.5901702786377709,0.6068521031207599,0.6972394220846232,12.4,10.05186549850325,4,12,12,31,3
25,0.6932046234607696,4.788763654380501e-05,0.6931896805763245,0.6932611763477325,0.693260133266449,0.6931671798229218,0.6931449472904205,0.6628112624838867,0.1272413034705229,0.7792619497360875,0.5189994025806384,0.5044178043355587,0.7089539337843904,0.8024232219827585,0.6931972146034241,6.424553044647009e-05,0.6933229565620422,0.6931642889976501,0.6931644082069397,0.6931880116462708,0.6931464076042175,0.6345951443668115,0.0444346880651041,0.6572528883183568,0.5649550706033377,0.6558408215661105,0.6906290115532734,0.6042979297929792,0.6931970357894898,6.439569082759101e-05,0.6933229565620422,0.6931642293930054,0.6931644678115845,0.6931880712509155,0.6931454539299011,0.595528772206272,0.050955976949188,0.5892214221422142,0.625518341307815,0.5010319917440661,0.6135232926277703,0.6483488132094943,6.2,8.471127433818948,2,1,1,4,23
50,0.6931757152080535,3.0666596108668545e-05,0.6931725740432739,0.6932345032691956,0.6931688189506531,0.6931518018245697,0.6931508779525757,0.734027778281804,0.126822356620207,0.8348350231328954,0.4840278878847136,0.7691206135633656,0.7881954584747859,0.7939599083532594,0.6931809782981873,2.3975800733827883e-05,0.6931482553482056,0.6931747794151306,0.6932225823402405,0.6931835412979126,0.693175733089447,0.6572649338104541,0.0490007886609663,0.6314505776636714,0.6195121951219512,0.7083440308087292,0.7236200256739409,0.6033978397839784,0.6931810140609741,2.397421812831531e-05,0.6931483149528503,0.6931747794151306,0.6932225823402405,0.6931838393211365,0.6931755542755127,0.6480686154655853,0.0330716935036623,0.6157740774077408,0.6926634768740032,0.6803405572755418,0.6116010854816825,0.6399638802889578,4.6,2.5768197453450252,6,1,2,7,7
75,0.6931796431541443,3.085938830030029e-05,0.6932279467582703,0.6931918263435364,0.6931571066379547,0.6931377351284027,0.6931836009025574,0.710959356682658,0.1223307484668499,0.4839626685371366,0.6897470544497826,0.8093191530691529,0.8170653735632184,0.7547025337939991,0.6931880474090576,5.249677997335082e-05,0.6931874752044678,0.6931601166725159,0.6931610703468323,0.6931425333023071,0.693289041519165,0.6412724719198493,0.0353873155794459,0.5921694480102696,0.6749679075738125,0.6831835686777921,0.6454428754813863,0.6105985598559855,0.6931884288787842,5.207922197609833e-05,0.6931874752044678,0.6931599378585815,0.6931608319282532,0.6931449770927429,0.6932889223098755,0.6910594332387354,0.0714951732534051,0.6077857785778578,0.7706539074960128,0.7578689370485037,0.605495251017639,0.7134932920536636,13.2,20.97045540754897,1,2,6,55,2
100,0.6931905746459961,3.23909814557729e-05,0.6932443976402283,0.6931892931461334,0.6931825876235962,0.6931428909301758,0.6931937038898468,0.7133790013230211,0.0710416911381909,0.5744953194494531,0.7231170449146256,0.7425691026126466,0.7646770186798759,0.7620365209585038,0.6932175636291504,6.881676093796615e-05,0.6932786703109741,0.6933201551437378,0.6931723356246948,0.6931449770927429,0.6931716799736023,0.6568933780412701,0.043145753417739,0.6451861360718871,0.712836970474968,0.7005134788189986,0.6011553273427472,0.6247749774977497,0.6932178020477295,6.854639259859322e-05,0.6932787299156189,0.693320095539093,0.6931724548339844,0.6931463479995728,0.6931713819503784,0.652797725223287,0.0659474637547678,0.5655940594059405,0.7460925039872409,0.6679566563467492,0.5922659430122116,0.6920794633642932,9.4,12.043255373859678,1,2,3,33,8
125,0.6932212054729462,6.78592569504457e-05,0.6933097839355469,0.6932746469974518,0.6931443214416504,0.6932349503040314,0.6931423246860504,0.6568408635573599,0.1242688853323465,0.5884917996453901,0.5284259894760924,0.810253982128982,0.5528648244829751,0.8041677220533603,0.693193542957306,5.084769363679393e-05,0.6932483315467834,0.6931642293930054,0.693146288394928,0.6932618618011475,0.6931470036506653,0.6357000597363973,0.0454976819825098,0.5851091142490372,0.6323491655969191,0.6991014120667522,0.6740693196405649,0.5878712871287128,0.693193233013153,5.110870257537394e-05,0.6932482123374939,0.6931641697883606,0.6931459307670593,0.6932619214057922,0.6931459307670593,0.6315621718356855,0.0724938173711714,0.5675067506750675,0.7357256778309409,0.7029153766769866,0.5790366350067843,0.5726264189886481,12.2,13.317657451669191,2,1,28,1,29
150,0.6931897938251496,5.990841883008883e-05,0.6931671500205994,0.6933083832263947,0.6931645572185516,0.6931436657905579,0.6931652128696442,0.7458221862963598,0.1000221982826077,0.7690911046459431,0.5514037271092924,0.791484557109557,0.837922660482592,0.7792088821344141,0.6931855320930481,3.55815786805416e-05,0.6932030320167542,0.6932400465011597,0.6931468844413757,0.6931464672088623,0.6931912302970886,0.6035636631699114,0.0591775850943547,0.5094993581514763,0.6458279845956354,0.682798459563543,0.5793324775353017,0.6003600360036003,0.6931856751441956,3.539611479329033e-05,0.6932030320167542,0.6932400465011597,0.6931467652320862,0.6931474208831787,0.6931911110877991,0.6421075934126383,0.0382970828268181,0.6117236723672368,0.6740031897926635,0.6851135190918474,0.5841248303934872,0.6555727554179567,8.4,8.685620300243388,2,2,9,25,4
175,0.6932150423526764,5.947979427777209e-05,0.6932407915592194,0.6933139562606812,0.6932081878185272,0.6931674480438232,0.693144828081131,0.6780430575507673,0.1262735195043069,0.5080069595155803,0.5413757216924533,0.7852149774486599,0.7585404420032352,0.7970771870939081,0.6932088732719421,5.796200348127031e-05,0.6931696534156799,0.6933156847953796,0.6932113766670227,0.6932001709938049,0.6931474804878235,0.5879839890279144,0.054523629398238,0.4951219512195122,0.6657252888318358,0.6001283697047497,0.5942233632862645,0.5847209720972096,0.6932087659835815,5.8081885486592906e-05,0.6931696534156799,0.6933157444000244,0.6932111978530884,0.6932002305984497,0.6931470036506653,0.604005260167438,0.0602433354356336,0.5762826282628264,0.5996810207336523,0.7196852425180598,0.5776797829036635,0.5466976264189887,6.4,7.914543574963751,1,2,5,2,22
200,0.6932205200195313,6.812196415584102e-05,0.6932409107685089,0.6933413147926331,0.6932014524936676,0.6931731700897217,0.693145751953125,0.6506639827437974,0.1045432203413011,0.4842508028336765,0.6078107714562513,0.6368201243201244,0.7664579913752865,0.7579802237336484,0.6931983590126037,5.078863620305871e-05,0.6932737827301025,0.6931746602058411,0.693153977394104,0.6932429075241089,0.6931464672088623,0.6338492655427288,0.0549934561553767,0.5586649550706034,0.6896020539152761,0.700770218228498,0.6295250320924262,0.5906840684068407,0.69319828748703,5.085464100628076e-05,0.6932737231254578,0.6931746602058411,0.693153977394104,0.6932429671287537,0.6931461095809937,0.5950430359564768,0.0658913357187334,0.5210396039603961,0.6362041467304625,0.7008513931888545,0.5770013568521031,0.5401186790505677,5.4,6.829348431585549,1,3,2,2,19
225,0.6932059526443481,6.833581673250719e-05,0.693257749080658,0.6933141052722931,0.6931694746017456,0.6931414008140564,0.6931470334529877,0.6778484230777304,0.1037597919354676,0.6454566972616262,0.4962852425352425,0.6966440104477309,0.7899057495764037,0.7609504155676483,0.693186593055725,5.605190371126972e-05,0.6931547522544861,0.693295419216156,0.6931845545768738,0.693144679069519,0.6931535601615906,0.587599180328816,0.0539139179314417,0.4991014120667523,0.6115532734274711,0.6650834403080873,0.5766367137355584,0.5856210621062106,0.6931867837905884,5.589531003132439e-05,0.6931546926498413,0.693295419216156,0.693184494972229,0.6931459307670593,0.6931533813476562,0.6209015053808878,0.055106930646143,0.6199369936993699,0.6411483253588517,0.7097523219814241,0.5895522388059702,0.5441176470588236,11.6,14.207040508142432,2,2,3,39,12
250,0.69319087266922,4.271631647310238e-05,0.6931700110435486,0.6932260394096375,0.6932562589645386,0.6931504011154175,0.6931516528129578,0.6608691230216238,0.1344324968481063,0.7020438134662272,0.4608560214854568,0.5500234124562984,0.7936677997575932,0.7977545679425436,0.6931804656982422,2.5052154825063167e-05,0.6931840181350708,0.6932235956192017,0.693153977394104,0.6931569576263428,0.6931837797164917,0.603134317924732,0.0394145615112073,0.6079589216944802,0.6744544287548139,0.5840821566110398,0.5563543003851091,0.5928217821782177,0.6931804895401001,2.500971120148969e-05,0.6931840777397156,0.6932236552238464,0.6931540369987488,0.6931571960449219,0.6931834816932678,0.5986286710090537,0.0473386305618858,0.627925292529253,0.5666666666666667,0.5410216718266254,0.5829941203075532,0.6745356037151703,5.2,3.9698866482558417,4,1,2,12,7
275,0.6931992292404174,3.755875725303729e-05,0.6932396590709686,0.6931464672088623,0.6932395994663239,0.6931677162647247,0.6932027041912079,0.7326146835608144,0.0834184987892212,0.5750691270346371,0.755417318074832,0.7775679983547349,0.7362737024305264,0.8187452719093418,0.6931743860244751,1.5221798659841929e-05,0.6931703090667725,0.6931481957435608,0.6931933164596558,0.6931759715080261,0.6931841373443604,0.5574624798808508,0.0571068141055654,0.4817715019255456,0.5189987163029525,0.6423620025673941,0.5450577663671374,0.5991224122412242,0.6931743621826172,1.5244113674803818e-05,0.6931703090667725,0.6931480765342712,0.6931933164596558,0.6931761503219604,0.693183958530426,0.6058656452032155,0.0281677448905199,0.6207245724572457,0.573524720893142,0.6484778121775026,0.5764360018091361,0.6101651186790507,8.8,5.528109984434101,1,17,5,12,9
300,0.6932338297367096,6.408809261820704e-05,0.6932937502861023,0.693216472864151,0.6931925415992737,0.6933196187019348,0.6931467652320862,0.6691303340604113,0.0459419186942091,0.6253725105306588,0.6545230479500568,0.6571216977466978,0.6504435579449575,0.758190856129686,0.6931890726089478,4.543577898337512e-05,0.6931959986686707,0.6932743787765503,0.6931635141372681,0.6931635141372681,0.6931479573249817,0.5541249022206457,0.0740534032061726,0.4821566110397946,0.4975609756097561,0.5245186136071887,0.686392811296534,0.5799954995499551,0.693189013004303,4.537355811473625e-05,0.6931959390640259,0.693274199962616,0.6931633949279785,0.6931635737419128,0.6931479573249817,0.5939918303553473,0.0624152357347629,0.5855085508550855,0.5617224880382775,0.7074303405572756,0.5954319312528268,0.5198658410732714,5.2,4.019950248448356,2,5,3,3,13
325,0.6932280778884887,5.9563409727808605e-05,0.6932296752929688,0.6933077871799469,0.6931812167167664,0.6932764053344727,0.6931453049182892,0.6590084911337767,0.0584283993999659,0.6747361414443636,0.5865925674877657,0.6606035990512977,0.6156403662946395,0.7574697813908172,0.6931854963302613,4.4493570216231474e-05,0.6931490302085876,0.6932375431060791,0.6932423710823059,0.6931495070457458,0.6931490302085876,0.5959527262097198,0.0577734833477737,0.4975609756097561,0.6603337612323491,0.5887034659820283,0.6478818998716304,0.5852835283528354,0.6931855082511902,4.4532719935056415e-05,0.6931487917900085,0.6932376027107239,0.6932424306869507,0.6931495070457458,0.693149209022522,0.592184818870039,0.0466361202913962,0.658978397839784,0.6047846889952153,0.5790763673890609,0.6031207598371777,0.5149638802889577,6.6,7.227724399837061,3,2,4,3,21
350,0.693244582414627,6.571020360114025e-05,0.6933606564998627,0.6931827664375305,0.6932308077812195,0.6932648718357086,0.6931838095188141,0.6275783670380992,0.0808606151775911,0.4986916345569663,0.7128691447441446,0.5688250522311237,0.6863769893136672,0.6711290143445947,0.6932058334350586,5.6760498951006575e-05,0.6932623982429504,0.6932846307754517,0.69318026304245,0.6931478381156921,0.6931540369987488,0.5506935083752278,0.0603910727308606,0.4630295250320925,0.5198973042362003,0.5478818998716303,0.6448010269576381,0.5778577857785778,0.6932058215141297,5.6668921595567655e-05,0.6932622194290161,0.6932845711708069,0.6931802034378052,0.6931478977203369,0.6931542158126831,0.5888084894391199,0.0724483751748524,0.5776327632763276,0.6838915470494418,0.6489938080495355,0.5559701492537313,0.4775541795665635,3.0,2.6076809620810595,1,2,1,3,8
375,0.6932062804698944,5.4006798015777256e-05,0.6931529343128204,0.6932989656925201,0.6932315528392792,0.6931594610214233,0.693188488483429,0.6766450188983028,0.0946459715798876,0.755707212046553,0.6013751265581171,0.5303180979939697,0.7734396266770367,0.7223850312158372,0.6931590795516968,1.2082648063484452e-05,0.6931473612785339,0.6931553483009338,0.6931789517402649,0.6931475400924683,0.693166196346283,0.5363787322249556,0.0575834988731245,0.4576379974326059,0.5958921694480103,0.4862644415917843,0.5400513478818999,0.6020477047704771,0.6931589484214783,1.2183317698868722e-05,0.6931465864181519,0.6931553483009338,0.6931788921356201,0.6931477189064026,0.693166196346283,0.5889679915498597,0.0205040608583056,0.6092484248424843,0.6105263157894737,0.5595975232198143,0.5707824513794663,0.5946852425180599,5.2,3.7094473981982814,11,3,1,8,3
400,0.6932425200939178,5.09263738317431e-05,0.6932523548603058,0.6933104395866394,0.6931553184986115,0.6932297945022583,0.6932646930217743,0.5994502209924406,0.0972460718263199,0.518367269539133,0.5940695778997941,0.7342018904710734,0.4719700461535722,0.6786423208986296,0.6931825995445251,3.65653854516604e-05,0.6931654214859009,0.6932523846626282,0.6931478381156921,0.6931824088096619,0.6931649446487427,0.5551289243173355,0.0774028169520635,0.4704749679075738,0.6002567394094994,0.4673940949935815,0.6685494223363286,0.568969396939694,0.6931824564933777,3.67537609358036e-05,0.6931654214859009,0.693252444267273,0.6931469440460205,0.6931824684143066,0.6931650042533875,0.5840897759199699,0.0792072209411612,0.6266876687668768,0.560287081339713,0.7034313725490197,0.5660334690185436,0.4640092879256966,3.0,2.6076809620810595,1,2,8,1,3
425,0.6932150900363923,3.319517254220132e-05,0.6932302713394165,0.6932632029056549,0.6931850910186768,0.6932259202003479,0.693170964717865,0.6499666607427843,0.0720887808611682,0.5184731795066748,0.6575039280500408,0.7171393669292788,0.7138003374738704,0.6429164917540569,0.6931789755821228,3.7201714633271625e-05,0.6932476758956909,0.6931478381156921,0.6931658983230591,0.6931472420692444,0.6931862235069275,0.5385839874102943,0.0714355115432033,0.4465982028241335,0.4659820282413351,0.5560975609756098,0.6302952503209243,0.5939468946894689,0.693178927898407,3.720244041596322e-05,0.6932475566864014,0.693147599697113,0.6931658983230591,0.6931472420692444,0.693186342716217,0.5545757427274542,0.0590174907069924,0.5918091809180919,0.550079744816587,0.6095201238390093,0.5783582089552239,0.4431114551083592,2.0,0.6324555320336759,1,3,2,2,2
450,0.6932368874549866,4.694384402430528e-05,0.6932951509952545,0.6932476460933685,0.6932695508003235,0.6931608319282532,0.6932112574577332,0.613006928107029,0.0994683190530138,0.4432120334205113,0.5749143297781475,0.62585065938239,0.7116206508116496,0.7094369671424465,0.6931697607040406,1.1239191915442484e-05,0.6931663751602173,0.6931666135787964,0.6931631565093994,0.6931608319282532,0.6931918263435364,0.5226483155375872,0.0446341305984325,0.5020539152759949,0.4753530166880616,0.5467265725288832,0.4908857509627727,0.5982223222322232,0.6931697845458984,1.1280210125198723e-05,0.6931663155555725,0.6931666135787964,0.6931631565093994,0.693160891532898,0.6931919455528259,0.5527640924990794,0.0458619262642975,0.5907965796579657,0.5719298245614035,0.5696594427244582,0.568973315241972,0.4624613003095976,3.0,2.280350850198276,1,1,2,7,4
475,0.6931891500949859,3.9998107125451026e-05,0.6932481825351715,0.6932253837585449,0.6931670904159546,0.6931483447551727,0.6931567490100861,0.6371409149527464,0.133671069858527,0.5216097324458941,0.4336509679767932,0.7225525028890928,0.7550212389153962,0.7528701325365559,0.6931995987892151,4.99754091111056e-05,0.693282961845398,0.6932125687599182,0.6932064294815063,0.6931470036506653,0.6931490302085876,0.5424406882280012,0.0475383728878963,0.5161745827984596,0.6124518613607188,0.5193838254172016,0.4822849807445443,0.581908190819082,0.6931996822357178,4.993818429745233e-05,0.6932830214500427,0.693212628364563,0.6932064294815063,0.6931470036506653,0.6931493282318115,0.5357571174149899,0.0588623478875623,0.4719846984698469,0.5708133971291867,0.6077141382868936,0.5685210312075983,0.4597523219814241,6.0,5.727128425310541,1,1,2,13,13
500,0.6931887209415436,5.480611077865037e-05,0.6932702362537384,0.6932392120361328,0.693147599697113,0.6931419670581818,0.6931445896625519,0.6915784481187999,0.0968808816098212,0.5712668872225637,0.5751763514263515,0.7827953904361784,0.7644465235318707,0.7642070879770347,0.6931568741798401,9.595022346938414e-06,0.6931641697883606,0.6931706666946411,0.6931565999984741,0.6931467652320862,0.6931461691856384,0.5127695908230105,0.0489523775024696,0.4550706033376123,0.530423620025674,0.5059050064184852,0.4762516046213094,0.5961971197119713,0.6931567311286926,9.617419535354786e-06,0.693164050579071,0.6931706666946411,0.6931561827659607,0.693146288394928,0.6931464672088623,0.5895836037325834,0.0503155393079407,0.6462646264626463,0.5952153110047846,0.6210010319917441,0.5876300316598824,0.4978070175438596,14.6,13.484806264830056,1,1,10,33,28
525,0.6932315409183503,5.281040011450565e-05,0.6932265758514404,0.6933029294013977,0.6932697892189026,0.6931485235691071,0.6932098865509033,0.6221408413054528,0.061126379879503,0.5843516599005145,0.574436396936397,0.5673999611499612,0.7250377606444097,0.6594784278959811,0.6932090282440185,5.2795755444311265e-05,0.6932284235954285,0.6932188868522644,0.6932929754257202,0.6931502819061279,0.6931545734405518,0.5796441929173661,0.0716294322110576,0.5273427471116816,0.6545571245186136,0.57201540436457,0.479589216944801,0.6647164716471647,0.6932090997695923,5.287804015580249e-05,0.6932284235954285,0.693219006061554,0.6932932138442993,0.6931501626968384,0.6931546926498413,0.5407487581390642,0.0720749715290389,0.49516201620162,0.5800637958532695,0.4226006191950465,0.5849163274536409,0.6210010319917442,4.8,6.144916598294887,1,2,1,17,3
550,0.6932372272014617,7.210220566233049e-05,0.6933129131793976,0.6933033466339111,0.693161815404892,0.693267285823822,0.6931407749652863,0.6538505055400168,0.0950245204501883,0.5310401477954669,0.5829317308574951,0.7839457785255429,0.6304993884617818,0.7408354820597971,0.6931825876235962,4.778680981618327e-05,0.6932728886604309,0.693156898021698,0.6931894421577454,0.6931480765342712,0.6931456327438354,0.5516758601405712,0.0492364556918603,0.4872913992297817,0.5634146341463415,0.5015404364569962,0.5984595635430039,0.6076732673267327,0.6931826829910278,4.7692262360458266e-05,0.6932728886604309,0.693156898021698,0.6931893229484558,0.693148136138916,0.6931461691856384,0.5538650800526659,0.0490726459756285,0.4966246624662466,0.5585326953748005,0.605263157894737,0.6096788783355948,0.4992260061919505,12.4,18.810635289643994,2,3,4,3,50
575,0.6932603359222412,9.184014612140292e-05,0.6932799816131592,0.6932289898395538,0.6934286057949066,0.6931712627410889,0.6931928396224976,0.5997155821004856,0.0739656640521321,0.5509944890199776,0.571138999889,0.5074477095301223,0.6592532227192454,0.709743489344083,0.6932105660438538,4.7241057680541215e-05,0.6932932138442993,0.6931842565536499,0.693230390548706,0.693185567855835,0.6931594014167786,0.516365409968468,0.0620380528044449,0.4477535301668806,0.4726572528883184,0.5514762516046213,0.4901155327342748,0.6198244824482448,0.6932105779647827,4.71832657047558e-05,0.6932929754257202,0.6931841969490051,0.6932306885719299,0.6931856274604797,0.6931594014167786,0.5397877766382063,0.0930760056949396,0.6137488748874889,0.600956937799043,0.3688080495356037,0.6036861148801447,0.5117389060887513,1.4,0.4898979485566356,1,1,1,2,2
600,0.6932332158088684,7.647068118604235e-05,0.6932491362094879,0.6931461691856384,0.6933389604091644,0.6932852864265442,0.6931465268135071,0.6307407310027173,0.118026548425319,0.4490376544181067,0.73690453975955,0.5701696426337741,0.6199520854441067,0.7776397327580492,0.6932066440582275,5.985810035833073e-05,0.6932837963104248,0.6931478977203369,0.6932728290557861,0.6931809782981873,0.6931477189064026,0.5280100269333737,0.0814634431520483,0.4988446726572529,0.4637997432605905,0.4297817715019256,0.6137355584082157,0.6338883888388839,0.6932064056396484,5.999636202463771e-05,0.6932838559150696,0.6931467652320862,0.6932725310325623,0.6931809782981873,0.6931478977203369,0.5692328448685171,0.0783206897503499,0.4405940594059406,0.5767145135566188,0.6629256965944272,0.6325192220714608,0.5334107327141382,7.4,7.49933330370107,1,18,1,2,15
625,0.6932137846946717,5.431828344966866e-05,0.693268895149231,0.6932890117168427,0.6931678354740143,0.6931854486465454,0.6931577324867249,0.6515403636290136,0.1244137584658238,0.5266997729282212,0.483749285403513,0.6978423775071857,0.7504990814684772,0.7989113008376707,0.6932298183441162,5.467846439763463e-05,0.6931641697883606,0.6932918429374695,0.6932018995285034,0.6932981014251709,0.6931930780410767,0.5070806580016154,0.0639582333002005,0.4976893453145058,0.4433889602053915,0.4482670089858793,0.5274711168164313,0.6185868586858686,0.6932297348976135,5.4696477599394955e-05,0.693164050579071,0.6932917237281799,0.6932016611099243,0.6932981014251709,0.6931931376457214,0.5857240844457812,0.0455228539153408,0.5615436543654365,0.5070175438596491,0.6213880288957688,0.6243781094527363,0.6142930856553148,2.8,2.2271057451320084,1,1,3,2,7
650,0.693215411901474,3.0926061644405246e-05,0.6931884586811066,0.6932721138000488,0.6931897699832916,0.6932040154933929,0.69322270154953,0.6603419901797483,0.0874220486556371,0.7528114294085828,0.5048952700794397,0.6553937130179888,0.734100289111121,0.6545092492816091,0.6932347655296326,7.304073507545116e-05,0.6933156847953796,0.6931642889976501,0.6933232545852661,0.6932201981544495,0.6931504011154175,0.525237472399358,0.0805358864404717,0.4743260590500642,0.4386392811296534,0.5349165596919127,0.5052631578947369,0.673042304230423,0.6932347297668457,7.302780342823887e-05,0.6933156251907349,0.6931641697883606,0.6933232545852661,0.6932200789451599,0.693150520324707,0.5716629094636279,0.0523785413185106,0.5381413141314131,0.6303030303030303,0.4860681114551083,0.6017639077340571,0.6020381836945304,2.4,1.019803902718557,2,1,2,4,3
675,0.6932272553443909,6.01679068233101e-05,0.6932846009731293,0.6933021247386932,0.6931496560573578,0.6931708455085754,0.6932290494441986,0.6310881387834137,0.1325066060331812,0.5432547787369948,0.5605714639809098,0.8159832263131548,0.7602308316900592,0.4754003931959502,0.693215274810791,4.786548540055822e-05,0.693292498588562,0.6932165026664734,0.6931503415107727,0.6932328343391418,0.6931841969490051,0.5368728111578809,0.06591770993556,0.5255455712451861,0.5510911424903723,0.4332477535301669,0.534403080872914,0.6400765076507651,0.6932151436805725,4.80884334232487e-05,0.6932925581932068,0.6932164430618286,0.6931495070457458,0.6932328343391418,0.6931843757629395,0.5467248953766501,0.0741365462860079,0.4527452745274527,0.6226475279106858,0.5746904024767802,0.6194029850746269,0.4641382868937049,4.0,5.019960159204453,1,2,14,2,1
700,0.6931489288806916,8.656938060822084e-06,0.6931450068950653,0.6931661069393158,0.6931460499763489,0.6931447684764862,0.6931427121162415,0.7583182280739498,0.0273620127682285,0.7950751324323619,0.7211261242349014,0.7834109385332344,0.7398479920778213,0.75213095309143,0.6931565642356873,1.687578340361766e-05,0.693149209022522,0.6931902170181274,0.6931478381156921,0.6931496262550354,0.6931459307670593,0.5145350151189702,0.0748597536101461,0.4270860077021823,0.5910141206675225,0.4681643132220796,0.469961489088575,0.6164491449144914,0.6931562781333923,1.6950605260892447e-05,0.6931479573249817,0.6931901574134827,0.6931467652320862,0.693148672580719,0.6931478381156921,0.5538476488238445,0.0551743115502871,0.5567056705670567,0.5998405103668262,0.550954592363261,0.6084350972410674,0.4533023735810113,21.2,10.02796090937734,20,4,25,22,35
725,0.6932483315467834,0.0001033784529516,0.6934478580951691,0.6931825280189514,0.6931699216365814,0.6932491064071655,0.6931922435760498,0.6188360137386804,0.1058435303755949,0.4518369811849191,0.703214199726012,0.7376310395727758,0.5448948030318481,0.6566030451778467,0.6932121157646179,4.547003292621754e-05,0.6932224631309509,0.6932836771011353,0.6932284235954285,0.693166196346283,0.693159818649292,0.5227312763368763,0.0736328105270433,0.4544287548138639,0.5442875481386393,0.4577663671373556,0.5026957637997432,0.6544779477947795,0.6932120561599732,4.540455714399219e-05,0.6932222247123718,0.6932836174964905,0.6932283043861389,0.693166196346283,0.6931599378585815,0.568025962293101,0.0668459730001137,0.6137488748874887,0.664274322169059,0.5518575851393189,0.5426277702397105,0.4676212590299277,1.6,0.4898979485566356,1,2,2,1,2
750,0.693192583322525,4.973144032016269e-05,0.6932463645935059,0.6931527554988861,0.6932596266269684,0.6931445896625519,0.6931595802307129,0.6451799838130431,0.114231403971007,0.5167047631487287,0.7047949350865118,0.4977146426022228,0.7488800676157796,0.757805510611973,0.69320650100708,6.520845553700863e-05,0.6932812333106995,0.6931474208831787,0.6932904720306396,0.6931474208831787,0.6931659579277039,0.5119213455363509,0.0780841377711295,0.4101412066752247,0.4930680359435174,0.5148908857509629,0.4906290115532735,0.6508775877587759,0.6932061910629272,6.551831916688283e-05,0.6932809948921204,0.6931467652320862,0.6932907104492188,0.6931461691856384,0.6931663155555725,0.5390619422138139,0.0893663869679051,0.5754950495049505,0.5797448165869218,0.3751289989680082,0.6386250565355044,0.5263157894736843,11.2,10.4,1,15,1,29,10
775,0.6932717859745026,7.668194421267451e-05,0.6932275593280792,0.6933030784130096,0.6933843195438385,0.6932884752750397,0.6931554973125458,0.5927333329511983,0.1180488455483168,0.4769040356806314,0.5936862671560512,0.5056891025641026,0.5747447868652192,0.8126424724899872,0.6932003378868103,3.2387024977657875e-05,0.6931889653205872,0.6932197213172913,0.6932510137557983,0.6931859850883484,0.6931560039520264,0.5448934623886009,0.084354432256574,0.5356867779204108,0.4675224646983312,0.441976893453145,0.6177150192554557,0.6615661566156615,0.6932003855705261,3.2146185766254024e-05,0.6931889653205872,0.6932196021080017,0.6932507753372192,0.6931860446929932,0.6931565403938293,0.5789115376349796,0.0600621700438178,0.5712196219621962,0.521371610845295,0.6578947368421053,0.6365897783808232,0.5074819401444788,3.4,3.8262252939417984,1,2,1,2,11
800,0.6932143628597259,4.0323356735082805e-05,0.6932299435138702,0.6932383179664612,0.693257212638855,0.6932054460048676,0.6931408941745758,0.6051907818597284,0.1609955344988861,0.4044558278600831,0.5585867922364464,0.4784260878010877,0.8155374876265287,0.7689477137744964,0.6932099461555481,5.823428091266558e-05,0.6931821703910828,0.6932693719863892,0.6932893991470337,0.6931635737419128,0.693145215511322,0.5646518477264928,0.0669129280030894,0.5254172015404366,0.4650834403080873,0.5577663671373556,0.6258023106546855,0.6491899189918992,0.6932104110717774,5.781478977607345e-05,0.6931821703910828,0.6932693123817444,0.6932896375656128,0.6931635737419128,0.6931473612785339,0.5042876962480223,0.0952355066290391,0.5366786678667866,0.5035087719298246,0.3448142414860682,0.6413387607417458,0.4950980392156863,11.6,19.734234213670415,1,1,1,4,51
825,0.6931932210922241,4.117297307248688e-05,0.6932267248630524,0.6932274997234344,0.6931410133838654,0.6932262480258942,0.6931446194648743,0.6173115102910903,0.178425735884588,0.447629498161413,0.4889960499967853,0.8491826698141296,0.4801229497291142,0.8206263837540094,0.6931896686553956,3.6791015149290094e-05,0.6931930184364319,0.6932342648506165,0.6931488513946533,0.6932253241539001,0.6931468844413757,0.5559525875565734,0.0783973714832391,0.5261874197689345,0.6059050064184852,0.4288831835686778,0.5569961489088575,0.6617911791179117,0.6931892037391663,3.734987036623045e-05,0.6931930184364319,0.6932343244552612,0.6931455135345459,0.6932253241539001,0.6931478381156921,0.5669183209388818,0.0404128769232978,0.5105760576057606,0.5936204146730463,0.6100361197110423,0.5943012211668928,0.5260577915376676,14.0,16.804761230080004,1,1,42,1,25
850,0.6931910991668702,4.8472660060298986e-05,0.6932620406150818,0.6931501626968384,0.6932367980480194,0.6931597888469696,0.6931467056274414,0.677124213045482,0.0953496765461808,0.6127423103716207,0.7485581444317768,0.5285529506001647,0.7024817299641705,0.793285929859677,0.6931869387626648,4.559555080479819e-05,0.6931573748588562,0.6931477785110474,0.6932662725448608,0.693210244178772,0.6931530237197876,0.5304104884172627,0.0931214855755184,0.5730423620025673,0.4386392811296534,0.410783055198973,0.5670089858793325,0.6625787578757876,0.6931868076324463,4.560295864553191e-05,0.6931574940681458,0.6931467652320862,0.6932660341262817,0.693210244178772,0.6931535005569458,0.5764974475128766,0.0534673227415986,0.5037128712871287,0.5620414673046252,0.6412538699690402,0.6343283582089554,0.5411506707946336,6.6,5.6780278266313555,2,13,1,3,14
875,0.6932758808135986,0.0001587544874586,0.6931436061859131,0.6934625804424286,0.6934777498245239,0.6931419372558594,0.6931535303592682,0.6786462434398886,0.1740643931124505,0.8219038863435416,0.4468777948469024,0.4850858195797609,0.8181051876983354,0.8212585287309023,0.693175983428955,3.079823155676808e-05,0.6931483745574951,0.6932162642478943,0.6932103633880615,0.6931465864181519,0.6931583285331726,0.5619197914656677,0.0824323051466721,0.4183568677792041,0.5590500641848524,0.578048780487805,0.5790757381258024,0.6750675067506751,0.6931755423545838,3.144838213775484e-05,0.6931464076042175,0.6932163834571838,0.6932107210159302,0.6931453347206116,0.6931588649749756,0.5272291535331621,0.0942156255695748,0.5833708370837084,0.5207336523125997,0.3746130030959752,0.6580732700135685,0.4993550051599588,17.4,17.176728442867113,29,1,1,45,11
900,0.693188053369522,6.075574448873931e-05,0.6933089792728424,0.6931654512882233,0.6931564807891846,0.69316166639328,0.6931476891040802,0.7471460274904673,0.0973075709361253,0.5886256474022431,0.6826665364281246,0.8468977163775822,0.7927694235588972,0.8247708136854899,0.6932018399238586,8.431152325378344e-05,0.6933674216270447,0.6931911706924438,0.693149209022522,0.6931529641151428,0.6931484341621399,0.5597103651315067,0.1013042560468785,0.4326059050064184,0.6373555840821565,0.4390243902439025,0.6381258023106547,0.6514401440144014,0.6932016015052795,8.421952808511207e-05,0.6933669447898865,0.6931912302970886,0.6931482553482056,0.693152904510498,0.693148672580719,0.6334974554707908,0.0224594152906603,0.6098109810981098,0.6703349282296651,0.6345459236326109,0.642243328810493,0.6105521155830753,9.6,6.151422599691879,2,4,13,10,19
925,0.6932003378868103,8.53467346766194e-05,0.6933655142784119,0.6931468844413757,0.6931448876857758,0.6932006776332855,0.6931437253952026,0.7167396354545617,0.0992541141927317,0.5524339918648132,0.6656679443265776,0.7919726107226107,0.741138997988313,0.8324846323704942,0.693157970905304,1.6625614930250838e-05,0.6931904554367065,0.6931478381156921,0.693149209022522,0.6931564211845398,0.6931459307670593,0.5439637930416918,0.0973731858858652,0.5667522464698331,0.4654685494223363,0.3998716302952503,0.6423620025673941,0.6453645364536453,0.6931575536727905,1.701534620186216e-05,0.6931907534599304,0.6931467652320862,0.6931471824645996,0.6931564807891846,0.6931465864181519,0.5561538164583059,0.071451801613591,0.4238298829882988,0.5435406698564593,0.6228070175438596,0.6085481682496607,0.5820433436532508,17.8,12.448293055676348,3,22,25,4,35
950,0.6932004928588867,5.4654265734769464e-05,0.6932541728019714,0.6931723058223724,0.6932777166366577,0.6931459307670593,0.6931523382663727,0.6745888398853127,0.140773870705426,0.5630194518125552,0.6833083104552734,0.4747596153846154,0.8056354887409727,0.8462213330331467,0.693172836303711,3.395112377724934e-05,0.6931651830673218,0.6932389736175537,0.693164587020874,0.6931470632553101,0.6931483745574951,0.4989346065543653,0.0843798697236365,0.4050064184852375,0.4766367137355584,0.4222079589216944,0.565596919127086,0.6252250225022502,0.6931727290153503,3.394641456040702e-05,0.693165123462677,0.6932388544082642,0.6931644082069397,0.6931465864181519,0.693148672580719,0.6022761149318573,0.0406059590179203,0.5552430243024302,0.5853269537480065,0.6660216718266253,0.6313885119855268,0.5734004127966976,8.8,9.173875952943773,1,2,1,21,19
975,0.6932270884513855,4.283089325366946e-05,0.693229079246521,0.6932788193225861,0.6932344436645508,0.6932443678379059,0.6931487321853638,0.5400035051910359,0.1135198715482946,0.4340505536429681,0.5398852345394205,0.5360236985236985,0.4415097848141192,0.7485482544349733,0.6932017087936402,4.120409039890649e-05,0.693242609500885,0.6931723356246948,0.6932606101036072,0.6931678652763367,0.693165123462677,0.5913812915309503,0.0334145797450237,0.6030808729139923,0.5870346598202825,0.550834403080873,0.5677792041078307,0.6481773177317731,0.6932019114494323,4.1152117274340075e-05,0.6932427287101746,0.6931723356246948,0.6932607889175415,0.6931678056716919,0.6931658983230591,0.4809897578177945,0.0797163439992027,0.4284428442844284,0.6141945773524722,0.3974458204334365,0.5287200361827227,0.4361455108359133,3.2,3.919183588453085,1,2,1,1,11
1000,0.6932308137416839,0.0001218009261886,0.693160206079483,0.6932267844676971,0.6934674978256226,0.693146139383316,0.693153440952301,0.6610892942977503,0.1745033848825463,0.8246132723284048,0.4278240266111681,0.4699932012432012,0.8083690841807978,0.7746468871251798,0.6931744337081909,2.623098500258391e-05,0.6931477189064026,0.6931930184364319,0.6932147145271301,0.6931473612785339,0.693169355392456,0.5320592996398485,0.0779504122720482,0.4629011553273428,0.613992297817715,0.4218228498074454,0.5492939666238768,0.6122862286228623,0.6931742072105408,2.6311642580784456e-05,0.6931473016738892,0.6931930780410767,0.6932143568992615,0.6931468844413757,0.6931694149971008,0.5778797707643784,0.0477213253083213,0.5612061206120612,0.5092503987240828,0.650670794633643,0.6067390321121664,0.5615325077399381,7.2,7.19444229944198,10,1,1,20,4
