lags,train_mse_mean,train_mse_std,train_mse_fold_1,train_mse_fold_2,train_mse_fold_3,train_mse_fold_4,train_mse_fold_5,train_cosine_sim_mean,train_cosine_sim_std,train_cosine_sim_fold_1,train_cosine_sim_fold_2,train_cosine_sim_fold_3,train_cosine_sim_fold_4,train_cosine_sim_fold_5,train_pairwise_accuracy_mean,train_pairwise_accuracy_std,train_pairwise_accuracy_fold_1,train_pairwise_accuracy_fold_2,train_pairwise_accuracy_fold_3,train_pairwise_accuracy_fold_4,train_pairwise_accuracy_fold_5,val_mse_mean,val_mse_std,val_mse_fold_1,val_mse_fold_2,val_mse_fold_3,val_mse_fold_4,val_mse_fold_5,val_cosine_sim_mean,val_cosine_sim_std,val_cosine_sim_fold_1,val_cosine_sim_fold_2,val_cosine_sim_fold_3,val_cosine_sim_fold_4,val_cosine_sim_fold_5,val_pairwise_accuracy_mean,val_pairwise_accuracy_std,val_pairwise_accuracy_fold_1,val_pairwise_accuracy_fold_2,val_pairwise_accuracy_fold_3,val_pairwise_accuracy_fold_4,val_pairwise_accuracy_fold_5,test_mse_mean,test_mse_std,test_mse_fold_1,test_mse_fold_2,test_mse_fold_3,test_mse_fold_4,test_mse_fold_5,test_cosine_sim_mean,test_cosine_sim_std,test_cosine_sim_fold_1,test_cosine_sim_fold_2,test_cosine_sim_fold_3,test_cosine_sim_fold_4,test_cosine_sim_fold_5,test_pairwise_accuracy_mean,test_pairwise_accuracy_std,test_pairwise_accuracy_fold_1,test_pairwise_accuracy_fold_2,test_pairwise_accuracy_fold_3,test_pairwise_accuracy_fold_4,test_pairwise_accuracy_fold_5,num_epochs_mean,num_epochs_std,num_epochs_fold_1,num_epochs_fold_2,num_epochs_fold_3,num_epochs_fold_4,num_epochs_fold_5
-1000,37.90019202478153,0.490569379095305,37.12228228382229,37.63894979732553,38.31766002694357,38.49596865152575,37.92609936429053,0.3857924419887287,0.0805278014235715,0.5045555550413033,0.4315299256560729,0.2972411556342213,0.2953699060629323,0.4002656675491136,0.9337377183216132,0.0481281279445241,0.9911203863694495,0.9702524198699244,0.8749762195901772,0.8781874775886536,0.9541520881898624,39.46158017245206,0.082448008382046,39.53388121633819,39.455368504379734,39.54988294659239,39.451490344423235,39.31727785052675,0.0449742249340157,0.009023775811688,0.0384205944596253,0.0548201317362713,0.0317369058276667,0.0545604293037093,0.045333063342806,0.5618951447082289,0.0125142110165441,0.5612271744193453,0.5853494487025521,0.5537939694794741,0.5491202157555204,0.5599849151842522,39.57138514663234,0.2316430293697766,39.646453163840555,39.29905400131688,39.97004075483842,39.40254477298621,39.538833040179625,0.0309814764313738,0.0080330932882495,0.0332412019329653,0.0455894050273028,0.0271083526877742,0.0260212546158017,0.022947167893025,0.5455828274741317,0.0111155370136081,0.5494256931723971,0.5598729054133097,0.5486314558621609,0.5440798970786008,0.5259041858441902,7.8,4.069397989875161,15,9,4,4,7
-975,37.78790837710666,0.6721296866936401,37.73660349108509,37.21115946032337,37.54812594541569,37.35885065609647,39.084802332612654,0.3999068763606327,0.1120045537900277,0.4127450889533328,0.4892767415833227,0.4323209180045373,0.4816949115586035,0.1834967217033671,0.931844154461143,0.089910692178254,0.959015248362551,0.988436172917946,0.9731207268754232,0.9854223765048784,0.753226247644916,39.46769288958925,0.0748688438120061,39.52639308120265,39.44251043146307,39.55275922833067,39.47796908291903,39.33883262403083,0.0442004970754637,0.0082051885025834,0.0388755782535581,0.0574038967659527,0.0351027461671919,0.0498315206813541,0.0397887435092619,0.5538000804005246,0.0144844160646862,0.5406178597247961,0.5768776310212684,0.539579243370981,0.5640578956315012,0.5478677722540769,39.602349344889326,0.2496232644148133,39.71597868023497,39.33749921394117,40.03060936205315,39.40586575594816,39.52179371226918,0.0242419898171316,0.0084288429912781,0.0141069953696745,0.0376139517704194,0.0168580784547058,0.0286153283986178,0.0240155950922406,0.5386282023155328,0.0060161134687225,0.5331948399543762,0.5375732996247031,0.5327468026768077,0.5492424079866121,0.5403836613351648,9.0,4.09878030638384,8,14,9,12,2
-950,37.40835833991925,0.4911065434452142,38.36904974082081,37.26682859597747,37.000001297783605,37.12603445151417,37.27987761350022,0.4583744074880462,0.0822365078012657,0.2953362526352872,0.4834897370682549,0.5070292719246186,0.5141957939900074,0.491820981822063,0.9673939376762232,0.044547158178525,0.8784086888598412,0.9867555714145148,0.9921254829033134,0.9920423399541796,0.9876376052492672,39.47218556259618,0.0797372761208434,39.5538268811775,39.435559590657554,39.57074309840347,39.44377667976149,39.35702156298088,0.0426482807760211,0.0126566429280034,0.0284723393111066,0.0576208312854622,0.0311512174225892,0.0576521636861743,0.0383448521747733,0.560143762104439,0.0165533248029437,0.5479085048039755,0.5866324377782417,0.5548427655841365,0.5706765127904487,0.5406585895653927,39.556526380596736,0.2342253752249056,39.63378490101207,39.320825807976,39.9781046780673,39.43971275560784,39.41020376032049,0.0362049412603179,0.0104855016271469,0.0318942698226733,0.0426161164756525,0.0320055652974229,0.0219213040263363,0.0525874506795045,0.5496130509810013,0.0106722046551209,0.5369216185627561,0.5434384029923063,0.5453221599260966,0.5547205778685483,0.5676624955552997,12.0,4.09878030638384,4,13,15,15,13
-925,37.50315650074752,0.3084873963877007,37.51877330504742,37.80033618887675,37.095141853253864,37.22193924422117,37.87959191233841,0.4494202167102971,0.0419200992347613,0.4441601071775574,0.4119358916872555,0.4874131458321797,0.5061051728799171,0.3974867659745757,0.9742922634193578,0.0142101183848822,0.9744821326019838,0.9616979753848204,0.9881451885724803,0.9917068161915258,0.9554292043459784,39.45106945615826,0.0807847331768964,39.50745715516986,39.45683045820756,39.54870744185014,39.430837804620914,39.31151442094283,0.0478583246695272,0.0084181209197526,0.0434757120568643,0.054313306668491,0.0350081487135453,0.0591735309272101,0.0473209249815254,0.5674771726131439,0.0145940425543377,0.5635996876340924,0.5928437447909153,0.5559933772592833,0.5730693846037893,0.5518796687776392,39.545318811590015,0.2331862722465132,39.6226789301092,39.29800299442176,39.95804619066643,39.37435196385239,39.47351397890033,0.0374915756059415,0.0036174718236593,0.0371229114067373,0.0437842039109179,0.0341527573199886,0.0338317014164093,0.0385663039756543,0.5570951301040071,0.0037820083872409,0.5590175823731856,0.5508003252925295,0.5563192241119616,0.5569912719004082,0.5623472468419508,10.4,2.727636339397171,10,8,13,14,7
-900,37.85630445185396,0.6544558436895633,38.66363368083521,37.650949969734114,37.63712951817463,36.85056253806832,38.47924655245752,0.3869598161313951,0.1057991755713419,0.2454437369231096,0.4309790911748237,0.4124058958181401,0.5470006493563505,0.2989697073845519,0.9290669363798554,0.0614623816650276,0.8342824830222375,0.9712322747584472,0.9638135709713416,0.996136953535768,0.8798693996114829,39.438500352339304,0.0773822351346487,39.504884430856414,39.41478255300811,39.532140558416195,39.42913679643111,39.31155742298473,0.0491933341420283,0.0096897183961242,0.0424039740623398,0.0616596641978531,0.0370278764854777,0.0594696410310765,0.0454055149333946,0.5694607192819768,0.0162416859425023,0.5609726120125164,0.5955522755781809,0.5510447061423099,0.5805127720038096,0.5592212306730675,39.53311093648274,0.2484068801207012,39.64134979248047,39.27593768726695,39.9684830867883,39.39710166237571,39.382682453502305,0.0401748881251974,0.0119238948337049,0.0285848068129835,0.0497641693800687,0.0332545636108878,0.030547726730054,0.0587231740919929,0.5588444761254571,0.0066637060103477,0.5466255125674334,0.566817351362922,0.5592008594310645,0.5599340019804059,0.5616446552854596,8.8,6.04648658313239,3,9,8,20,4
-875,37.20290019241805,0.3377156465839662,37.073795987158704,37.10991865335052,37.73478136357573,36.72084682503927,37.37515813296603,0.490846188289603,0.0533643071464635,0.504084308737332,0.5099608385071313,0.3978538470169933,0.561240743730486,0.4810912034560725,0.9844509965365696,0.0158933908769685,0.9925619634156374,0.9932374671562432,0.9537255045064946,0.9977032456201376,0.9850268019843348,39.43340472597065,0.0726885908920637,39.52026644620028,39.39421023744525,39.51335525512695,39.40702415235115,39.33216753872958,0.0522711972931795,0.0107961947958316,0.0437795995085528,0.0666230467684341,0.0429715439959457,0.064294004445952,0.0436877917470128,0.569540143735481,0.0176288791318171,0.5540688986128027,0.5982811785105503,0.5502097444100813,0.579514890909195,0.5656260062347759,39.559964671279445,0.2392707395144997,39.622645984996446,39.30651213906028,39.99136410337506,39.400734872529,39.47856625643644,0.0357293567874214,0.0065357265825216,0.0392655110212438,0.0433160580243125,0.0259269409897652,0.0302443544973026,0.0398939194044832,0.5572865590904699,0.0083340381664023,0.5634164060607101,0.5646790347316049,0.542919091202996,0.5527960892879602,0.562622174169078,14.8,5.2687759489277965,16,16,7,23,12
-850,37.29387893676757,0.6454308057814252,37.0320927334815,37.072102300899545,38.33073885416247,36.41017174474972,37.62428905054466,0.4682237587024255,0.1006906262638326,0.5114330468104058,0.5096053180006361,0.289427760335588,0.5884981210698786,0.4421545472956195,0.9670739881771128,0.0469098055482406,0.993473524285346,0.993733335401594,0.874838153111566,0.999314083266504,0.9740108448205534,39.42729353471236,0.0758152273509497,39.48732006188595,39.38812128702799,39.52174758911133,39.43301333803119,39.30626539750533,0.0528436917839854,0.0101160271354849,0.0483226600159524,0.0680175585051377,0.0395605540128819,0.0605260666854905,0.0477916197004643,0.5714809206399051,0.0193440855373745,0.5647299443230485,0.6063558748274138,0.5521749583157626,0.5770100021001064,0.557133823633194,39.52341702779134,0.2542566894438041,39.611616192442,39.244060342962094,39.97429922855262,39.3795930111047,39.4075163638953,0.0427356227498614,0.0110546824440499,0.0404345263360124,0.0575647134277405,0.0270637237664425,0.0360831432608944,0.0525320069582173,0.5658357603983445,0.0080646648440575,0.5624999864534899,0.5768267160112207,0.5554435271205325,0.5608198769164808,0.573588695489999,15.6,9.810198774744576,16,16,4,33,9
-825,37.55977893318098,0.5608397229771171,36.924734646512064,37.215571806602874,37.18829609192524,38.25392327849398,38.216368842370734,0.4349062585339103,0.0779881731867529,0.5242954136170063,0.4913119944100527,0.4761565625667572,0.3366821915218511,0.3460851305538846,0.9618534942263182,0.0351884793156195,0.9953857297749864,0.9902162490431796,0.9855114522668504,0.914443650196508,0.923710389850066,39.41832377115885,0.0821093453262679,39.44603948882132,39.39139903675426,39.536683747262664,39.43327701453006,39.28421956842596,0.0547598390981103,0.0097470172206462,0.0567619709693121,0.0682984607745752,0.0385998085592732,0.0587013211722175,0.0514376340151736,0.5754419016115593,0.0131375053725274,0.5872535687504392,0.592986293814399,0.5566246979164354,0.5719085850498893,0.5684363625266335,39.50757423169686,0.2419133389336634,39.61281666611181,39.26509510387074,39.930484078147195,39.32548904418945,39.40398626616507,0.0449864958102504,0.005702267762458,0.0388278776046001,0.0512907126861991,0.0402545702051032,0.0421806769163319,0.0523786416390176,0.5636139457876033,0.0079157469471724,0.562988739122044,0.5624999810348857,0.5503930286927656,0.5675606718569091,0.5746273082314115,10.6,4.841487374764082,17,14,12,5,5
-800,37.460774773666536,0.2827924570603998,37.09969388824148,37.26113250575115,37.40643094249607,37.63135119565983,37.90526533618416,0.4544213414192199,0.0360116959375785,0.5004736071394891,0.4835024147304063,0.4509098271733707,0.4402958802955666,0.3969249777572671,0.9774895647137436,0.0126592985486854,0.9913564422695909,0.9883114683259394,0.9784253098301052,0.9736967670548824,0.9556578360882002,39.40176463271632,0.0793707175330634,39.48022669011896,39.39734291307854,39.488045779141515,39.37173762465968,39.27147015658292,0.0583933372953624,0.0091269805096087,0.0494290054352446,0.0661769061716217,0.0501460451914957,0.0721379721706563,0.0540767575077938,0.5802622811360794,0.0141389642366253,0.570259024699529,0.6001343862576918,0.5844330209674258,0.5871822815952878,0.5593026921604619,39.51901320255164,0.2407349233742825,39.68516621445165,39.236650351322055,39.8970051389752,39.336701942212656,39.43954236579664,0.0435979975359232,0.0106843432055701,0.0259335817430507,0.0593817507932809,0.0457081314402096,0.0418803733914639,0.0450861503116109,0.5639540414015451,0.0091659126119879,0.5472873729286771,0.5624796197269902,0.5699942780263496,0.5739043544639241,0.5661045818617849,10.8,2.85657137141714,15,13,10,9,7
-775,37.63643042967492,0.3928345213058203,37.15743153365617,37.3006897365924,37.5948117049699,37.88992966327471,38.2392895098814,0.4251352523098287,0.055102257767593,0.4962015179629178,0.4742351155920127,0.412080914703841,0.4016891533566504,0.3414695599337214,0.9628018123587384,0.0256711121830956,0.9902207009571116,0.9862611914418408,0.9622829193921432,0.9566561671876416,0.918588082814954,39.40268640229196,0.0900222833267839,39.45767385309393,39.38720483490915,39.53583434133819,39.364441264759414,39.26827771735914,0.0585319511705275,0.0121269518546759,0.0537765363626407,0.0693173540586775,0.0400735911997881,0.0741915766036871,0.0553006976278442,0.5773867529450041,0.0205857168183123,0.5732628504435221,0.6122413530494227,0.55147236495307,0.5850745141506195,0.5648826821283861,39.51568987297289,0.2635886453976419,39.607020984996446,39.26959968335701,39.98881045254794,39.31193889271129,39.401079351251774,0.0438316917470233,0.0096071418207358,0.0412067147818478,0.051862226375802,0.0263769761659204,0.0473217411587635,0.0523908002527825,0.5658459430391138,0.009032581517506,0.5683956335891377,0.5721937011588704,0.5479492337414713,0.5707681486100862,0.5699229980960037,9.2,3.3105890714493698,14,12,8,7,5
-750,37.44854383960213,0.5530583902971781,36.80304977574299,37.41175283844938,37.40011006778048,38.46276029606455,37.16504621997322,0.4508430351608807,0.0816303437713125,0.5391996659568905,0.464210560026857,0.4464298846180906,0.3007533459626522,0.5036217192399133,0.9673048291009726,0.0412657601698964,0.9961057760051846,0.9840921489233824,0.97915575246221,0.8856091474749378,0.991561320639148,39.413359647808655,0.0814505703972561,39.47092865452622,39.37610441265685,39.52565118038293,39.40650177001953,39.28761222145774,0.0571324329371705,0.0098912975668692,0.0525324515095262,0.0715553983481544,0.0427790707485242,0.064073405821215,0.0547218382584326,0.5810504075252648,0.014908776532621,0.5858891163811539,0.5990041404059439,0.5589870295741342,0.5688843916762959,0.5924873595887964,39.48673281814113,0.2555360394906512,39.61692393909801,39.21346554611669,39.92377957430753,39.35776670051344,39.321728330669984,0.0501968542170343,0.0141652513278122,0.038865855838539,0.0645985965137228,0.0405327627068441,0.0368751761164854,0.0701118799095804,0.5746700711322553,0.0195187999370856,0.5652797980742021,0.5719696816169855,0.5733748584082632,0.5520527715032751,0.6106732460585508,11.8,5.230678732248808,20,11,10,4,14
-725,37.75999272926567,0.6508138705677806,36.78324410350052,37.30007627821461,38.50260850572094,37.82426126224478,38.38977349664747,0.3960923243736483,0.1039074024283459,0.5355822683609638,0.476519560998248,0.2528945722223557,0.4057389897169526,0.3097262305697215,0.9344638679445404,0.0617802767154341,0.9964041912678592,0.9886202695443458,0.8341874683026186,0.9592186390739126,0.8938887715339661,39.38752755829782,0.0628898853353625,39.43192638050426,39.347618796608664,39.4794570460464,39.378766030976266,39.29986953735352,0.0611338332859855,0.0098217092303829,0.0603919525376775,0.0748355496449,0.0492981894111091,0.0693275375912586,0.0518159372449824,0.5876527213689052,0.0179234133067985,0.5920698760133801,0.6157135710571752,0.5605143994996042,0.5899111944617648,0.5800545658126022,39.51326765580611,0.2658763020783665,39.612418088045985,39.27740969802394,39.99183701023911,39.326090610388555,39.358582872332946,0.0452168225959846,0.0127580141901732,0.04209829686266,0.0503824712765036,0.0247164778129169,0.044776462244265,0.0641104047835776,0.5666523953278858,0.0123114352795914,0.5710634417606123,0.562805459354863,0.545485078385382,0.5825798132202842,0.5713281839182882,9.2,6.241794613730894,20,12,3,7,4
-700,37.79519024091898,0.6084283293805691,37.799120794866504,36.86600183703236,37.557051747115615,38.733303306029015,38.02047351955139,0.3944561429859436,0.0922926078815694,0.3988641995130126,0.5348891680388107,0.4180951299741096,0.2465875247090133,0.3738446926947721,0.9390129100416124,0.0559715744020628,0.957103041029468,0.9966951756133248,0.964958224099936,0.8326419684075818,0.9436661410577518,39.38896808046284,0.0639470083800898,39.44017826427113,39.374123891194664,39.47723377112186,39.35863587350556,39.29466860222094,0.0612297187700416,0.0102887125110407,0.0581356301677949,0.0707298630679195,0.0517931086660334,0.0757030081568342,0.0497869837916258,0.5858585679169857,0.0170578944033032,0.5706255932648977,0.614970250563188,0.5735581435940482,0.5956235555085269,0.5745152966542677,39.48009332599062,0.2660238559349254,39.5949979839903,39.21403775070653,39.9476845481179,39.29793548583984,39.34581086129853,0.051555730498424,0.0116210609085728,0.0434265205015738,0.0643923713289427,0.0360208735377951,0.0484713990467064,0.0654674880771022,0.5785699575236349,0.0053955218297634,0.5705441390023087,0.5842599245634946,0.573955260442965,0.5807571519504894,0.583333311658917,8.8,5.844655678480984,7,20,8,3,6
-675,37.70555504867711,0.4915786489921114,36.96417924546704,37.32421001945574,38.25705766186272,38.142632749891774,37.83969556670828,0.4079904936945315,0.078011801593003,0.5135567876481518,0.4720531010750642,0.2983015175025487,0.3520120993717429,0.4040289628751499,0.9489874847156484,0.0419794433685844,0.9945543377669817,0.985637645131534,0.8797240711979031,0.9265344892580484,0.9584868802237756,39.36944395123106,0.0720696841579226,39.39483561660304,39.361700693766274,39.47504956794508,39.36490099357836,39.25073288426255,0.0641229599742501,0.00807731870422,0.0657462728858897,0.0714523770535985,0.0506943012023288,0.0726662412511579,0.0600556074782754,0.5891149213819793,0.015049289544267,0.5950635183941234,0.610215038061142,0.5681817983136033,0.5959290302161014,0.5761852219249263,39.491462684400155,0.2702535973485049,39.6249235904578,39.221268220381305,39.95942456794508,39.309666026722304,39.34203101649429,0.0485310694710774,0.0144628008709717,0.0380815123631195,0.0622050312883926,0.0294689271937717,0.045028241012584,0.0678716354975194,0.5791279567010476,0.0157001331965926,0.5654325340733384,0.5713587276863329,0.5644652021653724,0.5895446249932954,0.6048386945868983,8.8,4.534313619501853,16,12,4,5,7
-650,37.4571227634076,0.5528345645233977,36.56169533483761,37.43310735643525,37.867932506443296,37.2490299657448,38.17384865357704,0.4429686163196858,0.0772002128507849,0.5580189928566057,0.4526849662520222,0.3659985077749823,0.4876330952668927,0.3505075194479264,0.9664878875938888,0.0296689225224723,0.9986697447668644,0.9814212973584834,0.938879195562343,0.9898257851600648,0.923643415121688,39.36381553881096,0.0746892620852773,39.41882832845052,39.32168266989968,39.47616773663145,39.33743679162228,39.264962167450875,0.0660216764123602,0.0116095047434367,0.0628760506144978,0.0806965770087007,0.0510499848504409,0.0781970387042471,0.0572887308839144,0.6044741572755756,0.0171999917148152,0.607445402578874,0.628034357771729,0.5823863410588467,0.6167012642730366,0.5878034206953916,39.45692268140389,0.2484945626992117,39.60628012454871,39.21648736433549,39.8742333614465,39.268618728175305,39.318993828513406,0.0566748390764449,0.0088786557574972,0.0437080926459395,0.0620341556372516,0.0515706619304238,0.0563057354284506,0.0697555497401591,0.5824189323367495,0.0083783744942782,0.5676624955552997,0.5788835765737476,0.5878747006257375,0.5867648124694824,0.5909090764594801,12.0,7.563068160475615,26,10,6,13,5
-625,37.31074100769672,0.4370650958132974,36.6767102664279,37.28743138264135,37.09910280679919,38.00041509411999,37.490045488495184,0.4666679973454819,0.0541353908936583,0.5446354820556247,0.4725767976229952,0.4855937496903016,0.3772075080994478,0.4533264492590403,0.9796093186152348,0.0187711030731782,0.9971836197007564,0.987324185592612,0.9892497511254144,0.9435646921089016,0.9807243445484908,39.36807556152344,0.0560471524783346,39.39835438583837,39.368476405288234,39.43974882183653,39.363879579486266,39.26991861516779,0.0650080180734,0.0069282357513718,0.065622478159088,0.0719898963121302,0.0568183955708236,0.0731669803799101,0.0574423399450483,0.6007616303183816,0.0153692798086802,0.5994317947012006,0.6305697921550635,0.5886180175073219,0.5948191411567457,0.5903694060715762,39.45443916320801,0.2359153457651854,39.601770689993195,39.21349068843957,39.846743728175305,39.30316046512488,39.307030244307086,0.0571424645907951,0.0106082580632543,0.0437067543071779,0.0629573159597136,0.0568843028423461,0.0484875563645001,0.0736763934802376,0.5906443294250604,0.0144363348217639,0.5684872721180771,0.5820197779120821,0.5996659976063352,0.5926197297645338,0.6104288697242737,12.6,5.276362383309167,22,12,13,6,10
-600,37.53336272878745,0.5480409168947723,37.0591094813396,37.289508858906856,38.53309245945252,37.09401482650914,37.69108801772914,0.4305327926407155,0.0934281417257247,0.4980056811239302,0.4693223536014557,0.2527680352483828,0.5076981266749274,0.4248697665548816,0.9548086895156151,0.06121733165966,0.992652524377882,0.9855782629288348,0.8334822673158547,0.9923333286010112,0.9699970643544934,39.35007465246952,0.0683232828883468,39.41138388893821,39.35717484445283,39.430414142030656,39.30743003614021,39.24397035078569,0.0680291079125846,0.0089036365844495,0.0637327210667232,0.0728130457414822,0.0595800230336008,0.0832337038591504,0.0607860458619666,0.6005783492868597,0.0157611376244121,0.5927419165770212,0.6257433042381749,0.5872433926119949,0.6120275195800897,0.5851356134270177,39.43693989840421,0.2608149678795706,39.59692590886896,39.16798556934703,39.87171392729788,39.26743605642608,39.280638030081086,0.0606106251195976,0.0122494186566109,0.0449155176227743,0.0718594460437695,0.0506481243523232,0.0584793099851319,0.077150727593989,0.5930331376465884,0.0084632268575942,0.5761241253578302,0.5969880105871143,0.5979146144606851,0.5967843622872324,0.5973545755400802,10.4,4.409081537009721,14,12,3,15,8
-575,37.363018169599705,0.4038083628608209,37.307312247679405,36.94360304370369,37.22683011871023,38.13283711856173,37.20450831934349,0.4581693705209751,0.0567277961884251,0.4680326289122866,0.5127150689818195,0.4666312066550107,0.3500017695820209,0.493466178473738,0.9765858508876916,0.0250432092452173,0.9852427373227384,0.9948349300119066,0.9854401903054149,0.9270036318867476,0.9904077649116516,39.33053776134144,0.0856948228832051,39.3753723375725,39.32767740885416,39.44779216881955,39.31524380770597,39.18660308375503,0.0728570479278763,0.0091342298576239,0.0710157502837705,0.078498544030343,0.0573777882946711,0.0847853471271016,0.0726078099034952,0.6148093662478706,0.0160481869412102,0.613005030335802,0.6426665692618398,0.6021505169796221,0.5967436324466359,0.6194810822154536,39.43472782481801,0.2330909604221072,39.53030187433416,39.22383649421461,39.84933899388169,39.25903678662849,39.31112497503107,0.0606399715031412,0.0056929558465103,0.0568763091313568,0.0614149479026144,0.0543052657846022,0.0596584556906512,0.0709448790064815,0.602981409520814,0.0156421051804742,0.601397016734788,0.5938721696535746,0.5977313310811014,0.5887809350635066,0.633125595071099,11.4,3.878143885933063,11,17,11,5,13
-550,37.36907502793774,0.3577879791240386,36.86725219254641,37.555228321822646,37.558398531884265,37.03870203077179,37.8257940626636,0.4586628065281307,0.0494944311926216,0.5251041447993406,0.4344723670138526,0.4171109641950155,0.5108588055237052,0.4057677511087398,0.9791992640986884,0.0134372931282608,0.9958014279296716,0.9760409937691444,0.9675548433028546,0.9937912373198676,0.9628078181719044,39.32182325883345,0.066202085026845,39.38535771225438,39.31824493408203,39.39173126220703,39.304560227827594,39.209222157796226,0.0746377761532185,0.0071968213887602,0.0698796922312767,0.0823524036077839,0.0688079772799304,0.0844021285460753,0.0677466791010264,0.616617772615317,0.0122196720612973,0.6091153305588346,0.6359970398021467,0.6103372239705288,0.6252138181166216,0.602425450628454,39.43306103330669,0.2320704919510524,39.58753689852628,39.20524400653261,39.81474870623964,39.26672409520005,39.29105146003492,0.0607411157495031,0.010666079674277,0.0446850498856017,0.06364864994292,0.0617245793286146,0.0561556220830728,0.0774916775073066,0.6049710653044961,0.0201726525386736,0.5843311963659344,0.5810422572222623,0.6146953268484636,0.609461536913207,0.6353250091726129,11.2,4.019950248448356,17,9,8,15,7
-525,37.46418272981939,0.4631362442956171,36.654530436722276,37.91793964818581,37.82660985730358,37.26133106664284,37.66050264024243,0.4409320042919867,0.0666731118010566,0.5465194850238329,0.3760063851002565,0.3722399424031837,0.4845361365485437,0.4253580723841166,0.9712610408202887,0.0205455421883688,0.9976824571176902,0.9493384183067636,0.947000123790859,0.989745620599727,0.9725385842864046,39.30445098876953,0.0681411571190391,39.34491151751894,39.32672026663115,39.37340129505504,39.30049445412376,39.176727410518765,0.077450751874483,0.0047899009261093,0.0761656422506679,0.0811965018510818,0.0699405673834862,0.0838408690566818,0.0761101788304972,0.6193568565628744,0.011244653759647,0.6170882004680056,0.6367505472717863,0.6037389861814904,0.6259469561504595,0.613259592742631,39.4410699670965,0.243492065550531,39.56707035411488,39.2206666541822,39.85837312178178,39.22616889260032,39.33307081280333,0.0589233256876468,0.0064027584922317,0.0496713409030979,0.060275095543175,0.0535486946446877,0.0650350820894042,0.0660864152578693,0.5999266718373154,0.0139661598719883,0.5831907599261312,0.5890151388717421,0.601926509178046,0.6017228608781641,0.6237780903324937,10.8,6.013318551349163,22,6,6,12,8
-500,37.433070947706085,0.4026605044128366,37.90527040933825,37.176904776661665,36.943991041675055,37.21916053221398,37.92002797864147,0.4454816288554791,0.0555009722833403,0.3706720456020119,0.4859447061401052,0.4977856038771954,0.4878405710471045,0.3851652176109786,0.9744479164634784,0.0202346319689347,0.9465413738771812,0.9907091438155812,0.9924862470823465,0.9893922787351708,0.953110538807112,39.286120143081206,0.0692720152796804,39.34858957926432,39.2839382056034,39.37231029163707,39.24393994880445,39.181822690096766,0.0810828012132057,0.0078972847129455,0.076419978656552,0.086814653523492,0.0724525826446937,0.0936432880857451,0.0760835031555457,0.6198374677788128,0.0154740034520954,0.6133919638214689,0.6449168893423948,0.608993138327743,0.6297042812361862,0.6021810661662709,39.416178501013555,0.2304225393072105,39.55245590209961,39.17032912283233,39.793232542095765,39.217183315392695,39.347691622647375,0.0640296267853541,0.0065295668123898,0.0514795598997311,0.0703132236940842,0.0667352072443022,0.0669344184976635,0.0646857245909896,0.6064414134531311,0.0115871351214261,0.6046757743214116,0.6101844879713926,0.608035989783027,0.6226172853599895,0.5866935298298345,10.4,3.6110940170535577,6,13,14,13,6
-475,37.11079345388511,0.6112458498617165,36.69984455698544,36.2978571075754,37.664986521927354,37.949122006131205,36.94215707680614,0.4832665465541721,0.0803442248524559,0.5420824191004959,0.5798291425729535,0.398626517081998,0.3778029886103168,0.5179916654050964,0.9793076446375896,0.0216788385997302,0.9970589089639408,0.9993244765960064,0.9587242578722768,0.9476637569899412,0.993766822765783,39.292241460626784,0.0638297166131397,39.32057386456114,39.288904479055695,39.37348175048828,39.299598000266336,39.17864920876243,0.0788335785072184,0.0053789298753142,0.0796483124352314,0.0841899512787208,0.0716902844777161,0.0849681537683037,0.0736711905761198,0.6246395244742885,0.0120466497395211,0.6233911550406254,0.6464442646864689,0.6149091558022932,0.6261302359176405,0.6123228109244144,39.37241175102465,0.2392160174110377,39.48264081550367,39.119456146702625,39.78647197376598,39.207353765314274,39.2661360538367,0.072238647407203,0.0068709836704589,0.0658316949495312,0.0799657805173686,0.067375742576339,0.0667515259631204,0.0812684930296558,0.616784766587344,0.005187071169354,0.6111518289103652,0.6153877350417051,0.6241141070019115,0.6117831324086045,0.6214870295741342,16.8,10.264501936285072,21,34,7,6,16
-450,37.27748310049784,0.3466986067990967,37.09815235727841,36.9485021768157,36.97033699271605,37.81518743456024,37.555236541118816,0.4695485331348537,0.0387749567738547,0.4920898832611202,0.5069894953486845,0.4988032370498499,0.4053074868069481,0.4445525632076657,0.9835949574549174,0.0119950336452506,0.9906735112986612,0.993912973969253,0.9924031072056172,0.9620691304354324,0.978916064365623,39.2856947927764,0.0687344478909722,39.3474208947384,39.27319046945283,39.360565069949985,39.279998894893765,39.16729863484701,0.080437431159909,0.0072266130182671,0.0756569727831943,0.0892564675798921,0.0735377273098989,0.0892433774177775,0.0744926107087821,0.6300382691802401,0.0160578137616206,0.6070890200860573,0.6559648703445088,0.6256109340624376,0.6366690930091974,0.6248574283989993,39.38617994135076,0.2150581497194416,39.50364846894235,39.16984136176832,39.751297921845406,39.22228518399325,39.283826770204485,0.0693474770551829,0.0058877312873892,0.060759807993291,0.0694957704593737,0.0738770053580854,0.0653275882712367,0.0772772131939277,0.6194464631152876,0.013666277924449,0.6067733656276356,0.6067733638214342,0.6288184090094133,0.6133410515207233,0.6415261255972313,11.8,3.3105890714493698,13,16,14,7,9
-425,37.1453238733036,0.5209484150551639,36.65599292086572,36.76512193188225,36.75732213443087,37.64820248318701,37.89997989615214,0.4824409134609183,0.0626256065938538,0.5408541449566477,0.5321997886465997,0.5240148742174365,0.4273345836044587,0.3878011758794489,0.9837644049801778,0.0170707889850382,0.9972875450075288,0.9970693016789623,0.9963863725514756,0.9729752325520074,0.9551035731109148,39.28523490212181,0.0620958212223288,39.321915019642226,39.29154644590436,39.36379739009973,39.27101112134529,39.17790453361742,0.0803189487887941,0.0067267500512346,0.0797500096713051,0.0851576283334218,0.0719847847905122,0.0902502510527318,0.0744520700959996,0.6243829232273679,0.0102420161528499,0.6196338200207913,0.641892696871902,0.614888790881995,0.6298162882978265,0.6156830200643251,39.39309049664122,0.2493839051130892,39.55404478130919,39.11446212999749,39.79909145470822,39.22635893388228,39.27149518330892,0.0692763815718618,0.0109003012521461,0.0537384134350401,0.0816632137549194,0.0631214555240038,0.0662470866897792,0.0816117384555664,0.6117566627083403,0.0123564704170656,0.6003074934988311,0.6065086189544562,0.6016821274251649,0.633655082095753,0.6166299915674961,14.4,6.118823416311342,20,20,18,8,6
-400,37.476481172227366,0.5013550130978657,36.84690491194578,37.75296606476774,37.77545201409723,38.09223745287079,36.9148454174553,0.4338528480111938,0.0739698802477688,0.5235349526724864,0.3949635603378728,0.3740256763610643,0.3541608836847482,0.5225791669997972,0.9665087690058444,0.025344149961591,0.9956247548467104,0.9618820707822584,0.9454917403840528,0.933993271945678,0.9955520070705216,39.27678206472686,0.0691757136447627,39.320688652269766,39.300227309718274,39.35086013331558,39.26065722378817,39.15147700454249,0.08315433515518,0.0069284917244151,0.0796567473109021,0.0867988460725455,0.0757236086735219,0.0949436847797848,0.0786487889391454,0.6260121184768099,0.0110729117995045,0.6220979780861826,0.6429924061804106,0.6109685364997748,0.6333699695991747,0.6206317020185066,39.37077092257413,0.2268014848204494,39.477604721531726,39.1441768877434,39.76594000151663,39.2197880600438,39.246344942035094,0.072890317456966,0.0054288789240815,0.0669968410141088,0.075410297704917,0.0717325732958587,0.0682757550173185,0.0820361202526273,0.6154406769709153,0.0038606484390926,0.6086367522225236,0.617943525314331,0.616436523921562,0.6198781981612697,0.6143083852348905,10.4,5.425863986500215,17,7,6,5,17
-375,37.76332290492107,0.5168657892911949,37.74594505546019,38.531656009634744,37.37580033921704,38.095852645402104,37.06736047489127,0.391981338870894,0.0795326864979029,0.3959492500295344,0.2677597365121251,0.4404728197559868,0.3528485814320672,0.5028763066247567,0.9452022701194606,0.0466743661445352,0.9632419919230274,0.8610206885436147,0.9777082346149326,0.9315391778945924,0.992501257621136,39.273723209265505,0.0652402733381763,39.32681933316317,39.294172113591976,39.328804362903945,39.26745247118401,39.15136776548444,0.084499144983111,0.0052408880748481,0.0807085932429992,0.0898882417064724,0.0805863205230597,0.09181809261667,0.0794944768263535,0.6206337397748773,0.007200378407193,0.6281463657364701,0.6132290516838883,0.6118035018444061,0.6209982705838752,0.6289915090257471,39.376554026748195,0.2335065390747369,39.497438950972125,39.19972743410053,39.783100706158265,39.19991533684008,39.202587705669984,0.0715933637749968,0.0107022341262039,0.0618542878690994,0.0664101027968255,0.0687321921189626,0.0685548960993235,0.0924153399907729,0.6079199097373269,0.0229719614593089,0.6111212806268171,0.5687011064905109,0.6132290489745863,0.6060911407976439,0.6404569717970762,7.6,3.7735924528226414,7,3,9,5,14
-350,37.40871714169217,0.5347580471261963,37.130709893924674,37.63423801697407,36.70684267810939,38.298013392182966,37.27378172726975,0.4461003007962532,0.0714066401654785,0.4875436910648936,0.4199683666229248,0.5236104468709415,0.3197571500060485,0.4796218494164575,0.970761544556962,0.0322078110814901,0.990409250111924,0.971031850760745,0.9960330306869192,0.9085377866459876,0.9877958045792334,39.257383566191706,0.0709718763319937,39.305119369969226,39.26037112149325,39.33236266627456,39.26299759835908,39.12606707486239,0.085932887681393,0.0055393153785952,0.0831776018056905,0.0912121422588825,0.0782153121139289,0.0932683721749168,0.0837910100535461,0.6319871904272022,0.0171104428744461,0.6358748520865585,0.6626649345412399,0.6241141051957102,0.6119562369404417,0.6253258233720606,39.35262270840731,0.2026121856003578,39.38764155994762,39.171435731830016,39.73205231175278,39.23204445116448,39.23993948734168,0.0768662000695864,0.0079847201303444,0.0840739886361089,0.0702047770222028,0.0771203858382774,0.0659286820640166,0.0870031667873263,0.6201307258822701,0.0114005952570844,0.6190432364290411,0.5999816538709583,0.6248676117622491,0.6218943324956027,0.6348667948534994,10.8,4.707440918375928,13,8,18,4,11
-325,37.500775539752134,0.1863701757152372,37.80396467385833,37.60544987314755,37.328219108974814,37.46475664119131,37.30148740158867,0.4335252257352023,0.0297555255771214,0.3836125949608911,0.4213169195602849,0.4415471019204129,0.4491963033209142,0.4719532089135081,0.9744103071615868,0.0118922315194058,0.952468021628783,0.9725803173694414,0.9789761083642232,0.9810961626239658,0.9869309258215206,39.25631528912169,0.0618004803293417,39.31212569728042,39.27031858039625,39.294129458340734,39.26793763131806,39.13706507827296,0.0876877907550696,0.0052388617414325,0.0821052281693978,0.0935701491932074,0.0868298061135591,0.0939069731499661,0.0820267971492174,0.6392126724575504,0.0146050581286886,0.629164611751383,0.6652003743431785,0.6423203601981654,0.6226478309342356,0.63673018506079,39.3565870920817,0.2263335573335563,39.4786411632191,39.135659246733695,39.744440598921344,39.20107223048355,39.22312222105084,0.0758386426661728,0.0083716306262777,0.0652432861088803,0.0799138304974996,0.0753959263816024,0.0693924626279057,0.0892477077149757,0.6205115480856462,0.0069543788034867,0.6172002147544514,0.6185952027638754,0.6230042179425558,0.611457294586933,0.6323008103804155,8.6,1.624807680927192,6,8,9,9,11
-300,37.797435587460235,0.4239155448793871,36.991670234916135,38.03673333236851,38.13142804018001,38.07711646483117,37.75022986500534,0.386864332286353,0.0668588820172955,0.5041226836823925,0.3547975832654029,0.3097140240607802,0.3546634448557785,0.4110239255674106,0.94643500969582,0.0308741148611638,0.992860374376946,0.9362098285832356,0.9008518561874468,0.9372639176771812,0.9649890716542904,39.250573083126184,0.0694547735917233,39.29917387528853,39.26453376538826,39.318949381510414,39.2495837356105,39.12062465783322,0.0898048478602008,0.0050338174407538,0.0840453428188056,0.0939551099965518,0.0860251513112223,0.0973723851934526,0.0876262499809716,0.6351457931778648,0.0098499082120832,0.6362108786900839,0.6370051087755145,0.6300403042273088,0.6512707544095588,0.6212019197868578,39.35736965988622,0.2300950529849521,39.40779726433031,39.16809954787745,39.7817207105232,39.16207411794952,39.267156658750594,0.07711552135985,0.005647274761413,0.0819377977344574,0.0704128996779521,0.070807290517471,0.0782132357020269,0.0842063831673427,0.6227781684109658,0.0172023424620614,0.6377586171482549,0.5944118436538812,0.6113045612970988,0.6329830397259105,0.6374327802296841,7.0,3.63318042491699,14,5,4,5,7
-275,37.30132145045959,0.5864096527975777,37.1718625727388,37.21836530547781,38.407840728759766,37.043536274703506,36.665002370618055,0.456311300274023,0.0978424416900926,0.4774889002755745,0.4773742903753654,0.2682600661958615,0.5070813777520484,0.5513518667712654,0.9664734346350444,0.0520479214274939,0.988654413788589,0.9895585566451868,0.8625825213402817,0.993754121446118,0.9978175599550464,39.22937067205255,0.0765008141960881,39.27744882757013,39.22316360473633,39.32779104059393,39.21998850504557,39.09846138231682,0.0908739427273923,0.0065735071857674,0.0884357465600425,0.0975424960876504,0.0812653062131368,0.098987644086733,0.0881385206893989,0.6422470473881924,0.0129675713254029,0.6393572633916681,0.6528795831131212,0.6233402355150743,0.6600684035908092,0.6355897513302889,39.34699733618534,0.2535119107047854,39.46041546445905,39.109662200465344,39.788995107014976,39.13227890477036,39.243635004216976,0.0763214837195295,0.0065917496034899,0.0709240389141169,0.0800270238947687,0.0661382026067285,0.0825616846877065,0.0819564684943267,0.6351315400817177,0.0116018601973603,0.6372189503727537,0.6283703762473483,0.6187275810675188,0.6537858238725951,0.6375549688483729,12.4,5.748043145279966,12,12,3,14,21
-250,37.32820127034925,0.4968591223104099,38.19413340460394,37.166273923264335,37.24719843913599,37.37562844187943,36.657772142862534,0.4521789330182615,0.0746342489174996,0.3187615849922612,0.478271496357377,0.4522424807253572,0.4632780665589362,0.5483410364573764,0.9730061102159244,0.0317743614921783,0.9103534940591792,0.9896238784200138,0.9827455872112942,0.9843341431666895,0.9979734482224456,39.22729540738192,0.0722292911829019,39.28534270777847,39.25588885220614,39.28016177090731,39.22599734682025,39.089086359197445,0.0921927316114306,0.0032723554559478,0.0906290038291252,0.0920838431144754,0.0892295733545765,0.0984829569969213,0.0905382807620547,0.6497657822840142,0.0130720538215656,0.6277492479844526,0.6673488752408461,0.6471468517274568,0.657084938251611,0.6494989982157042,39.32944639957312,0.208264041291885,39.4736960439971,39.10470193805117,39.66418942538175,39.178057583895594,39.22658700654001,0.0805583713209312,0.0077871340073507,0.0691662764346057,0.0835923374150738,0.0892587733793665,0.0737367861085769,0.0870376832670334,0.6304150171352155,0.0157698656526928,0.6104695977586688,0.6129133900006613,0.646831194559733,0.6458638581362638,0.6359970452207507,11.2,5.1536394906900505,4,12,10,10,20
-225,37.504612889240704,0.5378819169743955,37.339000780557846,37.121216724828344,37.33671876573071,38.565560291722875,37.160567883363704,0.4310243455712328,0.0806137583532131,0.454417130689031,0.4901424237747782,0.4455751804346891,0.2740303525297912,0.4909566404278745,0.9628711260471146,0.0468929796200325,0.9822556585380712,0.9912599417352184,0.9802647687725186,0.8695127773530704,0.991062483836695,39.22786414406515,0.0791378851598746,39.280481511896305,39.21835558342211,39.30274940259529,39.25799040360885,39.079743818803266,0.0923693877673058,0.0055665767315067,0.0892685281507896,0.0983082913426738,0.0833781986694895,0.0977126647238478,0.0931792559497284,0.640497699470231,0.0155223402401474,0.6462609767913818,0.6563416195638252,0.6404875191775236,0.611162006855011,0.6482363749634136,39.33857056588838,0.225965534215723,39.377105712890625,39.075539560029,39.74234517415365,39.30150245897698,39.19635992339163,0.0778578380517887,0.0157337889396957,0.086583746258508,0.0880291043837187,0.071971474271832,0.0496859313129927,0.093018934031892,0.6364898800849914,0.0188243464050061,0.653276694543434,0.6369847492738203,0.6303355982809355,0.6045637690659725,0.6572885892607949,9.4,3.4985711369071804,10,13,9,3,12
-200,36.95136157950175,0.2417816955729588,37.38058322237939,36.662965164971105,36.866542973469215,37.013151542427615,36.83356499426144,0.5060086488723755,0.0305416989400123,0.4510319758321821,0.5412622662549166,0.5054831895017132,0.5062980839272135,0.525967728845852,0.9923012630226686,0.0058419690425855,0.9809937255898702,0.9973395104260788,0.9931290911645004,0.9940451064060644,0.995998881526829,39.20131634798916,0.0679287332520344,39.264191483006336,39.20758414990974,39.247606219667375,39.21527238325639,39.071927504106,0.0956426588649099,0.0027735921143196,0.0931527686277122,0.0994063802627903,0.0941853734636397,0.098559134244693,0.0929096377257144,0.6518491199522308,0.0095078469744627,0.6415363161852865,0.6696297472173517,0.6479512724009427,0.6480734583103296,0.6520548056472432,39.30707392837063,0.2313896294023808,39.4680263634884,39.05363464355469,39.678082437226266,39.14399950432055,39.1916266932632,0.084901153725205,0.0078164680369133,0.071260992437601,0.0918249490134643,0.0873677159913561,0.081716697042187,0.0923354141414165,0.6425504875905587,0.0121122404767243,0.6310992791797175,0.6570340322725701,0.6334514365051732,0.633512528556766,0.6576551614385663,15.0,3.9496835316263,9,21,14,14,17
-175,37.32862561412693,0.3675508273338969,36.73532761249346,37.70966052025864,37.727870193953365,37.20867109790291,37.2615986460263,0.4557743851671514,0.0528105563545521,0.5276403175186866,0.4081505192923791,0.3831117322149965,0.4854569607174274,0.4745123960922673,0.9792718459650412,0.0154727183356654,0.9964769359716436,0.967664707567274,0.9549918979713596,0.9896758376937552,0.9875498506211744,39.1982038786917,0.0715382725128309,39.232743234345406,39.23005676269531,39.283985600327,39.16925545894738,39.074978337143406,0.0975627572416807,0.0070097127328071,0.0955983418406862,0.0991874691098928,0.0901928557591004,0.1102251500512162,0.092609969447508,0.6544721195192048,0.0117356185768796,0.6596407393614451,0.6652411032806743,0.6318425942551006,0.6602109607421991,0.655425199956605,39.33510369965524,0.2508825568592933,39.43749341097745,39.11734112826261,39.779245087594695,39.118278272224195,39.22316059921727,0.0790372334420681,0.0072535888710526,0.0740190507900534,0.0798366643262632,0.068152184287707,0.0850553779834599,0.0881228898228569,0.6346448183059692,0.0146267906456124,0.6374531469561837,0.6197560095425808,0.6157950316414689,0.6519122457865513,0.6483076576030615,10.6,4.223742416388575,18,7,6,11,11
-150,37.379810089425945,0.4452695166339041,38.20706090238905,37.0064844347767,37.43579860569275,36.99357479134786,37.25613171292334,0.4452302903858657,0.0687332619584258,0.3181681700588502,0.4960325160591872,0.43049647420952,0.5071381923464156,0.4743160992553553,0.9715626186931255,0.0331893299764281,0.9063553828554056,0.9925753240732804,0.9764433331096296,0.9941802098579012,0.9882588435694114,39.20870601769649,0.0728017404781433,39.295117580529414,39.18044165408973,39.267320575136125,39.21350074536873,39.087149533358485,0.0954909532951812,0.0063547989502383,0.0880461171495192,0.1048219343929579,0.092822485349395,0.1009810273817768,0.0907832022022568,0.6522564151070334,0.0160656992471427,0.6501914109244491,0.6763501790436831,0.627168843240449,0.6597731131495852,0.647798529177001,39.30783286817146,0.2551844612648747,39.45526203964696,39.072129451867305,39.736934777462125,39.08221990411932,39.1926181677616,0.0845057360517482,0.0083951461719461,0.0719162160671795,0.0882615788811535,0.0773453202775933,0.0919491720639846,0.0930563929688298,0.6370315880486459,0.0130018792852742,0.6348057028019067,0.632759027408831,0.6170372863610586,0.6562499819379864,0.644305941733447,10.2,3.815756805667782,4,14,8,14,11
-125,37.423180790537415,0.4157476709193722,37.80795248759161,37.06854605920536,36.80467570196722,37.849233175061414,37.58549652886145,0.4416696285464099,0.0537677161948353,0.3839457274712238,0.4920870028820234,0.5143808547368983,0.3849353587504515,0.4329991988914529,0.9747722264417668,0.0173648148623652,0.9536839348753704,0.991720179921573,0.9958014260862292,0.956558180838516,0.9760974104871456,39.21318493467389,0.0592071868305488,39.27809617013642,39.22139844027433,39.26029702388879,39.19664706605853,39.10948597301137,0.0949319468924041,0.0073239029578695,0.0900745822511839,0.0977458780010541,0.0917085915465246,0.107871310982966,0.0872593716802922,0.6560381845994429,0.004647458208883,0.6534090701377753,0.6642330370166085,0.6537145385236451,0.6510060113487821,0.6578282659704034,39.2935812401049,0.203028176075012,39.393183852687024,39.08972832650849,39.64539314038826,39.18006018436317,39.159540696577594,0.0876113409063581,0.0097333173018425,0.083869048874035,0.0848267070497527,0.0933706033410448,0.0735303076887221,0.1024600375782359,0.6418092034079812,0.0136907517329941,0.6258145796530175,0.6419028802351519,0.6523399154345194,0.6278205233992953,0.661168118317922,9.6,3.7202150475476543,6,13,15,6,8
-100,37.35520522913982,0.2665582660598016,37.526213144518664,37.65565235098613,36.88569354027817,37.26673712189665,37.44172998801949,0.4543180825169554,0.0336707645429889,0.4305811158775054,0.4084582122945294,0.5051877532423157,0.4746122160523208,0.4527511151181054,0.9817194091905024,0.0093764928592404,0.9752036621890116,0.9682229284158688,0.9946330232718557,0.9886618379465084,0.9818755941292674,39.198188943573925,0.0695351178434235,39.268014734441586,39.2220371130741,39.248454469622985,39.18028109001391,39.07215731071703,0.0974528623857733,0.0055673047995218,0.0901577350203738,0.1017817708127426,0.0943406776271083,0.1057292816483161,0.0952548468203255,0.6536045759013205,0.0091187918177653,0.6417094162016204,0.6628176741527788,0.6440513847452222,0.6631333349329053,0.6563110694740758,39.30995334278453,0.2243015635406241,39.42672417380593,39.10321501529578,39.69790302623402,39.14916934389056,39.172755154696375,0.0835006027454228,0.0079810653103402,0.0768527565806201,0.0827264768551244,0.0811779457285548,0.0778652949428016,0.0988805396200129,0.6363554725141236,0.0143301777652645,0.6303661411458795,0.6181064500953212,0.6282583755074125,0.6466275471629519,0.658418848659053,9.8,2.481934729198171,8,7,14,11,9
-75,37.448754088411626,0.3969868769824898,37.81567949118073,37.9620454532584,36.957336661741905,37.44516463132248,37.06354420455461,0.4369249120201032,0.0586548630849328,0.384810652929483,0.3537437433434516,0.4939881357335552,0.4510348986104591,0.5010471294835671,0.9715090069574176,0.0226734295961862,0.9551344188218264,0.93542742729187,0.9924446749932988,0.9815534291808138,0.9929850844992804,39.19285421660451,0.0690152741949106,39.25059439919212,39.2126289136482,39.26048359726415,39.17019907633463,39.07036509658351,0.0997263151362086,0.0067433406272757,0.096283514447736,0.1061298737697529,0.0915753833215796,0.1091988337310877,0.095443970410887,0.6562153599478981,0.0124637370902424,0.6458434968283682,0.6572580409772468,0.6394794529134576,0.6741609464992177,0.6643348625212004,39.29754839810458,0.22832385425908,39.415096398555875,39.11163214481238,39.69236905647047,39.0949040037213,39.17374038696289,0.0862541134102326,0.0066288967118707,0.0791645977984775,0.0824956114149906,0.0830236659244154,0.0885086616106105,0.098078030302669,0.6367892467614377,0.0137616328705005,0.632443368434906,0.6184933835809882,0.627616881421118,0.6539385652903354,0.6514540350798405,9.2,3.370459909270543,6,5,13,9,13
-50,37.061273098975114,0.6037316327792549,37.39584649469435,37.30112693236046,36.56427528931923,37.86011009609577,36.18500668240576,0.4857631412363544,0.0695487288184775,0.4476347018762962,0.4611736901642121,0.5397517678049422,0.3922149609659136,0.5880405853704079,0.9844045158514042,0.0144062063376261,0.9807309428441155,0.985144750973613,0.9975057877216142,0.9593166235795956,0.9993244741380828,39.19652804750385,0.0788990815430003,39.263474782307945,39.204627297141336,39.23614224520597,39.23520602601947,39.04318988684451,0.0972664789381352,0.0032747422971918,0.0924619995904239,0.102072602730583,0.0955523654366984,0.0993542526707504,0.0968911742622202,0.6549853178587828,0.0175433499673138,0.6573191411567457,0.6709331048257423,0.6543560407378457,0.6224645466515513,0.6698537559220286,39.28267208446156,0.204213271753988,39.39716385350083,39.10764526598381,39.633048086455375,39.13938221786962,39.13612099849816,0.0877979151453032,0.0081455499551379,0.0808820839632641,0.0810549254105849,0.0934894657834912,0.0824455757145628,0.101117524854613,0.6394041057788965,0.0181012098945329,0.6497942985910358,0.6212222865133574,0.6511994780916156,0.6144611284588323,0.6603433372396411,15.6,10.170545708072895,9,10,19,6,34
-25,36.963322952113195,0.4594960041300276,36.60955806614197,36.72442269079464,36.89233032698484,36.72585438207253,37.864449294572026,0.4992314707372607,0.0587858404470926,0.5408074831225208,0.5323648898257423,0.4990950343535118,0.5383383711588752,0.3855515752256531,0.988376989561258,0.0163408167748476,0.998139729204866,0.9965600758483728,0.9938298359359664,0.997526574380619,0.9558287324364652,39.176461052172115,0.0479235039933011,39.216860337690875,39.19048390243993,39.22947172685103,39.14591286399148,39.09957642988725,0.1005333419494105,0.0070112437069136,0.0965840666921752,0.103944242226355,0.0996541226226272,0.1116531636057929,0.0908311146001021,0.6585064151070334,0.012680767472128,0.6497739255428314,0.6696908428813472,0.6485825795115847,0.6776738961537679,0.6468108314456362,39.28368829669374,0.2400136319181526,39.40768178304037,39.0547511360862,39.69272197376598,39.07375462849935,39.18953196207682,0.0890880917340065,0.0068531622880377,0.0791322506794875,0.0924524014081918,0.0829957585330262,0.0935813648005326,0.0972786832487944,0.6520486941843322,0.0113679112682137,0.6531952393777443,0.6497433844840887,0.6370254809206183,0.672032808715647,0.6482465574235627,15.6,5.238320341483518,20,19,14,19,6
0,37.27873855276206,1.161265899875529,36.36389816913408,37.1629362597908,36.94132566943611,39.51883732903864,36.40669533641068,0.4416818680798576,0.1752450433385285,0.5662150462878119,0.4787022523658791,0.4948946151536764,0.098946610657671,0.56965081593425,0.924642473643588,0.1403754730303392,0.9983267980752532,0.9896164542620944,0.9924862458533849,0.6439780224229872,0.9988048476042208,39.190054275050315,0.0778313158536691,39.23026356552587,39.19983730894147,39.24683796275746,39.23579025268555,39.0375422853412,0.0994017723383325,0.0044338392713255,0.0950387719679962,0.1024536291758219,0.0947491810798193,0.1062897490055272,0.098477530462498,0.6550199382232897,0.0090069844860735,0.6545698724009774,0.663306432239937,0.6509754594528314,0.6406097105055144,0.6656382165171884,39.29290580749512,0.2092976853314117,39.382250583533086,39.06882586623683,39.65896906997218,39.18335076534387,39.17113275238962,0.0863437124725544,0.0074175769834523,0.0824952601370486,0.0886866210988073,0.0914040297044046,0.0740098722956397,0.0951227791268717,0.6353331542376316,0.0185656191057152,0.6602109697732058,0.6333088793537833,0.6329015845602209,0.6040749992385055,0.6461693382624424,15.8,9.703607576566563,26,12,13,1,27
25,37.0145523779171,0.373646472402638,37.51499608619926,36.73228442791811,36.48958505060255,37.01746875723613,37.31842756762947,0.4958392908892681,0.0420008226146371,0.4304681358878146,0.5285929152646016,0.5479060989065269,0.5030567298844918,0.4691725745029056,0.9902401682027836,0.0084907882829621,0.9749557289880576,0.9967263568307936,0.9983371828020232,0.9936709803404268,0.987510592052617,39.167167617335465,0.0646486950929037,39.241557612563625,39.12852373990145,39.22874381325462,39.170191100149445,39.06682182080818,0.1017357883071809,0.0078514043966257,0.0970535408705473,0.1143478359180417,0.0951885680357615,0.107502582906322,0.0945864138052319,0.6690615637735886,0.0184043082470328,0.6614532199772921,0.7042297784126166,0.6635304472663186,0.6659742395083109,0.6501201337034052,39.25422127463601,0.2486805266608593,39.42136325258197,39.01834083325935,39.66294121019768,39.06437717784535,39.10408389929569,0.0934968331264275,0.0107647029889084,0.0771003289599761,0.0986483819556958,0.0879598012843141,0.0943866908183377,0.1093889626138138,0.6494216171177951,0.0105666805386011,0.6364756262663639,0.6564841812307184,0.6365672675046053,0.6588566935423649,0.6587243170449228,14.2,4.833218389437829,8,18,21,14,10
50,36.9918824736605,0.7184848848023873,38.19064358583431,36.90459328091022,36.367607824581185,37.30866567867319,36.1879019983036,0.4866389222980775,0.0939235070868341,0.3178221945910109,0.5074435831959715,0.5565335526294315,0.4655321265004344,0.5858631545735389,0.97817589523866,0.0334749341880783,0.9118722689520452,0.9944711972757712,0.9987632779730964,0.986385899106252,0.9993868328861356,39.16113766756924,0.0853813111815453,39.26577724109996,39.17871822010387,39.185104832504734,39.17150520555901,39.004582838578656,0.1028844508920993,0.0043765210197956,0.0958315140821717,0.1064069926188412,0.1027458070805578,0.1083841659693103,0.1010537747096157,0.6596773998303848,0.0155802972489256,0.6333088739351793,0.6608931864752914,0.6747718932050647,0.6537858283880985,0.6756272171482895,39.26297950744629,0.2179690490466712,39.38930338079279,39.03116197297067,39.62868476636482,39.1214704802542,39.14427693684896,0.0922550777707136,0.0050278896809536,0.0867354850651639,0.0975503720568888,0.0928893396348664,0.086244667344021,0.0978555247526277,0.6493564497340809,0.0115604981550319,0.633380157477928,0.6518918853817564,0.6411595615473661,0.6529203147599192,0.6674303295034351,17.4,10.57544325312183,4,15,24,10,34
75,36.78407472433503,0.4704585604581358,36.89998548055433,36.48992664297831,36.88332441664234,37.52845429882561,36.118682782674576,0.5185499934191556,0.0522696439493217,0.5099064658597573,0.5517475703327926,0.4992807516732166,0.4381305993217783,0.5936845799082333,0.9929289714577272,0.0073678905181945,0.9945884844691484,0.998306008343844,0.9932152008272938,0.9789508704057672,0.9995842932425824,39.13399625835997,0.0752750038640524,39.173709869384766,39.12912819602273,39.22709806037672,39.14029901677912,38.99974614923651,0.1075605951955146,0.0066597912058872,0.1074986688679817,0.1115834819660945,0.0978628473751472,0.1173237319612367,0.103534245807113,0.67732158556129,0.01118208358636,0.6723891948208665,0.6934363598173315,0.6594676465699167,0.6809424730864438,0.6803722535118912,39.25317963108871,0.2338951309881483,39.36121229691939,38.9949424050071,39.65656361435399,39.140883127848305,39.112296711314805,0.092312475968378,0.0087733452534746,0.0855913068252531,0.1002828394570811,0.090446929673128,0.0809483146012732,0.1042929892851547,0.654765375997081,0.0128972283990808,0.6437764538056923,0.6586632240902294,0.6400496742942117,0.6546818794626178,0.6766556483326536,19.6,10.55651457631732,15,24,13,8,38
100,36.99703874096428,0.6771697142504929,36.90530576410982,38.02374141732442,35.93895245581558,37.285682206301345,36.83151186127024,0.4897322074654176,0.0799549283652015,0.5076475945330158,0.3516061997290739,0.5952055392806063,0.4713037573185163,0.5228979464658757,0.9828613905562568,0.0242011609305378,0.99454394505196,0.934953832134758,0.9995115442374318,0.9889038377201436,0.9963937936369904,39.15529577081854,0.059020603209755,39.16401822639234,39.237079389167555,39.16315818555427,39.159742297548235,39.05248075543028,0.1035364924732482,0.0048334148253875,0.1071886589016878,0.0996428927914662,0.1053813279916842,0.1092009412294084,0.0962686414519945,0.6688192215832796,0.012545484558825,0.6794761934063651,0.6527268462108843,0.6856162241010955,0.6573191411567457,0.6689577030413079,39.274535520149,0.1998075287039433,39.351342750318125,39.111811724576086,39.63459222966974,39.134333755030774,39.14059714115027,0.0895722959783267,0.0070912904176065,0.0876371112623901,0.0842200585104751,0.0919259857866122,0.0820059697567062,0.1020723545754497,0.6488045605746182,0.0135745418333398,0.6529712288668661,0.6266393553126942,0.6556594001524376,0.6420556207497915,0.6666971977913019,17.2,12.480384609458156,14,5,41,10,16
125,36.937680187421975,0.3387017829404429,37.37242944461783,37.20488805869191,36.950242740591776,36.41047841494845,36.75036227825991,0.5009877104734637,0.0414823790579299,0.4477160806508408,0.4715040455159452,0.490612972950198,0.5625951529778156,0.5325103002725188,0.9916002219485254,0.0065209001755931,0.9810709209786248,0.9881585467721998,0.9922635499964056,0.998929558955517,0.9975785330398796,39.13867464932528,0.0606408552140191,39.18316118644945,39.17335579612038,39.18499732739998,39.12684619787967,39.02501273877693,0.1061240485841126,0.0039190949966967,0.106386401323658,0.1086734571127277,0.1043939559127796,0.1113559948562672,0.0998104337151303,0.6704626726381707,0.0075792978512872,0.6647116108374163,0.6690289856809558,0.6632555208422921,0.6846081614494324,0.6707090843807567,39.23857369856401,0.2561872531525429,39.37975947062174,39.031926761973985,39.67917713974462,39.02835406679095,39.07365105368874,0.0954308078229201,0.0098106349128067,0.0848925937616238,0.0972657247700474,0.0848621829328211,0.0991751395843245,0.1109583980657837,0.6600215677059058,0.0196759637770488,0.6484502120451494,0.6566470942713998,0.6313945741364451,0.6850969159241879,0.678519042152347,15.2,6.1773780845922,9,11,12,26,18
150,37.01351582635309,0.6506625895060805,36.54872343712246,36.918900440648656,37.003415766450544,38.22820344905264,36.36833603849116,0.4853929260342392,0.0863293150926468,0.5424775057232257,0.5042360935014548,0.4888115933875447,0.3222482139916764,0.5691912235672941,0.9802276525300804,0.0316643430302481,0.997765600066824,0.9945676990391052,0.9926005608027744,0.9170669937871166,0.999137408954581,39.12907860495827,0.0509898753974017,39.14737759214459,39.15999799786192,39.14528852520567,39.164576559355766,39.02815235022342,0.10874196960111,0.0055821864043568,0.1092215480678009,0.1078756856449851,0.1122787987079584,0.1154540297998623,0.0988797857849435,0.6781585832436879,0.0057999161277739,0.677948823480895,0.6877239942550659,0.6764825465101184,0.6696093859094562,0.6790281660629042,39.237016885930835,0.2321345783351424,39.29209379716353,39.029382590091586,39.666285428133875,39.11777715971976,39.07954545454545,0.0957116857058171,0.0081478652214371,0.0976850682248671,0.0969634174623272,0.0875830330293287,0.0870193953089641,0.1093075145035982,0.6555066619858597,0.0194213978871283,0.667725631684968,0.6562397994778373,0.6269244687123732,0.6433589747457793,0.6832844353083408,15.4,7.418894796396563,20,15,12,4,26
175,36.91421740030505,0.5507716267096483,36.870407222472515,36.61262976262987,36.741291282103234,37.96699110994634,36.37976762437329,0.4992279053963336,0.0694180788948279,0.5110405139701882,0.5381799469289091,0.5138418201318721,0.3663218473036265,0.5667553986470724,0.9867840792714936,0.0199234003154179,0.9942009946734636,0.9978071696979484,0.995770246097722,0.9470773247099414,0.9990646611783922,39.13872396295721,0.1142126088880485,39.19083023071289,39.191055529045336,39.19253100770892,39.20851932872426,38.91068371859464,0.1084430077875202,0.004345518661679,0.1117727957440145,0.1060459207969181,0.1096956856323011,0.1134177315980196,0.1012829051663478,0.6791340632872148,0.0085516799658431,0.6913184044939099,0.6839157541592916,0.6801380497036558,0.6661575228878946,0.6741405851913221,39.23385695255164,0.2378426395059986,39.321386741869375,39.020197839447945,39.64562768647165,38.993099328243375,39.18897316672585,0.0963712128189702,0.0104374793271664,0.0931165658614852,0.0956263570961627,0.0916052685457874,0.0853847043419426,0.1161231682494734,0.6656239610729796,0.0164882536141433,0.6584392117731499,0.6612903024211074,0.6479003528753916,0.6637035472826525,0.6967863910125963,16.2,7.0823724838503095,14,21,15,5,26
200,36.60625201353093,0.3276332430629242,36.81435319566235,36.66156973298063,36.82356447042878,36.770593348237654,35.96117932034522,0.5361381387587675,0.0334847542713536,0.514889957671313,0.5332233770606444,0.5056036295964546,0.5266229193849662,0.6003508100804594,0.996824046508553,0.0016085411379671,0.9955416168134236,0.9970381266063022,0.9949700297768584,0.996954989801977,0.9996154695442042,39.118544954242125,0.1198666624622838,39.18094542532256,39.20661244247899,39.19968911373254,39.11846253366181,38.887015256014735,0.1121767435843746,0.0067384644650445,0.1125126654338656,0.109001859966101,0.11104907225253,0.1243508171120827,0.1039693031572934,0.6894000315304958,0.0045637702804577,0.6827142202492916,0.6919191750613126,0.6866039299603665,0.6961245301998022,0.6896383021817063,39.212653651381984,0.2601056674923022,39.28739455251983,39.0333546147202,39.65668568466649,38.891664042617336,39.19416936238607,0.1002649930334,0.0075243951251699,0.098533883690834,0.0966487309302796,0.0912198051810264,0.1010729938068173,0.113849551558043,0.6724645480965123,0.02048178317781,0.6744766054731427,0.6560666958491007,0.6430942371036067,0.6928152324575366,0.6958699695991747,22.2,12.023310692151307,15,19,14,17,46
225,36.68495488117651,0.5588825505546745,36.143889319036425,36.2801807836159,36.28255871644954,37.490148957242674,37.227996629538,0.5253824932059061,0.0583625613292548,0.5816590675373667,0.5719175019215063,0.5621849273897938,0.4382849249643148,0.4728660442165492,0.9931862109715176,0.0076071962864339,0.9991997658591908,0.9992205506747532,0.9983970707224816,0.9800465279018756,0.9890671396992872,39.136574300130206,0.0844900290629899,39.14898831916578,39.17777887980143,39.18343330152107,39.20165518558387,38.97101581457889,0.1081741136498749,0.0066694078959758,0.1142093324751565,0.1094991132955659,0.1104584884914484,0.1114911676920724,0.0952124662951312,0.6910903206377318,0.0095393475719394,0.6935076406507781,0.7025802180622563,0.6927134069529447,0.6931716149503534,0.6734787225723267,39.205227360580906,0.2398763108712568,39.26156176942767,38.972091270215586,39.60089631514115,38.938199534560695,39.25338791355942,0.1010641879486766,0.0063446586067311,0.1010143168722138,0.1043603486296805,0.0971272903296983,0.0920642078713034,0.1107547760404872,0.6701633090322667,0.0159151757888908,0.6841295831131212,0.6626343925793966,0.6514133142702507,0.6591825349764391,0.6934567202221263,21.8,10.777754868245983,34,31,26,8,10
250,37.131955176284634,0.4185541663343221,36.724730068875346,37.63905845720743,37.38941255549795,37.35504807147783,36.55152672836461,0.4737906996736821,0.0529851609179364,0.5235879292193147,0.4107484620871003,0.430847665083777,0.4562755316188654,0.5474939103593531,0.9859519953580248,0.0110989290336158,0.9973291164820955,0.9692903793964188,0.9786267274433804,0.9861038210465736,0.9984099324216548,39.13367228652491,0.1086946252993037,39.17239611076586,39.21878988092596,39.196780349269055,39.16034409494111,38.920050996722594,0.1120036609188625,0.0074046258497784,0.1143988607959313,0.1107099110429937,0.1134043960182955,0.122190206339865,0.0993149303972269,0.6849665818792402,0.0085406519311989,0.6883960384311099,0.6765130993091699,0.6953710281487667,0.6911860343181726,0.6733667091889814,39.24209558891528,0.2481650529336366,39.30987837820342,39.04225222269694,39.65694866758405,38.94052956321023,39.26086911288175,0.0969030435112389,0.0048286561963152,0.0944060664341756,0.0980990928682414,0.0913249013776129,0.0951398049452991,0.1055453519308657,0.6680983023210004,0.0239135843472449,0.6710247469670845,0.6313232960123004,0.6536127184376572,0.6845063332355383,0.7000244169524221,12.2,5.418486873657627,16,7,8,9,21
275,36.96592947576464,0.396217367702739,36.41696406885521,36.77389479175056,36.79942062220623,37.47963907300811,37.35972882300308,0.4966482106557826,0.0418501392926154,0.5570811887377316,0.5192534195393631,0.5073063720747367,0.4430572169343221,0.4565428559927596,0.9911705697934652,0.0070668299694075,0.9984515045107024,0.996497718943763,0.9952090579209868,0.980254376671978,0.9854401909198958,39.115869302460645,0.1033659253102248,39.13659691088127,39.18381534923207,39.193749976880625,39.15184125033292,38.91334302497633,0.1134418438216953,0.0059497791364032,0.1176136699081821,0.1114910875136653,0.1101796703243797,0.1224655142674843,0.1054592770947651,0.6874836923498097,0.0101150559038819,0.7008390173767552,0.6901881550297593,0.684312869202007,0.6918275401447759,0.6702508799957506,39.21826933658484,0.2325656544873516,39.25698679143732,38.974076531150125,39.62196326978279,39.00363806522254,39.23468202533144,0.1000623554555755,0.0111145660840615,0.1028546511167378,0.1048208926663254,0.0949750825988523,0.0821226073541876,0.1155385435417746,0.6714035348458725,0.017238303219701,0.6828771396116777,0.6678274526740565,0.6522380926392295,0.6557001290899335,0.6983748602144646,14.2,5.491812087098393,23,17,14,8,9
300,36.816397149784045,0.2482711344772071,36.34552721633125,36.87547172467733,36.83941485218166,36.952131762947005,37.069440192783,0.5115136659022459,0.0260061933644385,0.5613466421353448,0.5047615917073083,0.5010633327297329,0.5054723282450253,0.4849244346938182,0.9952505315701986,0.0020382794305804,0.9987568492741928,0.9948972832296312,0.995063563597571,0.99516748644642,0.992367475303178,39.09090920650598,0.106386789913399,39.14353330207594,39.14373767737186,39.15174565170751,39.13719327522047,38.87833612615412,0.1167376318128045,0.0039956587481041,0.1165330969926082,0.1194180037374749,0.1189038815033255,0.1197613565759225,0.1090718202546916,0.6932062365792013,0.0133451585741779,0.6997291247049967,0.7061848098581488,0.6900252356673732,0.7014194203145576,0.6686725923509309,39.18279344963305,0.2375872786636362,39.21753472992868,38.97949051134514,39.600884639855586,38.92809255195387,39.18796481508197,0.1054929060692136,0.0096071539434372,0.1082159951329231,0.1050971600255279,0.0996292893295035,0.0928860544368173,0.1216360314212965,0.6758573447213029,0.0209935100766681,0.689200450073589,0.6572274963061014,0.6485418541864916,0.6779997402971442,0.7063171827431881,16.2,4.995998398718719,26,15,14,14,12
325,36.84852346833219,0.4309581950891115,36.88249709925701,37.647377053486935,36.69186008099428,36.64490603417465,36.37597707374809,0.5063216544918179,0.0536192866804816,0.5060986188269153,0.4059986788587472,0.5187581703834927,0.538669954870165,0.562082849519769,0.9912960714900616,0.0118088836202718,0.9948349306263876,0.9678393989494166,0.9968614504509364,0.9979526634068832,0.9989919140166844,39.097409288810965,0.1044988327004006,39.13323720296224,39.1433254588734,39.2095885999275,39.099998474121094,38.90089670817057,0.115924421043107,0.0094963502423956,0.1224293570513978,0.1242740339966434,0.1065803060138767,0.124040684747425,0.102297723406192,0.6842395556695534,0.0078590984544357,0.6768796642621359,0.6941694996573708,0.6781117410370798,0.6935076424569795,0.6785292309342008,39.21208859067975,0.2510315143757544,39.31739090428208,39.00536138361151,39.61884099786932,38.90258187958688,39.216267788048945,0.10052887728212,0.0060053736617997,0.0959241410548036,0.1025367548519914,0.0958013327820508,0.0969139132648706,0.1114682444568836,0.6726783765084816,0.0204440553981633,0.6669924855232239,0.6484298453186498,0.6577264395627108,0.6842008567217625,0.7060422554160609,16.2,5.912698199637793,14,7,16,19,25
350,37.078115561573775,0.6167776512474531,36.90847530561624,36.535632969177875,36.37669372558594,37.99460354047952,37.5751722670093,0.4772912525024611,0.0726638243243145,0.5046744076247068,0.5410897129589749,0.5533325699801298,0.3635464203111904,0.4238131516373035,0.981977341224238,0.0215406106724101,0.9951467065467048,0.9980461953841534,0.998580174347789,0.9422938473445852,0.9758197824979564,39.12029277917111,0.0948512886962072,39.16537094116211,39.14687208695845,39.169972275242664,39.18693484682025,38.932313745672054,0.1126068384019714,0.0056179199916141,0.1147353903700908,0.116736971011216,0.1115157270352497,0.1178228583920634,0.1022232452012372,0.6945747590426242,0.0156120748391349,0.6891393589250969,0.711713893847032,0.7080481991623387,0.6960736169959559,0.6678987262826978,39.22669083566377,0.2342203965375251,39.266314535429984,38.95658152031176,39.603905417702414,39.000500707915336,39.306151996959336,0.0983462428843433,0.0083220515016907,0.1025954422286965,0.1082792495462027,0.0966659265598564,0.0834758344924811,0.1007147615944797,0.6762198401219918,0.0136386865440255,0.6727354002721382,0.68153305125959,0.6685096729885448,0.6589992479844526,0.6993218281052329,14.2,7.467261881037788,14,21,24,5,7
375,36.62799892622171,0.3455360640133212,37.25458337842804,36.4661075945982,36.20734425180966,36.59504967129108,36.616909734981576,0.5327434011955852,0.0371404246217154,0.4606555279382725,0.5513750259409246,0.5669035303223994,0.5426849403332189,0.5420979814431102,0.996213567625616,0.0043368578494387,0.9875706317498512,0.9985242522868912,0.9989711279721604,0.9979348471484232,0.9980669789707538,39.092139827843866,0.0937654495788667,39.18120863943389,39.12306167140152,39.15035085967093,39.09193200776071,38.9141459609523,0.1150150585976062,0.0088981235353955,0.1129558538792259,0.1205338537693023,0.1148722897650617,0.1266920246522535,0.1000212709221876,0.7012198397607514,0.0140844319034327,0.6847812605626655,0.7100643316904703,0.7095450289321669,0.7177928270715656,0.6839157505468889,39.1691731077252,0.2556281631672709,39.29273420391661,38.90397713401101,39.57444300796046,38.89220544063683,39.182505752101086,0.1075465945809176,0.0089483494686615,0.0992606307916117,0.1182549747102188,0.1025496830204219,0.099119032563811,0.1185486518185247,0.6927704280072993,0.014639992405172,0.6810137503074877,0.6883960384311099,0.6851681958545338,0.6876832662206708,0.7215908892226942,20.4,5.748043145279966,10,24,27,21,20
400,36.93879283629742,0.473713996200659,37.07332996486389,36.750089979663336,36.34267181711098,37.76469515770981,36.763177262139074,0.494583952181118,0.0557961126386001,0.4778854708696149,0.5214262405007156,0.554590720491311,0.3942962448621533,0.5247210841817954,0.9887955563584556,0.0137163851339041,0.9905715683071884,0.9962586907996344,0.9985346462308746,0.9618865226961902,0.9967263537583892,39.09023608583392,0.1079206849913277,39.14438779426344,39.1452417084665,39.14785049900864,39.13923321348248,38.87446721394857,0.1182034111497077,0.0065866465373107,0.1225052024943359,0.1177982694158951,0.1163992685350504,0.1269756552735061,0.1073386600297508,0.6969981876286593,0.0107409316840304,0.6993218262990316,0.7136383761059154,0.6981813907623291,0.6936400099234148,0.6802093350526058,39.20578993595008,0.2251546485458764,39.26131288933031,38.98116389187899,39.57514572143555,38.95825403386896,39.25307314323656,0.1016010037030686,0.0058602795153071,0.1064073024035403,0.1036361939640659,0.1032801182432608,0.0900828749449415,0.1045985289595343,0.6749735064578779,0.0169511218407741,0.6880192855993906,0.6599767659649705,0.6723993763779149,0.6546004197814248,0.6998716845656886,14.8,5.81033561853358,11,17,23,6,17
425,36.68964256994503,0.1397927256438523,36.65733298075568,36.51291857060698,36.61092813236197,36.9279605432884,36.73907262271212,0.527403892930021,0.0125956034153285,0.5302535716405848,0.5464040391223947,0.5256867036991513,0.5068850716979233,0.5277900784900508,0.9969258894625398,0.001064571207499,0.9973291158676147,0.9981397285903852,0.9969342037574532,0.9949492486481814,0.9972771504490646,39.087087041681464,0.1131021020429459,39.16995944398822,39.14276042129054,39.142257459235914,39.11708773988666,38.86337014400598,0.116470485220127,0.0060032871534645,0.1123470396198558,0.1165831373496489,0.1179877386964631,0.1265990022344119,0.1088355082002553,0.6979797793157173,0.0120814322181017,0.6856773170557889,0.7088628013928732,0.7090562708450087,0.7052072954900337,0.6810952117948821,39.16217073382753,0.2428130444868975,39.256728547992125,38.92470567876642,39.557158614649914,38.89178310741078,39.18047772031842,0.1089971743721627,0.0060177740193523,0.1046240722026788,0.1124635961358294,0.1079143293371254,0.1014252498915249,0.1185586242936551,0.6815493428345882,0.0220370105067341,0.694739712007118,0.6708007292314009,0.6833048011317397,0.6468413761167815,0.7120600956859011,17.6,2.5768197453450252,18,22,17,14,17
450,36.87981265353173,0.403670566184591,37.21929911977237,36.56427678373671,36.77552748218025,36.3787621173662,37.461197764603135,0.5030608549560468,0.0455451828830893,0.4648135304450989,0.5384206661244029,0.5103879518730124,0.5624653402063036,0.4392167861314164,0.991762543216194,0.0073515522342826,0.98719007698531,0.9977552042793982,0.995354554702326,0.9989503431565984,0.9795625369573376,39.094334203546694,0.0799327366221402,39.15733915386778,39.13515033143939,39.15938764629942,39.072424455122515,38.94736943100438,0.1161270044144299,0.0100255309290667,0.1191109006829334,0.1185431312028826,0.1180940746245059,0.1275565092536536,0.0973304063081741,0.6908540859366908,0.0228527316628227,0.6788856134270177,0.7151962952180342,0.6911249431696805,0.714493706370845,0.6545698714978767,39.174210068673794,0.2731129930330027,39.236474470658735,38.97618027889367,39.6446489276308,38.8447854013154,39.16896126487038,0.1076061290886366,0.0108034452957866,0.1102237233496976,0.1043746265949625,0.0916278676666093,0.1065930018596577,0.1252114259722558,0.6767167456222303,0.0208672495404771,0.6761974403352449,0.6733463478810859,0.6431247772592487,0.6825207526033575,0.7083944100322146,16.2,6.881860213634101,10,22,15,26,8
475,37.30430479541267,0.3503484457126035,37.08768600778481,37.388600890169435,36.740833754392014,37.64424672077612,37.66015660394098,0.4529088260586729,0.0396725575721065,0.480486985334416,0.4399696616167874,0.5157040293069229,0.4137934753575276,0.4145899786777103,0.982445473400588,0.0092719106718717,0.991218372718575,0.978838929195994,0.9955351807407498,0.974289133376682,0.9723457509709388,39.1002470074278,0.0404054703129345,39.0922377615264,39.13896352594549,39.1248647516424,39.11982553655451,39.02534346147017,0.1135287175801667,0.0090728809650791,0.1201632583908962,0.1141478478005438,0.1135731846884344,0.1229286332134947,0.0968306638074643,0.6878156391057101,0.021284066799417,0.6954015782385161,0.7060015309940685,0.6994643861597235,0.6919191750613126,0.6462915250749299,39.21028627337832,0.2334171537363743,39.28795253869259,38.98916770472671,39.60705647324071,38.96534630746552,39.20190834276604,0.0990677743077729,0.0092714170618999,0.0993565977127714,0.1051036470259229,0.1019282936485427,0.0813810069847739,0.1075693261668537,0.6665750055602102,0.012825837163834,0.6786412307710359,0.6578384439150492,0.676869480898886,0.6455889389370427,0.6739369332790375,10.0,3.0983866769659336,12,9,15,7,7
500,36.70308475297752,0.5298163511480947,36.39770865686161,37.14173928486933,36.42009015427422,37.494378827281835,36.061506841600554,0.5220637119922441,0.0556808156450697,0.5526769056762617,0.4788161055328919,0.5482089015626416,0.438109225219058,0.5925074219703674,0.9936543647775944,0.0071187259617726,0.9986281751357404,0.9901167731924156,0.9987632785875772,0.9812000891597,0.9995635078125392,39.0763076319839,0.0595541761299632,39.077180342240766,39.11436485521721,39.095815253980234,39.13133956446792,38.962838144013375,0.1158009612735248,0.0073628902272256,0.1198288213856744,0.1173643362708389,0.1163492483848875,0.1235304010298216,0.1019319992964014,0.695574679519191,0.007902817024297,0.6965318340243716,0.7029569672815728,0.6996069406018113,0.6984461347262064,0.6803315209619927,39.22642260464755,0.2329134539544997,39.28968568281694,39.01905926791105,39.646584481904,39.01910758740974,39.15767600319602,0.0934688229142039,0.0126950998392229,0.0981854559910116,0.0977984804547194,0.0920822859149087,0.070487225033117,0.1087906671772626,0.668049428137866,0.025784001819204,0.6916238846200885,0.6577264395627108,0.6653836532072588,0.6267106397585436,0.698802523540728,21.0,11.135528725660045,24,12,21,8,40
525,36.76828481929818,0.5042346853803783,36.53845163718941,36.63568673674593,36.41559062053248,36.48523763283012,37.76645746919298,0.5150188328064594,0.0585774629518223,0.543143225084875,0.5322967773860263,0.5465137758820328,0.554411569206985,0.3987288164723779,0.9910001371324676,0.0140310345419871,0.9981085522887632,0.9972147996892634,0.998274832042222,0.9984515008238172,0.9629510008182722,39.06314764311819,0.0281213238364064,39.04365678267045,39.083077401825875,39.10761191628196,39.05048728711677,39.030904827695906,0.1169406187523043,0.0109910375861776,0.126151327241325,0.1197683233767747,0.1155492518887375,0.1266597977303194,0.0965743935243649,0.6963526182102434,0.023034147079781,0.6990367210272587,0.7154712261575641,0.704239957260363,0.7113167733857126,0.6516984132203189,39.18153605605617,0.2612816165710383,39.28009946418531,38.95747126954974,39.605661103219695,38.86347805369984,39.20097038962624,0.1024486823289683,0.0051843694207101,0.1005305511820496,0.1066103989653515,0.0984422732144594,0.0964096811684695,0.1102505071145115,0.6724441813700126,0.0091818308788961,0.672429930080067,0.662756579391884,0.6750060906915953,0.6638562859910907,0.6881720206954263,18.4,6.2801273872430325,21,20,22,23,6
550,36.79294855963324,0.3184825011695048,37.103730231216275,36.254928706847515,36.64093375451786,37.09676785813164,36.868382247452885,0.517658171641458,0.0313022001614366,0.4823956845961895,0.5718317947436854,0.5232524724350762,0.4914526788844275,0.519358227547911,0.9949503405806944,0.0028667729285877,0.9912807265507806,0.9990334848767704,0.9968198838922168,0.992251178038489,0.9953664295452156,39.08639856974284,0.0383943246261419,39.10675175984701,39.0779265201453,39.130660085967094,39.099251024650805,39.01740345810399,0.1128839366250868,0.0096688482488076,0.11701103728829,0.1177911101417108,0.1120441925683708,0.1227873766964132,0.0947859664306496,0.6869990038149285,0.0172084524503919,0.6795372908765619,0.7024071144335198,0.6951979290355336,0.7011750394647772,0.6566776452642499,39.19800261295203,0.2600513614690338,39.31599322232333,38.94784222227155,39.6360837763006,38.9379825592041,39.15211128466057,0.0995483410460027,0.0101508519199119,0.0940209373718861,0.1075923539359461,0.0959993649669217,0.0858024678785692,0.1143265810766906,0.6714870302966147,0.0143989137183593,0.6798936796910835,0.6640701203635244,0.6677969061967098,0.6516984168327216,0.6939760283990339,18.0,7.771743691090179,12,33,17,12,16
575,36.92834857272119,0.2911427461917861,36.852842035981794,37.12881737148639,36.43767649857039,37.29868761042959,36.92371934713776,0.501964621875704,0.0279237048689569,0.5084838369457992,0.4773069362050479,0.548446964971798,0.4692741939701985,0.5063111772856761,0.993228563819964,0.0037147181187513,0.9948037537102846,0.9896283327918692,0.99834757920393,0.9883228485117254,0.9950403048820102,39.09600259029504,0.038783819670125,39.088841409394234,39.1194699605306,39.118420803185664,39.12986894087358,39.023411837491125,0.112580152829601,0.0091895484667657,0.1190442412414334,0.1163157760024522,0.1130412819823532,0.1196887895577784,0.0948106753639876,0.6901107656233239,0.0167042794530853,0.6986396077907446,0.7008491989338037,0.7018470818346197,0.691766434546673,0.6574515050107782,39.200993196892014,0.2486748063435251,39.25028795184511,38.97778990774444,39.65663933031487,38.99068133036295,39.12956746419271,0.0993778024659012,0.014805878766566,0.1058355474449468,0.1059372003444216,0.0913770319047299,0.0752507850076213,0.1184884476277864,0.6662695301301552,0.0198862366882851,0.6814210432948489,0.6506292567108617,0.6604044274850325,0.6425341936674985,0.6963587294925343,14.4,3.7202150475476543,15,12,21,10,14
600,36.87957009384312,0.5016975023619614,37.602034657271865,36.67172127163288,36.18770257222284,37.283597297275186,36.65279467081286,0.5027341139070767,0.0585820664676467,0.4085144194745526,0.5340234345382022,0.5702438643298198,0.4634655910668914,0.5374232601259172,0.9899624798715728,0.0116887616993568,0.96845898431601,0.997744815251262,0.999158194384624,0.9865081365575497,0.9979422688484192,39.09050695245916,0.0555472678440312,39.151368805856414,39.08068339029948,39.109684106075406,39.12170895663175,38.989089503432766,0.1131678303308559,0.0072355054126825,0.1115186910398981,0.1199668378879626,0.1146180620699217,0.1195871603646964,0.1001484002918005,0.6902390666080244,0.0151903274991495,0.6684893134868506,0.7064088321093357,0.7031911647681034,0.6971427780209165,0.6759632446549155,39.20389352278277,0.2641251533346636,39.32756493308327,39.019651008374765,39.651466254032016,38.900020425969906,39.12076499245384,0.0988563161879552,0.0108298377494328,0.0933373482954321,0.0953962986893726,0.0914862049376648,0.0936886161904443,0.1203731128268621,0.6583048036604217,0.024175270373519,0.6431858693108414,0.6333088838692867,0.665139275969881,0.647849437865344,0.7020405512867551,17.4,8.187795796183488,7,20,30,10,20
625,37.25596399208935,0.2644173026886032,37.52438669106395,37.12427796039385,36.99367220377184,37.62165372396253,37.015829381254534,0.4594768468252163,0.033868800253231,0.422144436344658,0.480315359904594,0.4833442240031724,0.4151041765802914,0.4964760372933653,0.9841876562108698,0.0095001104995843,0.9747983585927904,0.9903142323199008,0.992434282892758,0.970624566692667,0.9927668405562332,39.09710603193803,0.0507029041123677,39.13385391235352,39.10072476936109,39.1639316443241,39.06880488540187,39.018214948249586,0.1140750347382643,0.0117110956346807,0.1160396103831854,0.1199176440184766,0.1077244010838595,0.1307588503837133,0.0959346678220864,0.6767085992928706,0.0207593922250706,0.6653021971384684,0.6969391270117327,0.6869195808063854,0.6929781527230234,0.6414039387847438,39.24689169219046,0.2639407355935542,39.38523610432943,38.98351998762651,39.68083537708629,38.98335110057484,39.20151589133523,0.0916908596331874,0.0115120470854449,0.0843145022676749,0.1047986949596441,0.0882484052668918,0.0760215442401893,0.105071151431537,0.6542521827148668,0.0125020418431195,0.6516576897014271,0.6542134853926572,0.6619623484033527,0.6329728590719628,0.6704545310049346,10.4,2.4166091947189146,8,12,12,7,13
650,36.953625354570214,0.3808848525710243,36.52004355991009,36.863229181348665,36.748258531708075,36.98584153480137,37.650753965082856,0.4979006064306829,0.0421466050660527,0.5445997853254535,0.512765548278376,0.5112392100476727,0.502262964383843,0.4186355241180695,0.9906088820437796,0.0104341937760827,0.9982332574952508,0.9951467047032622,0.9955208276964954,0.9942321691316428,0.9699114511922464,39.101034407182176,0.0347268616118823,39.097124041933,39.106071125377305,39.15273816657789,39.10560584790779,39.04363285411488,0.1123369481894328,0.0094398693269487,0.1186989870938387,0.1179186543731978,0.1100624489993082,0.120190985077484,0.0948136654033353,0.6898724946108732,0.0189552581145873,0.711449146270752,0.7056451367609429,0.6855143994996042,0.6894855625701674,0.6572682279528994,39.23926629731149,0.268894906088016,39.341365698612094,39.02412420330626,39.70378413344874,38.94676457029401,39.18029288089637,0.0936913763172924,0.0113137301959485,0.0904989492035273,0.0958805699042524,0.0848321274600245,0.0828445040987748,0.1144007309198831,0.6554720408988721,0.0160983489299713,0.6700166807030187,0.6344391342365381,0.6449474403352449,0.6500794020566073,0.6778775471629519,15.0,4.8166378315169185,22,16,16,14,7
675,37.03365163114882,0.5547413640109772,37.204729178517134,37.72711692888712,36.050609234682064,37.25893579070101,36.92686702295677,0.4868987792545987,0.0603191116634849,0.4681925644579622,0.3993579428835013,0.5839008940863855,0.4724619852513382,0.5105805095938063,0.9871672755664156,0.0126383190316059,0.9883916353442004,0.9632412994030825,0.999438795846762,0.98924381401121,0.9955208332268232,39.114282272801255,0.0452752350598232,39.108795859596945,39.17259632457387,39.15686150753137,39.081651629823625,39.05150604248047,0.1101850556943452,0.0124578098419537,0.1188766584646972,0.1124372106384147,0.1048666036151575,0.1254176377798571,0.0893271679735996,0.6817489222143636,0.0225144612538378,0.6886098691911409,0.6888644315979697,0.685840239127477,0.7063070038954417,0.6391230672597885,39.234059015909835,0.2436653497992178,39.303417783794984,39.07560701081247,39.669052586410984,38.966495398319125,39.155722300211586,0.0945368964563716,0.0119298995577362,0.0995908758857033,0.0902566240366661,0.08954477925418,0.078842585737055,0.1144496173682537,0.6522136516643293,0.0136963876874449,0.6526148418585459,0.6356712101083813,0.657105312202916,0.6408540886459928,0.6748228055058103,15.6,9.54148835350125,11,7,34,11,15
700,36.64999247285509,0.4415499873779468,37.50986960499557,36.42669323793392,36.55563087070111,36.25707020710424,36.50069844354059,0.5310827328986728,0.054154087661221,0.4265385915323631,0.5569809131401101,0.5357707410129076,0.5804364011459744,0.555687017662009,0.9937332073437798,0.0095814282412214,0.9746002112467264,0.9986073890912164,0.9976304947715444,0.9993140826520232,0.998513858957389,39.11503383752072,0.0383803572167934,39.14851772423947,39.10443519823479,39.17020936445756,39.0714936689897,39.080513231682055,0.1080352014720891,0.013222250029696,0.1138183098060615,0.1157604679183074,0.1047305330972779,0.1218811284863587,0.0839855680524399,0.6791401729439244,0.019372383818068,0.6893328193462256,0.699953146053083,0.6652105559002269,0.6929577887058258,0.6482465547142606,39.23850324226149,0.2667972197798688,39.40350353356564,39.005647312511094,39.67720066417347,38.971720319805726,39.13444438125148,0.0923942191074743,0.0141479390142055,0.0798712703540469,0.0977220092758987,0.0889882638373158,0.0783580369174932,0.1170315151526169,0.6533357558828412,0.0217458463671508,0.6328812106089159,0.6482465574235627,0.6549669892498942,0.63673018506079,0.6938538370710431,22.6,8.404760555780278,8,27,20,33,25
725,37.129322445269715,0.4549945485211507,37.68883726768887,36.66305498732734,36.59597424379329,37.10104511693581,37.597700610603255,0.477408074902505,0.0537935562402551,0.4025275052822742,0.5373898950434223,0.5279000840850712,0.4918676998811899,0.4273551902205674,0.984966020239997,0.0135716026323075,0.9635322868209524,0.9972667601919666,0.9968295871596976,0.9927044861095468,0.9744969809178224,39.16548043453332,0.0576420058144507,39.12510080048532,39.15193349664862,39.18239431670218,39.100836551550664,39.26713700727983,0.1060064615300771,0.0107387706735201,0.1091892148904276,0.1096503029041218,0.1028393538894526,0.1205546297132968,0.0877988062530868,0.665917219537677,0.020543955485238,0.6525537480007518,0.6886709603396329,0.6671655918612625,0.6866344755346124,0.6345613219521262,39.32696660359701,0.3122342294163965,39.37720801613548,39.00874571366744,39.895719354802914,39.26303909764145,39.09012083573775,0.0894874886524948,0.0150087928762294,0.0878940865425675,0.0955325365630966,0.072382822519902,0.0769113704533965,0.1147166271835114,0.6421167149688258,0.0252908257771204,0.6308243518525903,0.6396321979436007,0.6202040386922432,0.6287573151516191,0.6911656712040757,13.6,5.642694391866353,7,21,19,13,8
750,37.16355748127417,0.7028990735637369,36.78489044032146,36.62681516667002,36.91353634706478,36.940906406677875,38.55163904563667,0.468318723096061,0.0984846880699766,0.5223658379820204,0.5377584462313308,0.4961697155052854,0.512077518037914,0.2732220977237544,0.9699402447828313,0.0513817709685152,0.996705564641461,0.9975473604251428,0.9930058643989956,0.9952194506360084,0.8672229838125485,39.16663735129617,0.1005098494501504,39.0667258753921,39.1336538141424,39.209202737519234,39.08228498516661,39.34131934426048,0.1046756100869088,0.0179835182634776,0.1163510043512691,0.1112235342857964,0.0978390266272154,0.1247337159672469,0.0732307692030162,0.6641047376574892,0.0309232601835632,0.6779386419238467,0.6881211092977813,0.6578078992439039,0.690015050497922,0.6066409873239922,39.35120367570357,0.2733018758779385,39.330524213386305,39.03586433873032,39.85620163426255,39.31309902306759,39.22032916907108,0.0849751100057002,0.0097966712517124,0.0925338951249917,0.0919464377291274,0.08012382401097,0.0678116474300623,0.0924597457333496,0.638117036855582,0.0085380863490921,0.6394794493010549,0.6306817965074019,0.6447030594854644,0.6263746167674209,0.649346262216568,14.4,6.151422599691879,18,21,14,16,3
775,37.10483985192997,0.1129417924897259,37.24402272332575,37.09056272211763,37.08498406164425,36.9139466433181,37.19068310924412,0.4820482294584057,0.0155980017304084,0.4621292638409998,0.4852734260337868,0.4753856843279809,0.5094135308388582,0.4780392422504032,0.9905262369470498,0.0026801429851163,0.9866041405913756,0.991218372718575,0.989732256255199,0.9949180692741552,0.9901583458959442,39.19868762854374,0.0714935672400407,39.14797441887133,39.184761394153945,39.215995557380445,39.11898225726503,39.32572451504794,0.0992480383282809,0.0137481911061815,0.1035755407629591,0.1031045012288924,0.0993633074685931,0.1160389592475963,0.0741578829333637,0.6492322229977809,0.026211006434393,0.6683772964911028,0.6596509272401984,0.6498757582722288,0.6695075576955621,0.598749575289813,39.3692192771218,0.3073453131877594,39.404295834628016,39.06716618393407,39.93170420328776,39.320932099313445,39.12199806444573,0.0815672900809934,0.0149970961124874,0.0805559785980166,0.0868147020651535,0.0670941849098061,0.066263531645139,0.1071080531868519,0.6336876657876103,0.0187930340213084,0.6266800923780962,0.6337670900604941,0.6228616616942666,0.6157135701540745,0.6694159146511194,13.0,1.7888543819998317,11,14,12,16,12
800,37.2309853937208,0.6677104586967689,36.52167306487093,36.82402129025803,37.72691585108177,36.79213203351522,38.29018472887806,0.4590772622639371,0.0937390796544625,0.5496768201749349,0.5228160334002111,0.3789714070939526,0.5280081523755162,0.3159138982750706,0.9688694128056164,0.0371664484744785,0.9981501213054068,0.9955935791595696,0.9522876893122172,0.9954349238847948,0.9028807503660928,39.21880606449012,0.0898611878855107,39.122466347434305,39.1881928877397,39.28545032848012,39.13965202100349,39.35826873779297,0.0958350131612722,0.0156447647265932,0.1043877264089656,0.1052957781886851,0.0886368626785097,0.1122314694027106,0.0686232291274901,0.6518715184746366,0.0295157769266645,0.6718902515642571,0.6771851380666097,0.6461082407922456,0.6674303340189385,0.5967436279311324,39.3759187409372,0.2718272867529309,39.34418348832564,39.0836989662864,39.88921529596502,39.30999154755563,39.25250440655333,0.0795133085300525,0.0071014806256929,0.0885405867840304,0.0840238084395726,0.0745975269907803,0.068532060888229,0.08187255954765,0.6320319946968194,0.0125582675410376,0.6401514934770989,0.6209982705838752,0.6304679621349681,0.6171187550732584,0.6514234922148965,14.2,7.807688518377255,24,18,6,19,4
825,36.85003922452632,0.2492807632284004,36.67326323519048,37.18239727216898,36.56009178554889,36.722419030887565,37.11202479883568,0.5149906155989343,0.0246431483412981,0.5287309461033222,0.4784718527621829,0.537014796869042,0.5380465646380002,0.4926889176221238,0.9942736045601442,0.0034178984056587,0.9960917246710392,0.9885683059692384,0.9971836215441988,0.9973706842697772,0.9921536863464672,39.20437039462003,0.0624866832451797,39.14026017622514,39.208732258189805,39.2381987138228,39.13392327048562,39.300737554376774,0.0976398803829921,0.0107435876087804,0.1016148082545083,0.1004111334455735,0.0921666905509703,0.1131724512599634,0.0808343184039448,0.6494786356434676,0.0175630754840176,0.6569525689789744,0.6600582220337607,0.6427480235244288,0.6689678827921549,0.6186664808880199,39.36730147853042,0.3112400201274779,39.33745228160512,39.08026400479403,39.95721019398082,39.3196933630741,39.14188754919803,0.081320662971473,0.0157489728572068,0.091858692918763,0.0847146229705575,0.0608812320808118,0.0661537705102201,0.1029949963770129,0.6358402402111978,0.0211511232768861,0.6498757582722288,0.6149804294109344,0.6264051686633717,0.6176686052120093,0.6702712394974448,17.2,3.867815921162743,20,12,21,20,13
850,37.12071828153945,0.3926933356277136,37.26049261977992,37.7756390129168,37.10817478612526,36.63869094848633,36.82059404038891,0.4806861197211078,0.0525414350282515,0.4641453089173307,0.3956360491280703,0.4727301241196308,0.5462378245039085,0.5246812919365991,0.985281810440968,0.0148836351646413,0.9869055207242672,0.9567654347911324,0.9885475211536762,0.9980981595737418,0.9960924159620226,39.260919143214366,0.0814534353998194,39.19802544333718,39.25507539691347,39.281488938765094,39.167528788248696,39.40247714880741,0.0987859676281611,0.0119832850012672,0.1106598800556226,0.0997776566919955,0.0923524284453103,0.1116003172302788,0.0795395557175983,0.6544843422644065,0.019867349685801,0.6732648900060942,0.6697213929710966,0.6376771538546591,0.667766354300759,0.623991920189424,39.37297504309451,0.3123773392678072,39.43973298506303,38.928135265003554,39.861452507250235,39.46070226033529,39.17485219782049,0.0805031856296188,0.0153508924981176,0.076656926197536,0.0765245135760668,0.0688308145230015,0.0699872211129827,0.1105164527385072,0.6244256926305367,0.0223006406054002,0.6329117625048666,0.6099706581144622,0.6066409945487976,0.6079545282956326,0.6646505196889242,14.0,5.329165037789691,11,7,12,22,18
875,36.71993463260611,0.3042601794759702,36.92645975486519,37.17176205349951,36.71308493859989,36.35061865737758,36.43774775868839,0.5277107665219257,0.0363049345725645,0.5085621758834603,0.4750215564806437,0.5179307184268519,0.5717626859232322,0.5652766958954408,0.9949926257133485,0.0041293888393708,0.994886893587014,0.9875498512356552,0.9948335437430548,0.9990958411668994,0.9985969988341185,39.263807331432,0.087384022309605,39.17867521806197,39.26539207227302,39.27177128647313,39.18325632268732,39.41994175766454,0.097256284912653,0.0119711204886776,0.1117245606287862,0.0969340764268329,0.093612165867605,0.1068154213329156,0.0771952003071254,0.6550830723661365,0.0113108524876866,0.6628176804744836,0.6617179720690756,0.6466580936402986,0.6670637654535698,0.6371578501932549,39.38910529396751,0.2935537068232227,39.469782742587,38.96321406508937,39.848626454671226,39.44438807169596,39.219515135793976,0.077218855058097,0.0119622463786063,0.070470051755282,0.0688300813463601,0.0723738809483069,0.0734909128425925,0.1009293483979435,0.6337548687602534,0.0183230309209139,0.6256109367717396,0.6142167467059512,0.6382881050760095,0.6236253453023506,0.6670332099452163,21.4,7.735631842325487,16,12,18,32,29
900,37.016097235925415,0.4455540673568275,37.7323480193148,36.38985038049442,37.22257213002628,36.84773199337045,36.88798365642115,0.4922310245405767,0.0593077755640358,0.3950805802320696,0.5662418941861576,0.4591963967097174,0.5213636897273899,0.5192725618475491,0.9866537484926046,0.014806718908417,0.9586686338346028,0.9986385696942044,0.9845048748340804,0.9959261337506402,0.9955305303494956,39.28662895433831,0.070541862311828,39.267290404348664,39.25437337701971,39.28462750983961,39.20848360928622,39.41836987119733,0.094169208556978,0.0095527805424843,0.1003251012668691,0.0946702282367782,0.0932849549377958,0.1054371779107234,0.0771285804327238,0.6436888860933708,0.0165905827679273,0.6321175260977312,0.6571664033514081,0.6407013535499573,0.6671554030794086,0.6213037443883491,39.40649091547185,0.2939225163627437,39.50362373120857,38.942539272886336,39.83706838434393,39.47420270515211,39.275020483768344,0.0748950650054735,0.0089242576208172,0.0663340362071087,0.0731123859119234,0.0742771951199481,0.0689460058047464,0.091805701983641,0.6285312620076267,0.0156040099569938,0.6097262772646818,0.6210593662478707,0.6262218780589827,0.6287878625320665,0.6568609259345315,17.0,8.508818954473059,7,32,11,18,17
925,37.671691233841415,0.6836230129014716,37.13072251781975,37.51500273242439,37.73490213610462,37.03648407926264,38.94134470359566,0.4012060100577541,0.1067746155722036,0.4850586529859562,0.4335709309455046,0.3803396864035694,0.5017599515693704,0.2053008283843699,0.9404936796611116,0.0754901079078627,0.9913326895114072,0.973361435624742,0.9515394384099036,0.993660588239886,0.7925742465196196,39.28396375251539,0.0785935207786158,39.2099714568167,39.25228604403409,39.311875545617305,39.22134376294685,39.42434195316199,0.0952175731065146,0.0109707984369658,0.1069894611383929,0.101424002709488,0.0854769738560373,0.1032618898898363,0.0789355379388187,0.6329178723421963,0.0251876105422245,0.6480632767532811,0.6429924097928134,0.629184980284084,0.6582050142866193,0.5861436805941842,39.43936705155805,0.3257512349979591,39.412441716049656,38.9429580226089,39.9586313421076,39.52440435236151,39.35839982466264,0.0680639584520549,0.0128067334192722,0.0803332728982874,0.075320133487835,0.0476943592569141,0.0584461647226954,0.0785258618945425,0.6030730522040164,0.0121674369854779,0.624541775746779,0.5929252017628063,0.5990652297482346,0.591245093128898,0.6075879606333646,9.0,4.69041575982343,13,9,6,15,2
950,36.979904339977146,0.2632300128681681,36.723545310423546,37.05889880780092,37.419968319922376,36.69635686186171,37.00075239987717,0.5003319887156339,0.037554137157565,0.5285076277772176,0.4920885759530608,0.4334614839135986,0.54135789576265,0.5062443601716425,0.9911517235421644,0.0076301443873486,0.9960293714533148,0.9907714976477868,0.976554679501917,0.997443432045966,0.9949596370618368,39.28707649924538,0.0785553678578649,39.22122007427794,39.30447792284416,39.28178960626776,39.20272064208984,39.42517425074722,0.0927879937444672,0.0103282370416253,0.1024963322631788,0.0882483469040104,0.0927183685090505,0.1044774402045842,0.075999480841512,0.6353983187314236,0.0134030456199891,0.6469635665416718,0.6337365399707447,0.6236253462054513,0.6539589220827277,0.6187072188565226,39.4207789218787,0.2964146204581843,39.48858457623106,38.97602433869333,39.87597667809689,39.49706129594283,39.26624772042939,0.0711805279761778,0.0111415926293574,0.0671728681349618,0.0652968563195882,0.0662364479944561,0.0638417460193688,0.0933547214125141,0.6197947041554885,0.0218305599006765,0.6089625945596984,0.5996456335891377,0.6149193400686438,0.6133003225832274,0.662145629976735,16.2,4.578209256903839,20,14,9,22,16
975,37.186475152084505,0.3586037938782077,37.27548040802946,36.822064783155305,37.65185582269098,37.45730291936815,36.72567182717864,0.4741519577109937,0.0498665490777441,0.4606319887121928,0.5219417420244709,0.3982428072654095,0.4541207115674756,0.5358225389854195,0.9840513489910008,0.0135167190503446,0.98557529252829,0.9954480854506346,0.9596358224288704,0.982081364110573,0.9975161804366356,39.35671280369614,0.0503668958725293,39.3297013947458,39.353416442871094,39.38206216060754,39.2840629346443,39.43432108561198,0.0918583355702911,0.0103927557918013,0.0989750341484041,0.0912972383737338,0.0871146062501903,0.1061993701891465,0.0757054288899808,0.6430107362342603,0.0201413819519143,0.6705461632121693,0.6361497902508938,0.6287878607258652,0.6621456381046411,0.6174242288777323,39.42338726159298,0.3042905510933115,39.46707974058209,38.93804515491832,39.87467563513553,39.52294713800604,39.314188639322914,0.0742454787659825,0.0137846489477735,0.0709834727035327,0.0755873354659839,0.0654507823796434,0.0595667989021449,0.0996390043786077,,,0.6248777915130962,0.5968047235951279,0.621731409520814,0.6008369850389885,,13.8,5.635601121442148,11,20,7,10,21
1000,37.12488298711089,0.3723102433813119,37.16352710527243,36.731293786432325,36.70150296712659,37.679156313237456,37.34893476348562,0.4835530609199681,0.0399479984541237,0.4773058731531359,0.52869702061427,0.524612121975299,0.4209931345330071,0.4661571543241284,0.987611788326932,0.0092504581499719,0.988192101114804,0.9960404511579534,0.9963730088214284,0.9709219852673638,0.9865313952731104,39.36530505093661,0.0393880633738027,39.331633134321734,39.38292566935221,39.367731036561906,39.31637677279386,39.42785864165335,0.089140091621966,0.008377638833925,0.0958021092934138,0.0860296355729753,0.086745933996457,0.1006126336076043,0.0765101456393798,0.6448496876340923,0.0167865203521662,0.6567081881291938,0.6615652297482346,0.6433895239324281,0.6488880551222599,0.6136974412383456,39.42455350702459,0.3089739076259665,39.47023183649237,38.90455933773156,39.871699593283914,39.485757769960344,39.39051899765477,0.0746549976425189,0.0083687666673657,0.0723516748032786,0.0809339721771803,0.0664746698104974,0.0660406887023286,0.0874739827193094,,,0.6234420610196663,0.6195319936130986,0.614033458810864,0.6081683653773684,,14.6,5.083306010855534,13,21,20,8,11
