lags,train_mse_mean,train_mse_std,train_mse_fold_1,train_mse_fold_2,train_mse_fold_3,train_mse_fold_4,train_mse_fold_5,train_corr_mean,train_corr_std,train_corr_fold_1,train_corr_fold_2,train_corr_fold_3,train_corr_fold_4,train_corr_fold_5,train_r2_mean,train_r2_std,train_r2_fold_1,train_r2_fold_2,train_r2_fold_3,train_r2_fold_4,train_r2_fold_5,val_mse_mean,val_mse_std,val_mse_fold_1,val_mse_fold_2,val_mse_fold_3,val_mse_fold_4,val_mse_fold_5,val_corr_mean,val_corr_std,val_corr_fold_1,val_corr_fold_2,val_corr_fold_3,val_corr_fold_4,val_corr_fold_5,val_r2_mean,val_r2_std,val_r2_fold_1,val_r2_fold_2,val_r2_fold_3,val_r2_fold_4,val_r2_fold_5,test_mse_mean,test_mse_std,test_mse_fold_1,test_mse_fold_2,test_mse_fold_3,test_mse_fold_4,test_mse_fold_5,test_corr_mean,test_corr_std,test_corr_fold_1,test_corr_fold_2,test_corr_fold_3,test_corr_fold_4,test_corr_fold_5,test_r2_mean,test_r2_std,test_r2_fold_1,test_r2_fold_2,test_r2_fold_3,test_r2_fold_4,test_r2_fold_5,num_epochs_mean,num_epochs_std,num_epochs_fold_1,num_epochs_fold_2,num_epochs_fold_3,num_epochs_fold_4,num_epochs_fold_5
-1000,20.154241420914225,7.254313669270308,7.518043617620078,24.817870324803696,17.669244073630924,22.154491838391497,28.611557250124935,0.3897909195162355,0.2827016223802481,0.8499011993408203,0.2722343206405639,0.5191553235054016,0.3054754137992859,0.0021883402951061,-1.6021484741904857,0.8500671233164917,-0.1398804486184423,-2.3830518911939342,-1.2052766144198357,-1.8900412801947883,-2.3924921365254277,29.86307867194892,1.6054989635336063,31.78226364447449,30.24809276732953,30.300324361611896,30.0904308102938,26.894281776034877,0.0241315428167581,0.0074168762468716,0.026399228721857,0.0243641175329685,0.0362811721861362,0.0140743236988782,0.0195388719439506,-9.20683487987704,14.18667318824889,-2.10473427002532,-2.5401861073905856,-1.851350831614394,-1.9615840577893684,-37.57631913256552,27.009623347089445,2.1261009528933577,25.747011731570797,24.50349876574505,26.507864389901957,27.508357661243544,30.781384186985893,0.0180716883391141,0.0232114901389358,0.0427819192409515,0.0248409491032362,0.0288016591221094,0.0196770466864109,-0.0257431324571371,-264.85159315742874,469.2828076204259,-4.222647125387006,-1199.292492438847,-2.9007006257424557,-116.32963844287256,-1.5124871542945446,3.0,2.0976176963403033,7,2,3,2,1
-900,19.0778269142729,4.230050629529927,15.703674334612336,12.44601070471398,22.97929483710096,22.481383771400044,21.778770923537195,0.4500758826732635,0.1798155070035657,0.6114487051963806,0.7204340100288391,0.2923954725265503,0.3053559064865112,0.3207453191280365,-1.1932894997405017,0.5464130718400506,-0.5860976853568576,-0.5020671043105317,-1.6410963344357512,-1.823615761041332,-1.4135706135580357,30.09920545306187,1.0969547431732358,30.60863349688192,30.90089598240092,30.777377864266185,30.26122905284978,27.947890868910555,0.0294521186500787,0.0174561810636471,0.0393954403698444,0.0529335290193557,0.0349378027021884,0.003430251032114,0.0165635701268911,-11.565517080897024,19.33659425776817,-1.9617618994954031,-1.9517449340003936,-1.540777978730109,-2.136575536273333,-50.23672505598588,26.798898716241933,2.114219046950315,25.272477781958152,24.038541131446333,26.63783866329416,27.90870362172331,30.136932382787712,0.017175742983818,0.0186796793275717,0.0087438877671957,0.033683743327856,-0.0108666913583874,0.0415696017444133,0.0127481734380126,-169.68383658697633,279.8107942160517,-3.5271387100219727,-722.023198028019,-2.379659893447787,-118.72108760093435,-1.7680987024585562,3.0,1.2649110640673518,4,5,2,2,2
-800,24.655837531946357,8.15657967845152,29.551021294873667,24.45129822467088,8.991793471126396,28.902724028638673,31.382350640422175,0.2153149774763733,0.3158725797442576,0.0030435000080615,0.2901587188243866,0.8035382628440857,0.0072625242173671,-0.0274281185120344,-3.1905128288671047,1.9185261363928712,-5.70139665710323,-1.9359501600265503,-0.6072390323019213,-2.635066993969424,-5.072911300934397,29.9860935173146,1.055774384783969,30.05016199577643,30.037735251601102,31.4565621002175,30.22892561265003,28.15708262632793,0.0068062243983149,0.0207048434589686,0.0285631399601697,0.0176973212510347,0.0151946302503347,0.0041641751304268,-0.0315881446003913,-12.299761990164969,20.43749127027239,-1.622515008839188,-2.4499768521999106,-2.5293215151426858,-1.7288224838587096,-53.16817409078435,26.432581337184757,2.466704416286619,23.55836174390659,23.70279366311396,27.914195419749397,27.076380438377885,29.91117542077595,0.0118221778422594,0.032386301129804,-0.0341345854103565,0.0604900680482387,0.0308880060911178,-0.0080982204526662,0.0099656209349632,-230.20089392768736,410.52430627276345,-2.4676384858584126,-1048.150443315506,-3.743937789002281,-94.7106005382445,-1.9318495098255024,2.2,1.9390719429665315,1,2,6,1,1
-700,17.274631832889856,5.9713430569852886,23.81313591650488,24.848268371766338,11.171227303904937,15.37397594496743,11.166551627305696,0.5291009068489074,0.2097213460802144,0.2907479107379913,0.2710920870304107,0.747334361076355,0.5966424345970154,0.7396877408027649,-1.6255067737186004,0.8359762179742253,-2.5723374020574004,-2.328635648530745,-0.7640801738517603,-1.9559660891769153,-0.50651455497618,29.70002638579343,1.1920538826374771,29.89651143736413,29.624621718774048,30.76813961977161,30.719851058744737,27.491008094312615,0.0595832716673612,0.0221797256819581,0.059350449591875,0.0913204401731491,0.0510372780263423,0.0244839545339345,0.0717242360115051,-7.891090732650534,11.028872906036431,-2.099990508435765,-2.5496757554636855,-2.4452087371265843,-2.413783336427889,-29.946795325798742,27.806023202517615,3.07835992817358,24.76273949299341,24.514918088912964,28.28826039125019,28.50362885508556,32.96056918434596,0.013539747102186,0.0238516615015317,-0.0070298933424055,0.0028372346423566,0.0097586587071418,0.0600335337221622,0.0020992017816752,-264.757730669966,462.622647866318,-3.7329608668149215,-1184.7786399768484,-3.7588987127816167,-129.8092482134062,-1.7089055799788535,3.6,1.3564659966250538,2,2,5,4,5
-600,23.43588402559727,4.158959049463833,23.202568830915,23.918115509198024,22.463691273242738,17.27866516719861,30.316379347431983,0.2771151784807443,0.1780508111625117,0.3054171800613403,0.2858070433139801,0.2987710535526275,0.526577889919281,-0.0309972744435071,-3.666701512871703,2.5758376415692874,-2.7370832922702943,-8.737433750109913,-1.7029510110268795,-2.147084522803934,-3.008954988147498,29.391915428592075,1.3585917132469465,30.105545467439793,29.82405335058962,29.672364079998623,30.607167545459617,26.75044669947272,0.0657494112849235,0.0201652731959729,0.0263721346855163,0.0768747255206108,0.080359362065792,0.0674544721841812,0.0776863619685173,-10.214247139140326,15.523716972888272,-1.8667669850564652,-2.7026258477441067,-2.309176325102261,-2.9395332000134986,-41.2531333377853,27.018190349076043,2.4420254734045037,24.202377750020084,24.342304136038756,27.08719509121045,29.831290278453302,29.62778448965763,0.0392929818481206,0.0333444269847954,-0.0127635262906551,0.0481790006160736,0.0158309657126665,0.0726325735449791,0.0725858956575393,-275.8987951227663,476.5042736377203,-2.860962139261372,-1222.1450800151213,-3.7177722699911215,-149.05975546099333,-1.7104057284644605,2.0,0.6324555320336759,2,2,2,3,1
-500,22.70166776016374,7.669663446098484,17.885165493118777,32.028470841981715,23.96908742421332,10.712440563972203,28.91317447753268,0.3198151312768459,0.2898545487578279,0.5389543175697327,0.0310231242328882,0.2737194895744324,0.7517427206039429,0.0036360044032335,-2.8588840680518195,1.9460403097246184,-1.162298236452961,-6.625973032915484,-1.7574759267956677,-2.071574919263986,-2.6770982248309987,29.59281287851964,1.2113194363237798,30.216710760899556,29.65899328870068,29.96195296276404,30.83034959284712,27.296057787386825,0.0408292852342128,0.006529947739761,0.0359944142401218,0.0504835024476051,0.0363640487194061,0.0468417443335056,0.0344627164304256,-11.357109732433052,18.1180855811394,-1.9553873926285177,-2.3284947204218764,-2.3849299130272774,-2.5254161228001815,-47.59132051328741,26.71815569708087,2.4411037677758185,24.220647842329765,23.70243764804959,26.950236485162133,28.877205238499993,29.8402512713629,0.028973233513534,0.0220360275597826,0.0154626099392771,0.0110459215939044,0.0282307490706443,0.0715744420886039,0.0185524448752403,-303.61406532799685,535.3969759772237,-2.8333183225490703,-1369.0511131326048,-3.642924870962299,-140.8258329571917,-1.7171373566764805,2.4,1.4966629547095764,3,1,2,5,1
-400,22.026832260177912,4.370539514201212,24.025814597786013,17.949398668475652,21.480098893283714,17.375283030452433,29.303566110891744,0.3350988585501909,0.2038716708766554,0.2944251000881195,0.5404192805290222,0.342285692691803,0.5223051905632019,-0.0239409711211919,-1.9451201558422333,0.3713979887760372,-2.389551667929005,-1.6299750475568069,-2.2685273833930415,-1.413987738999566,-2.0235589413327464,31.064346696013143,2.481760517515224,31.272938479709257,31.08140314483457,32.26534716906715,34.11212653455103,26.58991815190371,0.0173992387484759,0.0349400127195179,0.0371306501328945,0.0028406775090843,-0.0252448357641696,-0.0024797753430902,0.0747494772076606,-9.3096847600974,13.281075610024637,-2.669698082983262,-2.698771382120333,-1.3616075446169664,-3.998940871151505,-35.81940591961493,28.992756551991175,3.233210610758442,26.540473163823673,25.941748347263857,26.961792060837208,34.24961363851792,31.270155549513227,0.0255583461374044,0.0393146307288957,0.047169242054224,-0.020345639437437,0.0354548655450344,0.0825181752443313,-0.0170049127191305,-315.5366435137241,520.563175601063,-5.011674236230813,-1342.0315266045152,-1.8733253574093027,-227.30504818649143,-1.461643183973513,2.2,0.7483314773547882,2,3,2,3,1
-300,17.378390008215,8.241391986999213,30.720672793734707,14.783790787215672,9.32084916877994,22.602635811507007,9.46400147983768,0.5035438545979559,0.3141432574694718,-0.0068897265009582,0.6537573337554932,0.7955694198608398,0.2899323999881744,0.7853498458862305,-1.2925323906266426,0.6946603370875892,-2.5250057530928833,-0.6516925703381441,-0.8169571482099293,-1.588192425967809,-0.8808140555244476,29.94651482499527,1.249949637288739,29.85977409368359,30.424205528622934,31.874061487296213,29.55310221404881,28.021430801324808,0.0532661102712154,0.0204504953551927,0.019937302917242,0.0575629882514476,0.0418083481490612,0.0758404806256294,0.0711814314126968,-11.033015063810906,17.811142063311795,-1.8431220233208472,-2.679022554989454,-1.894490102153808,-2.098084778637274,-46.650355859953144,27.1107106643892,2.4705563208559913,23.62605747870434,25.394375995903165,28.38087182842804,27.331042129242004,30.821205889668445,0.0350827099755406,0.0326383510723248,0.0563587583601474,0.0022641466930508,-0.0101948045194149,0.0716250762343406,0.055360373109579,-270.6731971037991,479.4611899324823,-3.244213768248428,-1225.2403162861613,-2.6515175973858813,-120.4175592322294,-1.812378634970476,3.8,2.0396078054371136,1,4,6,2,6
-200,24.456876341660355,2.955551851472601,24.307770006793483,23.596486834777775,30.120373153964835,22.063271535509756,22.19648017725592,0.2426960561424493,0.1101363456864424,0.2799246609210968,0.2961778342723846,0.0233299303799867,0.3087784051895141,0.3052694499492645,-2.137128594521573,0.7696643914142732,-3.063992369886193,-1.2910410039001248,-3.038244358837682,-1.8617170574445512,-1.4306481825393151,29.51147667461796,1.26840644552843,30.185484334188676,30.001635161819163,30.009683339048458,30.371411394980168,26.989169143053346,0.0417917912825942,0.0296562937847484,0.0218347534537315,0.0322606489062309,0.0479854717850685,0.011020447127521,0.095857635140419,-10.706021247670808,17.52941348233013,-1.5722313326156556,-1.9816536474320676,-2.5175701428480184,-1.699830157979453,-45.75882095747885,26.088190963528035,2.5874869939163334,23.339761164401757,23.38559339018647,27.16412191423461,26.28963961072469,30.261838738092653,0.0597193277440965,0.044735398396043,0.072552390396595,0.0378443747758865,0.0454182624816894,0.1380470544099807,0.0047345566563308,-207.38991104791137,359.08508696543095,-2.6339719082130997,-920.9392044841084,-3.979951223278788,-107.74436854133346,-1.6520590826231218,1.8,0.4,2,2,1,2,2
-100,21.92089846390076,7.020909459004448,29.651730892491248,18.14876755843985,22.17059271920825,28.859749336457593,10.77365181290686,0.3330585684627294,0.282159828369722,0.0346491709351539,0.5296800136566162,0.3244607448577881,0.0247983988374471,0.7517045140266418,-2.1621844811507542,1.1846383462345018,-3.2486632844353465,-1.397482635523404,-1.7518808047749808,-3.8000863436440393,-0.6128093373760021,29.57386733627505,1.4600546790628086,30.60473695896015,30.412141520689435,29.560976269412137,30.539203303333387,26.75227862898014,0.0796474833041429,0.041323021079378,0.057806558907032,0.0874086990952491,0.0884090512990951,0.019418591633439,0.1451945155858993,-8.375243221785771,12.198631005649396,-2.4984566379150066,-1.7265777931139163,-2.060730685287876,-2.8294909863156565,-32.7609600062964,27.10888388319238,3.640155714732648,25.052723240759587,22.65710588188023,25.630570962735188,29.08557369272997,33.11844563785694,0.101497601903975,0.0476328999287354,0.1412369310855865,0.1205234229564666,0.143049880862236,0.0877042859792709,0.0149734886363148,-206.28591474387432,340.86356669230526,-4.631973817654621,-879.3604785208572,-3.164678535340825,-142.83154715638216,-1.4408956891367872,2.4,1.4966629547095764,1,3,2,1,5
0,20.86600944721629,5.796632264839934,13.768632405462895,30.7433551545273,21.918691689817745,16.53957376966371,21.359794216609806,0.3887696877121925,0.2258092563655508,0.6802147030830383,0.0171806588768959,0.3355128765106201,0.5559597015380859,0.3549804985523224,-1.9657008912776697,0.8643182915710098,-1.3018306111856504,-3.464283175273628,-2.20922513771923,-0.9748321874441648,-1.8783333447656745,29.447900234168607,1.5522489289190378,30.87242901719498,30.06811880091285,29.524331846125857,30.307973201172825,26.46664830543652,0.0882635824382305,0.0291644182525601,0.1033066064119339,0.0347933284938335,0.1007302477955818,0.0828718394041061,0.1196158900856971,-9.806402327856665,15.201341898901363,-1.5744620932679232,-2.816219783942523,-2.5279532436730796,-1.9169025045424584,-40.19647401385734,25.644756880576505,2.573709267811939,22.81336640801411,23.557217422394437,25.506140306765932,26.18145820881142,30.16560205689664,0.1576234251260757,0.0373771369684574,0.1755855083465576,0.1643966883420944,0.1992612928152084,0.1610450446605682,0.08782859146595,-283.1999741646103,512.969092798814,-2.217977282138186,-1306.188668000327,-3.2867311350566406,-102.71556935839152,-1.590925047137858,2.4,1.019803902718557,4,1,2,3,2
100,22.90972733696688,6.2845259301414735,29.832876859143397,31.01721428533782,17.237636313828048,16.24914395005168,20.211765276473475,0.2963552884757519,0.2564580189257842,0.0187430195510387,-0.037248358130455,0.5355650186538696,0.5662571787834167,0.3984595835208893,-24.53686669667562,44.498257770445846,-5.112138336502625,-113.48460498139087,-1.017602477324148,-1.2835914585376993,-1.7863962296227385,28.754078821403045,1.4908296106001917,29.142659898166063,29.216622592410225,30.035656937829252,29.535870895775375,25.839583782834303,0.1427200108766556,0.0363499187340583,0.1278518885374069,0.117782212793827,0.1154795959591865,0.1390008479356765,0.2134855091571808,-10.086447073698972,16.115748522878885,-1.6969925350716142,-1.977787882437502,-2.6628867877132696,-1.7837582316380067,-42.310809931634466,25.244703214038672,2.5408119624310603,22.885523825999822,22.25378008621676,26.03441582718712,25.688453971180007,29.36134235960964,0.1798195570707321,0.0426287723469243,0.13840152323246,0.2014622837305069,0.2317592799663543,0.2066744565963745,0.1208002418279647,-217.7086812044396,385.46127415936695,-2.8162658202972857,-985.3337039126496,-3.95169751235947,-94.75450732874964,-1.6872314481419812,2.0,0.8944271909999159,1,1,3,3,2
200,15.757154350468678,3.681050773099754,13.42108712721273,22.665243815829683,12.86915070027229,16.466473428069463,13.363816680959228,0.5888201951980591,0.1368315372144248,0.6919702887535095,0.3343530893325805,0.6947124600410461,0.5568698644638062,0.666195273399353,-1.622888930406707,0.8140026061791337,-0.5429193443206807,-2.11992279742633,-0.7557260829341705,-2.567323618980388,-2.128552808371963,29.210412073900727,1.9260595722273797,30.980872481481576,29.903461154216924,30.39618453998046,29.239010769105608,25.53253142471907,0.1425715997815132,0.036536447380848,0.132412776350975,0.1263297200202942,0.1070120558142662,0.1340324729681015,0.2130709737539291,-8.008743598442598,11.498193534041022,-3.657299850237509,-1.5344898023494022,-1.794793155870549,-2.0993738174438477,-30.95776136631168,25.82989082034924,2.7191484291143015,26.0870349820022,21.74741760673226,24.957241191706306,26.124724492024814,30.233035829280603,0.1855801314115524,0.0354038881088426,0.1535637825727462,0.2085541188716888,0.2023189216852188,0.2286601662635803,0.1348036676645279,-328.49673230870684,627.6592680486768,-5.867942942719515,-1583.46877211657,-8.51679824901462,-42.991795129349256,-1.638353105880871,3.4,0.8,4,2,4,3,4
300,15.215844166390935,4.600264177594567,14.138061017029944,24.215618097364672,13.555380961001308,11.280685157550138,12.88947559900862,0.6102937281131744,0.1574319107331093,0.6655774116516113,0.2987911403179168,0.6677979230880737,0.729442298412323,0.6898598670959473,-1.167544091149836,0.5887451219431331,-0.8522522768003313,-2.3056720894907543,-0.9587203259597956,-1.0910230592840222,-0.6300527042142766,29.26710965190416,1.6441395184163747,29.847425591157105,30.03576873248653,30.144072433390043,30.31537964835705,25.99290185413008,0.1171243503689765,0.0329807914660777,0.1245411485433578,0.0732870921492576,0.1114715337753295,0.1024894714355468,0.173832505941391,-9.493366842279176,13.900119059593216,-2.7276043813052344,-2.7073313807235153,-1.878393490026897,-2.8686612413087245,-37.2848437180315,26.254806292474505,2.5849138817125383,23.709053577616057,23.70722949736777,25.515118294652797,27.971583928579488,30.371046164156397,0.1464036345481872,0.0160574086430461,0.1497685462236404,0.1552949547767639,0.1546858698129654,0.1575740128755569,0.1146947890520095,-431.4175004222049,828.9504067433426,-4.24478919102524,-2088.8965213885567,-9.09656532914722,-52.97377589750847,-1.875850304787261,3.8,0.9797958971132712,4,2,4,5,4
400,20.896232927796444,5.799706469311425,15.681296021635276,30.748936233740064,22.112486407643935,14.41270788342495,21.525738092537985,0.3758720686659217,0.2339441326819872,0.6128268241882324,-0.0077705131843686,0.315685510635376,0.6298070549964905,0.3288114666938782,-2.9591126043199725,3.3098802034283934,-0.8816598511546193,-9.539023164490628,-1.7474647595724706,-0.937744672737542,-1.689670573644601,29.049123252968844,1.3275965036725088,29.546476357178,29.95900935514428,29.436490155843444,29.88054095260828,26.423099444070218,0.1083769142627716,0.0175659670448771,0.1223677173256874,0.0744773596525192,0.1084016114473342,0.1179986298084259,0.1186392530798912,-9.084289182670386,13.994184673622042,-2.086409041389881,-2.6713311602633287,-1.82398818346313,-1.7743253550176954,-37.065392173217894,26.370618906373647,2.4685125533909704,23.909490169718108,24.45017947297152,25.610602193305464,27.080369180742405,30.80245351513072,0.088930320739746,0.0184528972651498,0.077896237373352,0.0751155465841293,0.1226600930094719,0.0948052704334259,0.0741744562983512,-444.57340953002176,859.1033454253312,-3.608341817494032,-2162.467405830376,-8.840345169551641,-46.49516617857529,-1.4557886541121663,2.6,1.2000000000000002,4,1,2,4,2
500,16.681383419050885,3.295734819650847,14.6295294701279,15.169359220893352,22.857187951501313,13.606045074025532,17.144795378706334,0.5575542390346527,0.1327343105485202,0.6498339772224426,0.6361098289489746,0.3088563978672027,0.6617677807807922,0.5312032103538513,-2.173083879536262,1.2088527708933188,-1.958954283943424,-1.0783173984521397,-4.228335597298362,-0.916821413612985,-2.6829907043744,30.443093519498404,1.880769515228302,31.469740868542445,31.456710406546463,31.737791205658525,30.821073174476624,26.730151942267955,0.0418368518352508,0.0290415898209458,0.0269475728273391,0.0270113628357648,0.015382470563054,0.0425511598587036,0.0972916930913925,-10.177282754827566,15.1766439306492,-4.072163173196844,-2.30057647951846,-1.7912861920516314,-2.2319893303548315,-40.49039859901606,26.92912982530631,2.533694582925235,26.02561858934187,23.49315942586164,26.64871761028869,27.15035998496564,31.327793516073708,0.0543194316327571,0.0177912952301659,0.0469673983752727,0.0630964487791061,0.0461116693913936,0.0837990567088127,0.0316225849092006,-276.05284221385705,522.1124497796638,-5.0017725621216025,-1319.7291567450832,-6.33565280432831,-47.75589558285034,-1.4417333749017829,3.4,0.8,4,4,2,4,3
600,22.97747500807223,3.65690135733606,22.596665248042576,23.07667020311603,17.867301173745233,29.283093174866263,22.06364524059104,0.2934332381933927,0.1684465958837369,0.3316772580146789,0.3126384615898132,0.5098177790641785,-0.0104044321924448,0.3234371244907379,-2.3659858965697818,0.8101456965104823,-1.5578267736868423,-2.7322993702702707,-1.5366261123062728,-3.708184056313007,-2.2949931702725155,29.65720745974478,1.11848153699447,30.382265446251004,30.22885915555843,30.19870707265134,30.045730714204247,27.430474910058862,0.0370280751027166,0.0194100097880505,0.0410363636910915,0.040820375084877,0.0671779960393905,0.0074661266990005,0.0286395139992237,-8.94556689795817,12.357629156431509,-3.3135923935745475,-2.3647873327425946,-2.3889339707704833,-3.0104233235236735,-33.65009746917955,26.92022586026544,3.3166377403976104,24.74055217049929,22.937827056484,25.944297014971188,28.493984287351022,32.484468772021714,0.0389031145721674,0.0328489838704659,0.0348866283893585,0.0557638742029666,0.0915268138051033,0.015723705291748,-0.0033854488283395,-371.47048950148934,708.7605752847859,-4.392204177054913,-1788.4330549768902,-7.470529212793951,-55.58165347065907,-1.4750056700483831,2.0,0.6324555320336759,2,2,3,1,2
700,19.6211468045041,1.91562729232315,18.230047457403952,17.65568634724462,18.366572766489796,21.51155487662786,22.341872574754262,0.4407182514667511,0.1043173869427277,0.5260214805603027,0.5551702976226807,0.4907730519771576,0.3285931646823883,0.3030332624912262,-2.13288634286445,0.8943859915818216,-1.5043195366859436,-0.8514531184326518,-3.199858178953072,-2.0703100540421224,-3.0384908262084585,30.097104293293523,1.338327304349148,30.73288313238537,30.66817620083516,30.07255947821799,31.44576264645339,27.56614000857572,0.0195318784564733,0.0229489432228031,0.0183366741985082,0.0261812321841716,0.0551398172974586,0.0144386887550354,-0.0164370201528072,-7.94647561886895,11.489000391201309,-2.153561866700881,-2.5368371459760555,-2.5229557685351094,-1.604548198703662,-30.91447511442904,26.53447915116173,2.971262805542373,23.806672101354785,23.250677065162808,26.791865452254328,27.25567568925568,31.56750544778104,0.0262154394760727,0.0159433111675439,0.0094552990049123,0.0503416955471038,0.035513237118721,0.0083264103159308,0.0274405553936958,-364.7609008093753,706.7449942240577,-3.566823956799414,-1778.0850713183445,-8.947930931581134,-31.840846699035584,-1.3638311411156263,2.6,0.4898979485566356,3,3,3,2,2
800,24.033229225866208,6.416970822841439,29.40097348248804,15.390177097839194,29.343623209464084,17.011459649615475,29.01991268992424,0.2420272205490619,0.2810734065008113,0.0278001129627227,0.6300578117370605,0.0015452413354068,0.5385163426399231,0.0122165940701961,-5.0191447075930515,7.161338443952876,-1.7287300552640643,-0.7993648758182278,-2.1165286234446934,-1.1384168069858056,-19.312683176452463,29.672765191490782,1.479500684209094,29.842775873289035,31.158709294137324,29.812054890602944,30.656209783534365,26.894076115890236,0.0187758524902164,0.0189324283580478,0.0267205070704221,0.0248210653662681,0.046968575567007,-0.0043163145892322,-0.0003145709633827,-3.4741485989047396,4.785480938881599,-1.118112402899256,-0.9448586700027556,-1.1055113659294662,-1.1582567960835617,-13.04400375960866,26.651768393275336,2.762185345566907,23.901619599023217,23.4613769685248,26.46400306243377,28.823423743247982,30.60841859314692,0.0197022438980639,0.0276504568609075,0.0061271269805729,0.046419620513916,0.0517653748393058,-0.0238149054348468,0.0180140025913715,-339.8884629686055,647.9101578162338,-3.8805465468636746,-1635.2797167384672,-10.78950678235362,-47.79751134104302,-1.6950334343001072,2.0,1.2649110640673518,1,4,1,3,1
900,25.344466497859397,6.068108384975137,18.381420856675543,32.09239788008975,29.03312359150354,17.672538248052845,29.542851912975312,0.200607291329652,0.2563013599983326,0.518536388874054,-0.0248455014079809,0.0054685119539499,0.5100035667419434,-0.0061265095137059,-2.5887368444962933,0.718509456440724,-1.3608854583331518,-3.20979322086681,-3.155913248774293,-2.181067928323498,-3.0360243661837143,29.888159529893777,1.4410260975406235,30.675332696521327,30.52885721351386,30.59156837815905,30.637276602162466,27.0077627591122,-0.0058860970661044,0.0216730686169415,-0.0036768410354852,-0.0421933531761169,0.018740601837635,-0.0148286186158657,0.0125277256593108,-4.225396285307546,4.614891359879833,-1.970702341094555,-1.5894010846253035,-2.3667664126663355,-1.7595576460723283,-13.44055394207921,27.01822751310549,3.0360094723711217,24.56568516182065,22.708611233225128,28.285938108941465,28.21667114677132,31.31423191476889,0.0048029677011072,0.0318600020810809,-0.0090873427689075,0.0601102262735366,-0.0353958494961261,-0.0059741423465311,0.0143619468435645,-325.4653314735639,631.1306520978679,-4.24902882070393,-1587.6521753200298,-15.059742303905784,-19.57032237442551,-0.7953885487545325,1.8,0.9797958971132712,3,1,1,3,1
1000,20.50858431895832,8.46366448325744,31.127007185174275,9.747718402898156,29.64911996513218,14.337904701023907,17.68117134056308,0.3724999867379665,0.3474803867520466,-0.0594835691154003,0.7959602475166321,-0.0163559094071388,0.632917582988739,0.5094615817070007,-2.0486317369380553,1.175680351221522,-3.6661912889449626,-0.5124883801906139,-3.149195363924101,-1.345597911809946,-1.5696857398206538,30.385673708071504,1.2694000437238684,30.444249353983988,32.02865150976738,30.400482247079857,30.92049426976809,28.134491159758216,0.0242283694053185,0.0214012478024092,0.0014216965064406,4.0524442738387734e-05,0.0504873283207416,0.0227564647793769,0.0464358329772949,-23.266079413844455,42.547302740047016,-1.6118023845472225,-2.912431946524386,-1.506346245915973,-1.94491269198837,-108.35490380024632,26.536577998617748,2.623204456619735,23.09384928974196,24.632618610033266,26.256506137346943,28.12115536450412,30.57876059146243,0.0300957809668034,0.0374974492591355,0.0573880076408386,0.0890326350927352,-0.0082867247983813,-0.0036766428966075,0.016021629795432,-477.4828622979877,942.96849906972,-2.9189050480549437,-2363.3886198232144,-2.21018194920358,-16.507200108891794,-2.3894045605733703,3.0,1.8973665961010275,1,6,1,4,3
