lags,train_mse_mean,train_mse_std,train_mse_fold_1,train_mse_fold_2,train_mse_fold_3,train_mse_fold_4,train_mse_fold_5,train_corr_mean,train_corr_std,train_corr_fold_1,train_corr_fold_2,train_corr_fold_3,train_corr_fold_4,train_corr_fold_5,train_cosine_sim_mean,train_cosine_sim_std,train_cosine_sim_fold_1,train_cosine_sim_fold_2,train_cosine_sim_fold_3,train_cosine_sim_fold_4,train_cosine_sim_fold_5,train_cosine_dist_mean,train_cosine_dist_std,train_cosine_dist_fold_1,train_cosine_dist_fold_2,train_cosine_dist_fold_3,train_cosine_dist_fold_4,train_cosine_dist_fold_5,train_nll_embedding_mean,train_nll_embedding_std,train_nll_embedding_fold_1,train_nll_embedding_fold_2,train_nll_embedding_fold_3,train_nll_embedding_fold_4,train_nll_embedding_fold_5,train_pairwise_accuracy_mean,train_pairwise_accuracy_std,train_pairwise_accuracy_fold_1,train_pairwise_accuracy_fold_2,train_pairwise_accuracy_fold_3,train_pairwise_accuracy_fold_4,train_pairwise_accuracy_fold_5,train_similarity_entropy_mean,train_similarity_entropy_std,train_similarity_entropy_fold_1,train_similarity_entropy_fold_2,train_similarity_entropy_fold_3,train_similarity_entropy_fold_4,train_similarity_entropy_fold_5,val_mse_mean,val_mse_std,val_mse_fold_1,val_mse_fold_2,val_mse_fold_3,val_mse_fold_4,val_mse_fold_5,val_corr_mean,val_corr_std,val_corr_fold_1,val_corr_fold_2,val_corr_fold_3,val_corr_fold_4,val_corr_fold_5,val_cosine_sim_mean,val_cosine_sim_std,val_cosine_sim_fold_1,val_cosine_sim_fold_2,val_cosine_sim_fold_3,val_cosine_sim_fold_4,val_cosine_sim_fold_5,val_cosine_dist_mean,val_cosine_dist_std,val_cosine_dist_fold_1,val_cosine_dist_fold_2,val_cosine_dist_fold_3,val_cosine_dist_fold_4,val_cosine_dist_fold_5,val_nll_embedding_mean,val_nll_embedding_std,val_nll_embedding_fold_1,val_nll_embedding_fold_2,val_nll_embedding_fold_3,val_nll_embedding_fold_4,val_nll_embedding_fold_5,val_pairwise_accuracy_mean,val_pairwise_accuracy_std,val_pairwise_accuracy_fold_1,val_pairwise_accuracy_fold_2,val_pairwise_accuracy_fold_3,val_pairwise_accuracy_fold_4,val_pairwise_accuracy_fold_5,val_similarity_entropy_mean,val_similarity_entropy_std,val_similarity_entropy_fold_1,val_similarity_entropy_fold_2,val_similarity_entropy_fold_3,val_similarity_entropy_fold_4,val_similarity_entropy_fold_5,test_mse_mean,test_mse_std,test_mse_fold_1,test_mse_fold_2,test_mse_fold_3,test_mse_fold_4,test_mse_fold_5,test_corr_mean,test_corr_std,test_corr_fold_1,test_corr_fold_2,test_corr_fold_3,test_corr_fold_4,test_corr_fold_5,test_cosine_sim_mean,test_cosine_sim_std,test_cosine_sim_fold_1,test_cosine_sim_fold_2,test_cosine_sim_fold_3,test_cosine_sim_fold_4,test_cosine_sim_fold_5,test_cosine_dist_mean,test_cosine_dist_std,test_cosine_dist_fold_1,test_cosine_dist_fold_2,test_cosine_dist_fold_3,test_cosine_dist_fold_4,test_cosine_dist_fold_5,test_nll_embedding_mean,test_nll_embedding_std,test_nll_embedding_fold_1,test_nll_embedding_fold_2,test_nll_embedding_fold_3,test_nll_embedding_fold_4,test_nll_embedding_fold_5,test_pairwise_accuracy_mean,test_pairwise_accuracy_std,test_pairwise_accuracy_fold_1,test_pairwise_accuracy_fold_2,test_pairwise_accuracy_fold_3,test_pairwise_accuracy_fold_4,test_pairwise_accuracy_fold_5,test_similarity_entropy_mean,test_similarity_entropy_std,test_similarity_entropy_fold_1,test_similarity_entropy_fold_2,test_similarity_entropy_fold_3,test_similarity_entropy_fold_4,test_similarity_entropy_fold_5,num_epochs_mean,num_epochs_std,num_epochs_fold_1,num_epochs_fold_2,num_epochs_fold_3,num_epochs_fold_4,num_epochs_fold_5
-1000,35.28022899554561,2.4115209673710933,36.662097755035795,35.38757780000761,35.66559633032068,37.89614211243468,30.789730979929328,0.5227941393852233,0.0860238279956541,0.4844667315483093,0.5371862053871155,0.5271346569061279,0.4000895619392395,0.6650935411453247,0.5261410716944748,0.0861953529224602,0.4879342668629312,0.540642062448836,0.5322934721584444,0.4020903670555585,0.6677451899466038,0.473858929106569,0.0861953529843046,0.5120657346852414,0.4593579372028252,0.467706529738067,0.5979096333314846,0.3322548105752267,1.0338993691198088,0.0543979395115542,1.0572989439809477,1.0237703764593449,1.0315447736870158,1.112347332068852,0.9445354194028832,,,0.976623381345303,0.9858225137382358,0.9836580123994256,0.9432900528629105,,1.3420755401379654,0.011323289422622,1.3477063646564236,1.3415778345875926,1.343227989642651,1.3560798867956383,1.3217856250075206,39.603569703157774,0.1804437409447228,39.68262293181067,39.780473122800835,39.656017036289555,39.64295006540499,39.25578535948282,0.0505346544086933,0.0217608627725317,0.0387166365981102,0.0335970781743526,0.0489099510014057,0.0385493747889995,0.0929002314805984,0.0496945073447599,0.02274148966789,0.0374875883100706,0.0313712430117717,0.0503244127549144,0.0358895095507342,0.0933997830963088,0.9503054936804196,0.022741491381501,0.9625124163664732,0.9686287553393887,0.9496755899158432,0.964110492964199,0.9066002138161936,1.374901929068658,0.0008978514906482,1.3745699341658952,1.3747902667939895,1.3744682588465946,1.374049260922443,1.3766319246143683,0.5425421689270999,0.0083463823071761,0.5573930133293575,0.5376135039538261,0.544422843026048,0.5405317933990798,0.5327496909271883,1.3815961071489389,0.0002216581548449,1.3817345390987767,1.3814151922552502,1.3812749432218678,1.3818886154820482,1.38166724568675,39.68689596866355,0.3053801071166482,39.65949161692816,39.42386575246135,39.93833536675004,39.298737403483706,40.114049703694505,0.056485004723072,0.0140816790842534,0.0520308762788772,0.0741803795099258,0.0527478195726871,0.0690444260835647,0.0344215221703052,0.0541042177053711,0.0134909054852384,0.0497795699439681,0.0683719576481396,0.0529232867504198,0.0677227112555202,0.0317235629288081,0.9458957820087092,0.0134909039779092,0.9502204300596556,0.9316280484199524,0.94707670935397,0.9322772867948628,0.9682764354151048,1.3733868166166523,0.0010615736351882,1.3747780694108065,1.3724830122773286,1.3735444902909868,1.374215188657263,1.3719133224468751,0.5498703142954217,0.004041618137338,0.5428015721911122,0.5512321816344206,0.548638147689721,0.5518806903452724,0.5547989796165826,1.3814525093086034,0.0008885668532103,1.382176791647529,1.381811579841584,1.38148830836849,1.3820476425297066,1.379738224155708,25.6,16.40243884305014,16,24,21,10,57
-900,34.58860551795264,4.235707220596641,37.748434765307934,35.51185488515086,36.49950983369505,36.94202044103053,26.241207664578805,0.5197740137577057,0.1145191338108281,0.404616504907608,0.5226805806159973,0.4743545055389404,0.4611127972602844,0.7361056804656982,0.5242163902619776,0.1140784472711494,0.4081585937119149,0.5261255892840299,0.4809518496324489,0.4662936525104882,0.7395522661710063,0.4757836096374463,0.1140784474288344,0.5918414066751282,0.4738744103289269,0.5190481493225345,0.5337063482442459,0.260447733616396,1.035586939143169,0.0707287178013265,1.1076897132706331,1.0342719556449296,1.063039164651524,1.070826409853898,0.9021074522948606,,,0.9489177581551788,0.9838744625642702,0.9699134260803074,0.9720779278061606,,1.3417264871011594,0.0162701782446397,1.3557698186341818,1.343712896805305,1.3481452759210166,1.3508647294787617,1.3101397146665323,39.58409194797857,0.0890190182922106,39.6069673248766,39.695768630922075,39.57980270979469,39.61415603281459,39.423765041484906,0.0613321252167224,0.0218867824433804,0.0494076199829578,0.0457835756242275,0.0575272664427757,0.0495158992707729,0.1044262647628784,0.0586818928330237,0.0222700671368371,0.0466017958994389,0.0415980084708634,0.0586844801844789,0.0448302301643452,0.1016949494459923,0.941318106836846,0.0222700664638378,0.9533982035714827,0.958401992627155,0.941315518974794,0.9551697672573044,0.8983050517534932,1.3705961581797914,0.0022707222671835,1.369893036463845,1.3701367021070845,1.3689385768504458,1.3689771129927282,1.375035362484854,0.5570687571330293,0.0075572800115516,0.5645266045392255,0.5554474863850652,0.560959807919621,0.5612840610719376,0.5431258257492971,1.3813912374036323,0.0002342021495755,1.38169772986772,1.3811511464619914,1.381085352211147,1.381496316727961,1.3815256417493411,39.74499244393078,0.5092197359798472,39.60297955613192,39.35918355266408,39.88313712034708,39.22132578898033,40.65833620153049,0.0640962406992912,0.0172393161714932,0.0604888945817947,0.0831744819879531,0.0595510378479957,0.0813119485974311,0.0359548404812812,0.0610037156137917,0.0166012326231715,0.0559972691674017,0.0761793022902849,0.0589647396985832,0.0802349258370059,0.0336423410756825,0.9389962834374914,0.0166012320782695,0.9440027277061448,0.9238206962203236,0.9410352587467964,0.919765076052818,0.966357658461374,1.3703714462569718,0.0009207772448444,1.3711567611545905,1.3687653986860342,1.370578120654659,1.3713155771507828,1.3700413736387913,0.5583009236227678,0.0033534842837918,0.5544747246088685,0.5580415201268307,0.5645266037274891,0.5567445020963245,0.5577172675543258,1.381301308791461,0.0008558059394895,1.3820988542838784,1.3815203260354958,1.3816034204765053,1.381646274592626,1.3796376685688003,32.2,32.66435365960882,10,23,16,15,97
-800,33.949200669130455,4.203698416699231,36.75518509505631,33.88352504086185,35.554349582226244,37.62709296090262,25.925850666605236,0.5393783807754516,0.1138192151303586,0.460382729768753,0.5778111815452576,0.5114190578460693,0.4094333350658417,0.7378455996513367,0.5452790408736601,0.1125279657652223,0.4666482499667576,0.5824030406289287,0.5201147637971035,0.4159862160682678,0.7412429339072429,0.454720959656589,0.1125279661071785,0.5333517508073287,0.417596959700058,0.4798852367447568,0.5840137849380443,0.2587570660927571,1.0220705581371397,0.0692591136798484,1.0697345941871792,1.0003253022571663,1.0353780615639376,1.103187171979384,0.901727660698031,,,0.9743506547692534,0.9924242440756266,0.9830086619048924,0.959307366686982,,1.3399497767343094,0.0162756728486618,1.3505816828120838,1.337962155063431,1.3445819088390896,1.3567413710928582,1.309881765864084,39.55922941215307,0.1139913557651179,39.56615274332841,39.72922320681323,39.556093601865065,39.57459949241074,39.370078016347925,0.0687983632087707,0.0213829300975401,0.0601509623229503,0.0527334697544574,0.0653717517852783,0.055068090558052,0.1106675416231155,0.0651099665677501,0.0226164396434355,0.0562040338126022,0.0478373453716823,0.0630071894881761,0.0494553378605599,0.1090459263057299,0.9348900321856548,0.0226164401147484,0.9437959660351972,0.952162647525624,0.9369928115536732,0.9505446650638656,0.8909540707499136,1.3665540006837955,0.0019219114821284,1.366833036511789,1.3656576027666083,1.3651007297901792,1.365007498848763,1.3701711355016388,0.5670557885550339,0.0061056298035453,0.5654993697942927,0.5680934027823029,0.5706874344947274,0.5745784853972814,0.5564202503065655,1.3812651308594046,0.0002120033029363,1.3812016253341497,1.3811820717637178,1.3809856890704382,1.3816280787093167,1.3813281894194014,39.6985315701377,0.5114456519033962,39.56191354595734,39.25987101157816,39.83506999776521,39.21722108566343,40.618582209724394,0.0725864835083484,0.0187755965756378,0.0691795274615287,0.0984826907515525,0.06946362555027,0.083916537463665,0.0418900363147258,0.0679941048881886,0.0178533663786157,0.0619778880298659,0.091170128587097,0.0672590354247315,0.0808169945697608,0.0387464778294881,0.9320058948798866,0.0178533655232367,0.9380221051464748,0.9088298741017798,0.9327409664016754,0.919183005618678,0.961253523130825,1.3667963612868164,0.0010288720416583,1.368090858255379,1.3649734926594834,1.366634361706819,1.3672635425389508,1.3670195512734498,0.5664072793571402,0.0079674213963284,0.563553842183217,0.5606355549412478,0.5800908065839501,0.5577172661047965,0.5700389269724894,1.381056950621104,0.000765690590892,1.381462541071821,1.381218579028831,1.3812621697377605,1.3817662538721405,1.3795752093949671,35.8,32.46166970443757,15,33,21,11,99
-700,34.96376835756056,1.2989559987393196,34.310509139221985,35.22435790718376,36.012235074229054,36.456235397636114,32.815504269531885,0.5249748528003693,0.0487355789059541,0.5558487176895142,0.5188881754875183,0.4805546402931213,0.4687623679637909,0.6008203625679016,0.5334594093792535,0.0467365891627137,0.5621615271676671,0.5263535546017931,0.4923057896363271,0.4793539207864117,0.6071222547040684,0.4665405908955121,0.0467365894202757,0.4378384724065855,0.4736464460174758,0.5076942105958988,0.5206460800263789,0.3928777454312209,1.0278576845927525,0.0289411065466494,1.012032381745128,1.030868891307286,1.0548208828096266,1.0601615417313266,0.9814047253703948,,,0.987987015696315,0.986904764794684,0.9762987059432192,0.9797619088129564,,1.3425973011980816,0.0065510383393806,1.339679689840837,1.3441900203754376,1.3480519910911462,1.349622233192642,1.331442571490346,39.455649130260895,0.2271496080416551,39.616040070233176,39.60480931946276,39.50892720055487,39.540081892495955,39.008387168557725,0.0749718025326728,0.0184179467433931,0.0651360228657722,0.062115378677845,0.0713880881667137,0.064914733171463,0.1113047897815704,0.0700798430059699,0.0206170191972168,0.0602837120353131,0.0540156865180814,0.0680428100206276,0.0577796332534504,0.110277373202377,0.9299201584511694,0.0206170205041893,0.9397162934221648,0.9459843157794224,0.9319571878195736,0.9422203689697652,0.8897226262649209,1.360878020687326,0.0007680451141255,1.3619135636763815,1.360954223439851,1.361168479641124,1.3595429408411108,1.3608108958381624,0.5825551388850472,0.0059528697979386,0.5817120772159518,0.5719844513366195,0.5833333488626239,0.5898184351304162,0.5859273818796247,1.381028829474393,0.0001364789680677,1.381088232251921,1.3809712151145193,1.380789142638329,1.381164162075473,1.3811313952917257,39.46066234455034,0.2775058696262403,39.493223390690545,39.20255145210236,39.77120651066999,39.08853176131787,39.74779860797096,0.0852786123752594,0.0165985262307798,0.0856904685497284,0.1038786470890045,0.0781184062361717,0.1006826162338256,0.0580229237675666,0.0807148953080757,0.016968372307356,0.0795187778854271,0.0970330534372406,0.0755370247018331,0.0991485970283238,0.0523370234875537,0.919285102577061,0.0169683730041776,0.9204812202936016,0.9029669418409176,0.9244629780142224,0.9008513995181726,0.9476629732183908,1.3596369229865908,0.001259514410128,1.3596868301643936,1.3589071485319026,1.3613595837285082,1.3605093612745114,1.3577216912336387,0.5864461901586807,0.0068711295439273,0.5875486549468356,0.5749027406079296,0.5833333490075768,0.5930609744230597,0.5933852318080018,1.3807846459897113,0.0006704012356084,1.3810524536941766,1.380966323822853,1.3810573640036676,1.381374148543243,1.3794729398846162,25.6,8.404760555780278,29,24,18,17,40
-600,34.269549409726025,2.9963876883753997,36.627600501419664,36.345415699946415,34.39035926917931,35.50179438157515,28.482577196509613,0.5264443457126617,0.0874221279862597,0.4493937194347381,0.4572319984436035,0.5369753241539001,0.4990121126174927,0.6896085739135742,0.5357980282530624,0.0855331002774662,0.4594673550941727,0.466608179467065,0.5482306082914402,0.5102681696221426,0.6944158287904915,0.4642019712591025,0.0855330999579936,0.5405326449638838,0.5333918199910745,0.4517693901216829,0.4897318293908974,0.3055841718279743,1.0278560757038235,0.0520174998552578,1.0733496254914767,1.0720367161484508,1.016989962079308,1.0445059422548717,0.932398132545011,,,0.9727272782232854,0.9734848541098756,0.989502166695409,0.985173163166294,,1.342072690681532,0.0120558223138391,1.351586500700418,1.3512264988639138,1.341155494497968,1.347233673659238,1.319161285686122,39.361862966337085,0.1856600344560263,39.44137569531392,39.47805263652876,39.44822365578974,39.450274189158634,38.9913886548944,0.089928351342678,0.0186992722582511,0.08124840259552,0.0763697475194931,0.0845051929354667,0.0805520862340927,0.1269663274288177,0.0831399057691025,0.0203114161234785,0.0741083939679344,0.0662352028610873,0.0803292356612675,0.0722711278009681,0.1227555685542552,0.9168600958145084,0.0203114173071016,0.9258916069561406,0.9337648002554008,0.9196707694446994,0.9277288721229316,0.877244430293369,1.354730237411618,0.0009223625621973,1.3549231003230648,1.3543464288637332,1.3547660669000232,1.353383726646928,1.3562318643243396,0.5988975518002585,0.0065688493444852,0.602788601983846,0.5959792647960122,0.5998703128864793,0.6076524163440508,0.5881971629909041,1.3807822227478028,0.0002266258587346,1.380966492200176,1.3807183587597502,1.3803646383582386,1.3809414935019229,1.3809201309189258,39.45518243396329,0.3718863585495308,39.383976108833046,39.185434475019285,39.68801650555681,38.983121678986905,40.03536340142038,0.0949673444032669,0.0157541893337726,0.0960573330521583,0.1066814288496971,0.0928239524364471,0.1124530658125877,0.0668209418654441,0.0890731317204956,0.0164268894122008,0.0874692215819767,0.0999704955711033,0.0884399843811698,0.1091354679867103,0.0603504890815177,0.9109268678301504,0.0164268899597929,0.9125307774033528,0.900029504113624,0.9115600134843982,0.8908645318176032,0.9396495123317732,1.3538184325982623,0.0010580066896874,1.3532455408155686,1.352159000556293,1.3552636337187502,1.3539705568714364,1.3544534310292642,0.6053177866316491,0.00462855177647,0.5966277728690711,0.6047341294789592,0.6073281623510072,0.6095979416648701,0.6083009267943379,1.3805608320328977,0.0006612178924895,1.3809499058742003,1.3807874356726264,1.3807368065132706,1.381070266901751,1.3792597452026396,30.8,21.507208094032105,15,17,27,22,73
-500,33.40408035531554,2.777819546494352,34.25964765920268,33.45903036934989,35.64624814367914,35.55931683577501,28.09615876857099,0.5514038860797882,0.0767162034143646,0.5390682816505432,0.563518762588501,0.4766459465026855,0.4870887696743011,0.6906976699829102,0.561911881764785,0.0735329771164562,0.5485154920197153,0.5726962864011913,0.4916282704124203,0.500525491287956,0.6961938687026423,0.4380881186954549,0.0735329763979214,0.4514845092188228,0.4273037146438251,0.5083717280781114,0.4994745089249177,0.3038061326115975,1.01131712351145,0.0448896971613298,1.0209476228658254,1.0050862189237173,1.0540440962686166,1.0476441990245473,0.9288634804745438,,,0.9914502182564178,0.9931818198073994,0.9821428610906972,0.9825757611881604,,1.339291204322348,0.0109529921880513,1.342153564830879,1.3393382764481878,1.3486839246440243,1.3477645968461966,1.3185156588424505,39.27262855707903,0.215122705351173,39.3792283247417,39.44420033020732,39.32389447846765,39.36645942717675,38.84936022480174,0.102229619026184,0.018606846145249,0.0934468954801559,0.0898250788450241,0.0973909795284271,0.0913890749216079,0.1390960663557052,0.0942310487862372,0.0204156055786603,0.0866831690507872,0.0794276955595479,0.0896031985653687,0.0810511083983551,0.1343900723571269,0.9057689512518128,0.0204156054277309,0.913316832442228,0.9205723031485592,0.9103968001989076,0.9189488924894816,0.8656099279798887,1.346564159690174,0.0009173402676069,1.3464830014492288,1.3466480297801096,1.3481785624871458,1.346129847407805,1.3453813573265818,0.6280804327083932,0.0058509702125099,0.6225681096199421,0.6241893821653225,0.6232166190265681,0.6348897721980796,0.635538280532054,1.380525041925304,0.000214236931192,1.380629991279038,1.3804798594708572,1.3801263236813972,1.3806968890275473,1.3806921461676809,39.30671823553538,0.4015038621624177,39.24250354841062,38.908750986774606,39.604840660837375,38.86856025666114,39.90893572499317,0.1112150400876998,0.0192346373978821,0.1135846525430679,0.1351213306188583,0.1011708825826644,0.1259038895368576,0.080294445157051,0.1040059570839143,0.01952206354659,0.1044343531617336,0.1273892191184344,0.0936701907576985,0.121361230815315,0.0731747915663897,0.8959940444170733,0.0195220634254529,0.895565650574428,0.8726107837625051,0.9063298094597309,0.8786387684744156,0.9268252098142868,1.3444194555746445,0.002467915009164,1.3421244407906143,1.3412278969464135,1.346905342103906,1.344450413021132,1.347389185011155,0.6383268661188244,0.0032073315994696,0.6413748564655215,0.6391050773545925,0.6361867880542919,0.6416991087191299,0.6332685000005863,1.3801796634837349,0.0006475636475258,1.3804245366196688,1.380128318697562,1.380615868920946,1.380771862393687,1.3789577307868095,35.4,20.49975609611002,28,34,19,21,75
-400,32.077780553434884,2.80476568659464,33.97507424540334,32.16438217163086,33.824172480694656,33.798646094582296,26.62662777486324,0.5847387075424194,0.0664399210319021,0.5398262143135071,0.5936681032180786,0.5359983444213867,0.5434051752090454,0.7107957005500793,0.5948414678517344,0.0638271954797385,0.5508786143807621,0.6026634841770321,0.5485711117843529,0.5559256261432326,0.7161685027732924,0.4051585321053143,0.0638271947353126,0.4491213849612644,0.3973365156681506,0.4514288880995342,0.4440743731213854,0.2838314986762369,0.989153293606398,0.0388121498514654,1.0173140802166678,0.984600064197144,1.0175687864229277,1.0108780963854356,0.9154054408098165,,,0.9919913436685288,0.9969696976921776,0.9898268420974928,0.9903679673547868,,1.3349623794927306,0.0104155820609238,1.3420848177624989,1.335194004975356,1.3418682171152785,1.3409144008314455,1.3147504567790742,39.167488782415134,0.2225151238413625,39.25077381950408,39.341079867767455,39.235691122507774,39.28154047361144,38.72835862868491,0.1160474047064781,0.0183325501570414,0.1081594973802566,0.1049152836203575,0.1097847148776054,0.1048618927597999,0.152515634894371,0.1075180725372081,0.0200504254477319,0.1002584303011719,0.0940501148566052,0.1020425622177524,0.0941363611704296,0.1471028941400813,0.8924819276490563,0.0200504256821508,0.8997415686859694,0.905949884583514,0.8979574379290124,0.9058636413010178,0.8528971057457683,1.3372650733717684,0.0011866085666047,1.3376359076815356,1.3377173536018638,1.3385890879983569,1.3373404272799363,1.3350425902971497,0.6538262171678042,0.0084096322749242,0.6459144137596806,0.6475356849135128,0.6540207703405782,0.6520752437731635,0.6695849730520861,1.3802634553686657,0.0001580185833836,1.3802899706688372,1.3801845210071668,1.380027432849899,1.380306163186693,1.380509189130731,39.16568322831091,0.4521307106331475,39.12866320034873,38.71057305540092,39.42329969294804,38.68304404024948,39.88283615260737,0.1269098624587059,0.020493087858014,0.1251916885375976,0.152810737490654,0.1215637251734733,0.1421901285648346,0.0927930325269699,0.1188099316270579,0.0204436083434747,0.1148195487124562,0.1443394434906484,0.1138371375030638,0.1356273226998021,0.0854262057293192,0.8811900675296783,0.0204436101765716,0.8851804525703771,0.8556605526445441,0.88616286200772,0.8643726748251266,0.914573795600624,1.334875714222281,0.0033207517801605,1.3325915823650731,1.3301604865589958,1.3377316241598314,1.3346079921907952,1.3392868858367089,0.6699092277061152,0.006651559632747,0.669260721610214,0.680285362534022,0.6686122105511246,0.6718547511773351,0.6595330926578796,1.3798699495857325,0.0005599529513818,1.380029877799958,1.3797620122070906,1.3803432140832743,1.3803717115973684,1.3788429322409723,43.6,22.23150917054441,29,42,29,31,87
-300,31.918023612817752,3.25971556773859,34.341288725122226,33.68444165316495,32.73748948728883,33.34530426619889,25.48159393231383,0.5815985798835754,0.0734680390831411,0.5222907066345215,0.5410712361335754,0.5659807324409485,0.5529559850692749,0.7256942391395569,0.5927096223726359,0.0704384861764557,0.5350418773177382,0.5529586323669978,0.5781322713409152,0.5667987805682343,0.7306165502692938,0.4072903783394131,0.0704384863435821,0.464958123456348,0.4470413687941316,0.421867729046128,0.4332012202445562,0.2693834501559013,0.991680154699372,0.0427290415182647,1.02593239383264,1.0154296422933604,1.0010881762225907,1.0081303049991657,0.907820256149104,,,0.9908008679941104,0.9924242441530352,0.9931818197299908,0.993939395384355,,1.3358032846211052,0.0113447290433864,1.3439133574436235,1.3424896853310722,1.338708763772791,1.340515342161253,1.313389274396785,39.00740358226494,0.2552386584364459,39.09611760595893,39.15710418790231,39.1302151438791,39.1547604200905,38.49882055349387,0.1304088950157165,0.0198582747059234,0.123528242111206,0.1183940544724464,0.1219675466418266,0.1182398647069931,0.1699147671461105,0.1212371778605571,0.021111524027606,0.1152683622004457,0.1074604792973381,0.1137717708180647,0.1067614292088127,0.1629238477781241,0.878762824039051,0.021111522055214,0.8847316378285449,0.8925395195122359,0.8862282320683105,0.8932385727589233,0.8370761580272408,1.3281861949987448,0.0019237961941401,1.328194807475643,1.328776715794426,1.3304538369642622,1.3288628748882605,1.324642739871133,0.6896887343855219,0.01392859668244,0.6913100072555969,0.6870946996348841,0.6767185651896529,0.6780155822924603,0.7153048175550156,1.379989730523254,0.0001790814314249,1.380056877544418,1.3799745600511129,1.379724763710675,1.3799191351530615,1.380273316157003,39.024844352929975,0.4726858864069538,38.981537889413794,38.58361971517481,39.27997133425701,38.49565115605811,39.78344166974613,0.1409004807472229,0.0199703275362354,0.1388821750879287,0.1637842953205108,0.1359031349420547,0.1586125940084457,0.1073202043771743,0.1325838372513564,0.0199449175164506,0.1282954647709481,0.1559639221151515,0.1277189982949904,0.1509567845996889,0.0999840164760033,0.8674161636875761,0.0199449161854799,0.871704535841478,0.8440360793343777,0.8722810033230466,0.8490432181942787,0.9000159817446994,1.3259865604485983,0.0028900715367836,1.3241214729004798,1.3217617996935715,1.329383197693509,1.3257096551271728,1.328956676828258,0.7014267377352436,0.0061639007960505,0.698767853618132,0.7094682414476046,0.6984435980885874,0.7075227171994369,0.6929312783224574,1.37957394410664,0.0005573917113222,1.3797857858791425,1.3793843724848232,1.3799591375232207,1.3801580022745097,1.3785824223715044,44.2,26.07220742476555,26,31,35,33,96
-200,29.063416732503946,3.007804985781596,31.09531612643948,25.964669819621296,30.674241440017504,32.58358417114654,24.999272105294907,0.6489067435264587,0.0623360534213054,0.6110530495643616,0.7145913243293762,0.6184383034706116,0.5703827142715454,0.7300683259963989,0.6572021937879531,0.0592501046691753,0.6201091251977078,0.7191557994910649,0.6284360897618455,0.5833143085628361,0.7349956459263111,0.3427978060846038,0.0592501046487385,0.3798908746281227,0.2808442011669084,0.3715639111283537,0.4166856905082604,0.2650043529913737,0.9514614158556643,0.0352128613895177,0.974172514831865,0.914271535656669,0.9696324676662296,0.994134059045222,0.9050965020783373,,,0.998160173598822,0.9988095240933554,0.9967532475273332,0.9949134211261552,,1.326409820179569,0.0094909224653179,1.332652348666996,1.317476575560384,1.3314751714855046,1.3375338549737807,1.3129111502111808,38.86114553755823,0.3498211280373168,38.94708191838246,39.21617137597229,38.986041733263065,38.96728494102389,38.18914771914946,0.1482296884059906,0.0201697306225399,0.140682965517044,0.1375303119421005,0.1382202953100204,0.1362491399049759,0.188465729355812,0.1406254766008849,0.0203917697399315,0.1331509327269539,0.1323252133372808,0.1313848417353769,0.1252398051299763,0.1810265900748365,0.8593745244848126,0.0203917715323911,0.8668490686537227,0.8676747868729009,0.8686151584530619,0.874760200541307,0.8189734079030702,1.316807326361363,0.0020617078031014,1.316918939467998,1.3151252084205125,1.3194222543026224,1.31863330124881,1.3139369283668725,0.7321660373461386,0.0155655537094943,0.7311932758540495,0.7525940532524298,0.7120622749864359,0.7185473599496519,0.7464332226881257,1.3796308643623083,0.000125067035061,1.3796527594443888,1.3796518502996125,1.37942543150386,1.3796075582504272,1.3798167223132538,38.73852222605902,0.4779798932055821,38.78907306834417,38.13308451611708,39.03870987057222,38.29549248394799,39.43625119131363,0.1630319356918335,0.0220052625171715,0.1565327942371368,0.1971904188394546,0.156602457165718,0.1741589605808258,0.1306750476360321,0.1556307386422116,0.0221930542916102,0.1466948822564681,0.190107674798149,0.1506737975171742,0.1672215963485523,0.1234557422907146,0.8443692614828102,0.022193053853831,0.8533051156580216,0.8098923274051355,0.8493262014500362,0.8327784036152094,0.8765442592856485,1.3141881661192454,0.0040578775267092,1.3123592973219282,1.3070217635381085,1.317592853006222,1.3174365327515956,1.3165303839783724,0.744293144959884,0.0110543585358992,0.7431906808443106,0.7658884759543007,0.7376783592227832,0.7386511215208106,0.7360570872572145,1.3792866442454002,0.0006091899302928,1.3793487585936075,1.3793018026574575,1.379730439371636,1.3798975355430336,1.3781546850612656,64.0,25.337718918639855,46,90,48,37,99
-100,28.353675374068935,2.631414078003858,30.232452194412033,32.02274913540134,26.152846955633784,28.575536450472747,24.784792134424748,0.661864697933197,0.0532938064740561,0.6272571086883545,0.5818743109703064,0.7062966227531433,0.6640146970748901,0.7298807501792908,0.6692575723037735,0.0512718207147009,0.6355058065482548,0.5924648254722744,0.7115047455221027,0.6718578393970217,0.7349546445792132,0.3307424284854683,0.051271819429055,0.3644941938387883,0.4075351728247358,0.2884952574774816,0.3281421616092905,0.2650453566770455,0.9424706127735674,0.0315450262890873,0.965935977558037,0.9881051484640544,0.9187228839892846,0.9391587318538072,0.9004303220026534,,,0.9975108231042886,0.995887446713138,0.9993506495054666,0.9977272732691332,,1.3243481713964822,0.0088691445039285,1.3310135342858054,1.336756153694995,1.3181931275825995,1.3239552268734227,1.311822814545588,38.66046136195557,0.3627579176549928,38.77901315503547,38.76409515796468,38.94425289732937,38.86824822333072,37.94669737611763,0.1634762287139892,0.0194627489947288,0.1548444628715515,0.1537214964628219,0.1544308364391327,0.1520301252603531,0.202354222536087,0.1563726155775878,0.0195133645397094,0.1485051081193328,0.1452596221691729,0.1503232525052785,0.1427282390297039,0.1950468560644508,0.8436273824611991,0.0195133653442155,0.8514948882713392,0.8547403757906146,0.849676747382383,0.8572717604702085,0.8049531403914499,1.3071639779012956,0.0012464517082675,1.307277277285951,1.3081180729290856,1.3083784422521925,1.307199210044475,1.3048468869947738,0.7649805635039909,0.0041998114697325,0.7652399674173923,0.7607004088186569,0.7607004071951841,0.7662127298603726,0.7720493042283485,1.379227939004564,9.964660571370057e-05,1.379230746035446,1.379148587178627,1.379169583784467,1.3791712151427211,1.3794195628815589,38.51698401484508,0.4397998153204558,38.58890559422831,38.09372387600316,38.82773558917213,37.95186853223274,39.12268648258907,0.1791076183319092,0.0178898899509583,0.1716655641794204,0.1988868713378906,0.1778290569782257,0.196932703256607,0.150223895907402,0.1721796761176291,0.0182081779823209,0.1628089697690905,0.192189736828092,0.1744216209574664,0.1889929058581068,0.1424851471753899,0.8278203231815233,0.0182081778963823,0.8371910298612795,0.8078102624833816,0.8255783772886032,0.8110070941745076,0.8575148520998453,1.304679355639892,0.0013204068507744,1.3030715740144485,1.3030789181416136,1.3056531295702152,1.3060479753212242,1.3055451811519578,0.7736057253663178,0.0050873822251003,0.7739948310276877,0.7694552719361123,0.7817769306874924,0.7671854908828142,0.7756161022974823,1.378830929628142,0.0006038516593985,1.378971636063394,1.3786223918083578,1.3793793977002689,1.37941023765371,1.37777098491498,67.6,21.29413064672986,51,40,83,65,99
0,26.673366612868712,1.315378114836845,28.88867627676431,26.629037790174607,26.559675590713304,26.54260522173597,24.746838184955365,0.6929062008857727,0.0242785898509882,0.6506048440933228,0.695276141166687,0.6947489380836487,0.6973996162414551,0.72650146484375,0.6985371318501629,0.0235592801917289,0.6575547164523756,0.7002691751176661,0.7003954969056241,0.7032670075630213,0.7311992632121272,0.3014628682738817,0.0235592804934778,0.3424452839346675,0.2997308239534303,0.2996045041587445,0.2967329932691215,0.2688007360534445,0.9257088920364364,0.0151645414004411,0.9491285806352442,0.9260054913434116,0.925328273277778,0.9268634050697476,0.9012187098560012,,,0.9976190481867108,0.9989177491757776,0.9984848488460888,0.998160173598822,,1.3201587574353493,0.0046035275030181,1.326715342410199,1.3207653271687496,1.3198076664627372,1.3211844421052314,1.3123210090298287,38.4999493743659,0.4160874591831655,38.64200241741967,38.66647691392713,38.76599940437287,38.75200897988642,37.6732591562234,0.1767547577619552,0.0201584726951191,0.167030781507492,0.1696544140577316,0.1646490395069122,0.1655115336179733,0.216928020119667,0.1701410427588085,0.0199295046760541,0.1606751067948016,0.1642681338900432,0.1591622948371134,0.1568897082126094,0.2097099700594748,0.8298589589530856,0.0199295043354945,0.8393248922630043,0.8357318703534539,0.8408377065037012,0.8431102934978352,0.7902900321474335,1.2988879924618315,0.0016329104529871,1.299146520488457,1.2966419718144933,1.301685580019821,1.2986644858979994,1.2983014040883878,0.789364480183746,0.0089967546415532,0.7931258292861486,0.8041504726451658,0.7778858804517219,0.7885862699046673,0.7830739486310269,1.3788445668461722,0.0001143341501073,1.3788595672711323,1.3787921356319917,1.3787648181507095,1.3787463731802856,1.3790599399967416,38.2307205170509,0.52064999175101,38.379202928060685,37.56019315459849,38.61168437616371,37.697670680539616,38.90485144589198,0.1963481456041336,0.0225476887613494,0.1868577003479004,0.2283779829740524,0.1897957473993301,0.2134074568748474,0.1633018404245376,0.1895712200461629,0.0228744465690507,0.1794105021080096,0.2215206131143386,0.1855734522519669,0.2063463456812767,0.1550051870752227,0.8104287794591851,0.0228744447847365,0.8205895001786229,0.7784793901072402,0.814426546662698,0.7936536520139716,0.8449948083333932,1.2965894211127136,0.0034334609299874,1.295647393172817,1.2903994725372077,1.3001598748251622,1.2989402823874925,1.297800082640889,0.7969520288218784,0.0119673966617322,0.7937743377360852,0.8187419121599383,0.7973411336019345,0.7824254410508078,0.7924773195606262,1.3785385303460207,0.0006029513913784,1.3786253043185877,1.3784073619063262,1.379171872881136,1.3790245895719713,1.377463523052082,79.6,12.076423311560422,60,81,78,81,98
100,26.808801747352497,1.845502826370881,29.176875201138586,26.516349941105037,25.048524950696276,28.674469120471507,24.627789523351055,0.6852868676185608,0.0337013970282594,0.6403254270553589,0.6934466361999512,0.716016948223114,0.6520732641220093,0.7245720624923706,0.6911483685842839,0.0324326038872067,0.6475469034987611,0.6986908014331545,0.7208034968995428,0.6596987600063349,0.7290018810836257,0.3088516304946539,0.0324326031947138,0.3524530941015714,0.3013091998247357,0.2791965017264539,0.3403012382906752,0.2709981185298331,0.9305550123758416,0.0194240279151858,0.957328242527974,0.9258990239013324,0.9173087877886636,0.9477200858004682,0.9045189218607704,,,0.9983766237636664,0.9993506495054666,0.9985930739285108,0.9987012990109332,,1.3216454066691998,0.0060328720946626,1.3296138388769967,1.3211206666834945,1.3174546532816702,1.326923763287532,1.3131141112163065,38.3123803624847,0.3936724969947575,38.45166573728569,38.473789749442375,38.64700747835033,38.45059469052326,37.53884415682188,0.1881641089916229,0.0181337872830652,0.1790276169776916,0.1817606985569,0.1765424162149429,0.1792088001966476,0.2242810130119323,0.1806204171351189,0.0186537913316986,0.171825350624607,0.1756776467233838,0.1701753118550151,0.1678469741013959,0.217576802371193,0.8193795820850343,0.0186537925250894,0.8281746462625288,0.8243223545848164,0.8298246913846828,0.8321530239127489,0.7824231942803943,1.2947987827345555,0.0017583248538262,1.294550811734181,1.2921338526655264,1.2976274573849331,1.2952218436081586,1.2944599482799783,0.7950065034836646,0.0107492105178617,0.7940985930337052,0.8125810815666437,0.7837224559793212,0.7843709656468625,0.8002594211917907,1.378558759095604,0.0001332196803095,1.3785104779417876,1.3784954209272036,1.3785802306832042,1.3784065130619687,1.378801152863855,38.0748490136885,0.4894499751539742,38.21409024338778,37.41134228687806,38.47331781053357,37.6031974094851,38.67229731815798,0.2057918816804886,0.020161046110768,0.1968573629856109,0.2364337742328643,0.2005946189165115,0.2181558012962341,0.1769178509712219,0.1989800753700637,0.0207601594532968,0.1899939804982959,0.2299071120909969,0.1971418117227373,0.2102858375772427,0.1675716349610457,0.8010199235339108,0.020760158728189,0.8100060150317181,0.7700928876372163,0.8028581874147928,0.7897141634954089,0.8324283640904185,1.292035357265621,0.0038163439265261,1.291690328473711,1.2848725374570618,1.2937874840391286,1.2958521689886249,1.2939742673695782,0.806614804453423,0.015980963344146,0.7999351691411163,0.8326848431088117,0.8164721314545271,0.7882620156507084,0.7957198629119517,1.378270354530691,0.0006342392878692,1.3783113673503298,1.3781146284207295,1.3789639616754732,1.3787984388811578,1.3771633763257631,77.8,15.967466924969658,57,81,91,62,98
200,25.84346420387169,1.2351602487449826,27.935728774132667,25.556218982052492,24.99018135566216,26.364348317431165,24.370843590079964,0.7003617405891418,0.0221096647721134,0.6616867184638977,0.7067784070968628,0.7137728929519653,0.6932054162025452,0.7263652682304382,0.7057097970278232,0.0213789797630518,0.66828474835916,0.7114956052272351,0.7187916557510178,0.6990531372946578,0.7309238385070455,0.294290203297293,0.0213789795605021,0.3317152514473184,0.288504395759725,0.2812083435329524,0.3009468633633155,0.2690761623831538,0.9207166897786128,0.013475279199126,0.9440152992675832,0.9163827310134838,0.9137758024327168,0.9253313311508724,0.904078285028408,0.9987662340449048,0.0005751224069081,0.9983766237636664,0.9993506495054666,0.9987012990109332,0.997943723356569,0.9994588745878888,1.3191544493142662,0.0038839881464835,1.3256716042369991,1.3185572404366035,1.31681585575079,1.3205820637863952,1.3141454823605423,38.19084300030066,0.43653442742654,38.35804335152593,38.33779178426423,38.539927360148745,38.389066985609006,37.32938551995541,0.1973190397024154,0.0189009261270905,0.1875669211149215,0.1924148797988891,0.1833870708942413,0.1885444968938827,0.2346818298101425,0.189639484661845,0.0196074791391931,0.1797047446568855,0.1856692738483156,0.1763310045192329,0.1781423806914052,0.2283500195933861,0.8103605159989591,0.0196074789758288,0.8202952553557978,0.814330726630029,0.8236689985030357,0.8218576179868052,0.7716499815191277,1.2894386698763658,0.0023953306296435,1.2903071479574717,1.2878922061697518,1.293096735319739,1.2899133639576834,1.2859838959771834,0.8066148046157704,0.0095279990331323,0.8060959992705616,0.8070687600610785,0.7905317953124584,0.809014285932719,0.8203631825020341,1.3780830269193836,0.0001741834028594,1.3779930024759317,1.3779323782902284,1.378007546009257,1.3780605134333157,1.3784216943881855,37.91175548390192,0.5168919142028332,38.13254524112211,37.27000129640334,38.312917212104054,37.324093911434424,38.51921975844565,0.2153363108634948,0.0204490104182441,0.2031942903995514,0.244004413485527,0.2092784196138382,0.2327961772680282,0.1874082535505294,0.2086497808299263,0.0213263414366824,0.1962944393404958,0.2374376751670925,0.2057485237540061,0.2263044277459731,0.1774638381420638,0.7913502191291244,0.021326341492369,0.8037055620655476,0.7625623253764809,0.7942514747729097,0.7736955716452246,0.8225361617854597,1.287287645302858,0.0033265991305403,1.288116792296621,1.2807400637099715,1.2890833658003158,1.2885953417547946,1.2899026629525865,0.8171206409597211,0.0140951770415979,0.7989624067271266,0.8385214177087124,0.8261997587254075,0.81582362248276,0.8060959991545993,1.3777544030419582,0.0006852770630939,1.3781645845346413,1.3779458684216213,1.3787150021193093,1.3769786942329851,1.3769678659012343,85.4,11.42978564978364,66,89,91,81,100
300,26.389864260190496,1.278777923395986,27.298786121219784,28.220772708546033,26.459005846296037,25.140391339884175,24.830365285006437,0.6880964517593384,0.0238993988529847,0.6703220009803772,0.655020534992218,0.6855291724205017,0.7122907638549805,0.7173197865486145,0.6942314897419569,0.0229939343327227,0.676550053079407,0.6626152661713687,0.6922314839703696,0.7174656806054054,0.7222949648832346,0.3057685105676775,0.0229939339973,0.3234499470947625,0.3373847335189968,0.3077685164360257,0.282534320052568,0.2777050357360344,0.9286148439908956,0.0124140713578133,0.9371936832929586,0.9475356308670788,0.9267404862812588,0.9176880477310776,0.9139163717821048,0.9985064938625732,0.00038961029672,0.9978354983515554,0.9987012990109332,0.9984848488460888,0.9984848488460888,0.9990259742582,1.3214810120594964,0.003418694797248,1.3235954337305835,1.3269739725373009,1.320603169404067,1.318552142613894,1.3176803420116374,38.0625113535484,0.4194455804138715,38.26440737683485,38.138567787200095,38.37456677952629,38.29745700851025,37.237557815670506,0.2037045866250992,0.0179491598247721,0.1942934244871139,0.1997051835060119,0.1891537606716156,0.1964291036128997,0.2389414608478546,0.1955872472701775,0.01871347216157,0.1860608676926809,0.1906934807743833,0.1817775555788485,0.1868209523667041,0.2325833799382708,0.804412753340799,0.0187134725067599,0.8139391331589175,0.8093065215919732,0.8182224441131265,0.8131790481188882,0.7674166197210898,1.2870589792496498,0.0021297219271312,1.2874689751561978,1.2852858402385785,1.2905439838825032,1.2875744452272408,1.2844216517437292,0.8118677223238964,0.0100746565462375,0.8093385403026403,0.8116083199643903,0.7953956081941433,0.8167963871000342,0.8261997560582736,1.377913964490482,0.000245506246666,1.37786553945059,1.3776736375422791,1.3777936228518357,1.3778510195735827,1.3783860030341242,37.85384919430031,0.4857310047075628,38.05724535099727,37.28895762551156,38.30080853176488,37.25624072598112,38.36599373724674,0.2184348911046982,0.0187373610061404,0.208547294139862,0.2435298562049865,0.2084346115589141,0.2372131049633026,0.1944495886564254,0.2118010869452635,0.0196286671667522,0.2021830946946306,0.2373039338824698,0.204037963148163,0.2310883964770672,0.184392046523987,0.7881989127003266,0.019628666093308,0.7978169055300464,0.7626960675308213,0.7959620361198247,0.7689116033598606,0.8156079509610796,1.2859331569319106,0.0029707460005862,1.2856894937934578,1.2802723715741346,1.2883586811648269,1.2874626528892072,1.287882585237926,0.8196498234448265,0.0080775098848538,0.8119325742183492,0.8333333513848049,0.8206874369879177,0.8213359435244757,0.8109598111085855,1.3776141129115211,0.0006736264146073,1.377996145519301,1.3776692996229178,1.3786306715197136,1.3770091700646665,1.376765277831007,80.0,11.696153213770756,71,65,77,92,95
400,26.24746297613367,1.5986299463057996,27.31206676185905,24.996909693928508,24.93478257067792,28.89871748391684,25.094838370286023,0.6895035862922668,0.0301211218543176,0.6695335507392883,0.7136620283126831,0.7119702100753784,0.6394746899604797,0.7128774523735046,0.6957059091252166,0.0287135305236878,0.6761308406854605,0.7185771255524127,0.7173615923175564,0.6483316212505489,0.7181283658201044,0.3042940909908963,0.0287135304042681,0.3238691596435262,0.2814228740798962,0.2826384087274601,0.3516683784785209,0.2818716340250783,0.9254802003928594,0.0162822663176698,0.939492256920059,0.9128315403089896,0.9125079877964862,0.9504362930725148,0.9121329238662472,0.9986147189295136,0.0007321008784574,0.9977272732691332,0.9993506495054666,0.9990259741807912,0.9977272732691332,0.9992424244230445,1.3206389463412298,0.0047895959046436,1.3243644014581455,1.3172785805417346,1.3162684615556297,1.3282276684587653,1.3170556196918737,38.05264542279076,0.377557014800294,38.22800931670786,38.18764284334294,38.386083959141594,38.14628690133299,37.315204093428434,0.2048690855503082,0.0153193103091501,0.1964713633060455,0.2019503265619278,0.1920420378446579,0.1990749984979629,0.2348067015409469,0.1968052837367129,0.0166445767270907,0.1887720568351998,0.1943140831207023,0.1847520509466587,0.1867128713636257,0.2294753564173783,0.8031947170945921,0.0166445768100203,0.8112279452702414,0.8056859153717872,0.8152479486474731,0.8132871316332762,0.7705246445501824,1.2862090399293122,0.0018802807874897,1.2866052593238624,1.282999675561482,1.2886975437750612,1.2870695447179594,1.2856731762681954,0.8153048172303212,0.0068650054678875,0.8119325745662362,0.8203631837776199,0.8067445054592326,0.811608320196315,0.8258755021522017,1.377852324660186,0.0002860084499171,1.3777359060740193,1.3776144925722351,1.3777248993921836,1.3777717254505084,1.3784145998119843,37.83649728084816,0.4676096647127884,38.000728636864096,37.17222769622209,38.297201928461575,37.402266706474094,38.31006143621897,0.2193655848503112,0.0181324811634525,0.2115114033222198,0.2492927759885788,0.2108162194490432,0.2287603914737701,0.1964471340179443,0.2127807015295825,0.0194566563045927,0.2045978344542043,0.2439130259612539,0.207156091457385,0.2224882946201103,0.185748261154959,0.7872192988135935,0.0194566563197347,0.7954021630815958,0.7560869738285644,0.7928439130578987,0.7775117055683285,0.8142517385315803,1.285258392972241,0.004089797226257,1.2847400103561608,1.2777498830617169,1.2870998169197647,1.289845267854312,1.286856986669251,0.8233463213833389,0.0118081969710944,0.8219844543516404,0.8404669434643905,0.8317120801150103,0.8067445053432702,0.8158236236423834,1.3775939812456124,0.0007010867786322,1.3779851736261688,1.3776510578185204,1.3786455476330413,1.3770321848791398,1.3766559422711917,81.4,13.95134402127623,71,94,91,59,92
500,26.34567690168108,1.910090747915188,28.196584694106857,24.930043185840955,25.074933408761954,29.09242011726677,24.43440310242888,0.6886949062347412,0.0357511411573795,0.6538055539131165,0.7157968878746033,0.7113066911697388,0.6375919580459595,0.7249734401702881,0.6950245506345452,0.0340196648547482,0.660893222728333,0.7204295984336309,0.7168679909272627,0.6471552082857528,0.7297767327977466,0.3049754495164016,0.0340196652151881,0.3391067781425141,0.2795704013921998,0.2831320092275545,0.3528447920432338,0.270223266776506,0.926743623800092,0.0198660771010478,0.9464317098453447,0.9114072582164368,0.9149758300997994,0.954787849683266,0.9061154711556124,0.9988528141263244,0.0004722385070907,0.9985930739285108,0.9993506495054666,0.9991341993406222,0.9980519485163998,0.9991341993406222,1.320680422287483,0.0055743129096112,1.3257346466764228,1.3164602493310904,1.3169794100445589,1.3289769397153484,1.3152508656699935,38.03305508802838,0.3568552081007478,38.181994597735574,38.14656065410213,38.35835476886437,38.14112790178232,37.33723751765745,0.2053884387016296,0.0149659714569692,0.197092518210411,0.2035479396581649,0.192520871758461,0.1993187814950943,0.2344620823860168,0.1972364498251607,0.01654540069709,0.1887746796751184,0.1963767873536404,0.1849377819586994,0.186698909530032,0.2293940906083131,0.8027635501516469,0.0165454006374478,0.8112253170996788,0.8036232136102965,0.8150622217339765,0.8133010887450282,0.7706059095692542,1.2893689476562382,0.0016393593523679,1.2902335744887474,1.2864376649782352,1.291345805509545,1.2897183946134516,1.2891092986912116,0.81095981152605,0.0052963727295263,0.8093385418101507,0.8200389296396233,0.8093385385632051,0.8038262191449622,0.8122568284723082,1.378061829466764,0.0001936061139703,1.378100653566739,1.3781104486740052,1.3780072908921,1.377745352366555,1.3783454018344212,37.87145323252399,0.4528825706158179,38.03923540078249,37.26723849819792,38.34763515784119,37.401718807591536,38.30143829820685,0.2174763023853302,0.016906758656852,0.2081242203712463,0.2447535693645477,0.2073277533054351,0.2288269251585006,0.198349043726921,0.2107647410271406,0.0183575261952264,0.2006172937040257,0.2394756384353345,0.2037786281874207,0.2228909318991266,0.1870612129097956,0.7892352590069233,0.0183575255536202,0.7993827071403251,0.7605243631374048,0.7962213682757278,0.777109068887243,0.8129387875939158,1.2854369418166491,0.0031959282929585,1.286591350336483,1.2791177686086426,1.2875550836904504,1.2875423609978494,1.2863781454498202,0.822762663934945,0.0143927968264007,0.8142023513289277,0.8498703163653496,0.8252269957316061,0.8116083195005409,0.8129053367483012,1.377194072393128,0.0006400470968126,1.3780399231595288,1.377785213726504,1.377096668755498,1.3767200506614805,1.3763285056626289,81.2,16.84517735139645,64,95,90,58,99
600,26.359225279077304,1.2996134933284929,26.547194178692703,25.321671012779333,27.189950311338748,28.191132203634684,24.546178688941065,0.6923295974731445,0.0238178676696423,0.6877207159996033,0.7119515538215637,0.6765345931053162,0.6597023606300354,0.7257387638092041,0.6984543481740084,0.0226076453744089,0.6935079524269352,0.7166781611256785,0.6837107382037423,0.6677191663872112,0.730655722726475,0.3015456515666727,0.0226076455944139,0.3064920476504734,0.2833218388356172,0.3162892619317228,0.3322808332063935,0.2693442762091562,0.9250290842799398,0.013016561835566,0.9266111340615656,0.9131569535701306,0.9353674306497946,0.9422795205921322,0.9077303825260756,0.9990259742581996,0.0004983057008146,0.9989177491757776,0.9996753247527334,0.998160173598822,0.9991341993406222,0.9992424244230445,1.3201546655072796,0.0037171074921917,1.3203119186611918,1.3166203571604445,1.3223573308486445,1.325792951707716,1.3156907691584006,38.176643123700934,0.340866312808901,38.38432118308219,38.29906770876873,38.42526143441405,38.27040222553891,37.50416306670074,0.197117793560028,0.0148546470329634,0.1885915249586105,0.1948312669992447,0.1840076446533203,0.1922366470098495,0.2259218841791153,0.1890823234651774,0.0166817295255525,0.1806939358438876,0.1875478391669661,0.1757967224351858,0.1797956886342527,0.2215774312455946,0.8109176783942063,0.0166817285086034,0.8193060656002059,0.8124521625181117,0.8242032799275468,0.8202043111918037,0.7784225727333632,1.2951774635203617,0.0016489525713405,1.295554092885919,1.292316590765571,1.2974064772231106,1.2949392183281567,1.2956709383990517,0.792607022908875,0.0085951215216182,0.8041504716594859,0.7992866586618387,0.7798314073670235,0.792477321531986,0.7872892553240408,1.378223585433069,0.0002358479033516,1.3783228012374402,1.3782480032063644,1.3780531224573631,1.3779023792957052,1.3785916209684737,38.03290135572856,0.4252461954918319,38.23471202924558,37.51516926984379,38.44516758603345,37.526038982524945,38.44341891099507,0.2086279690265655,0.015494138604837,0.1996935606002807,0.2321916818618774,0.199083149433136,0.2212719023227691,0.1908995509147644,0.2020075932340805,0.0169560272987474,0.1935234385676653,0.2265260878747423,0.1942754476458008,0.2161615166327543,0.1795514754494398,0.797992407023211,0.0169560276097214,0.8064765627514063,0.7734739121759912,0.8057245542567064,0.7838384821025314,0.8204485238294194,1.2918930197040397,0.0029551732936892,1.2924790073925418,1.2866433733632128,1.2940179761281738,1.2951655100291806,1.2911592316070883,0.8042801750193311,0.0136226910792226,0.8022049486869041,0.8281452856986903,0.8067445059230819,0.7869650001423832,0.7973411346455956,1.3774311211786383,0.0007092354574479,1.3784018652912244,1.3780568810288545,1.3772764651228018,1.3769528636208768,1.3764675308294334,81.6,12.273548794053006,79,92,72,66,99
700,27.783650180767108,1.2133738598502968,29.21844561440604,25.990803091866628,29.070821331073713,27.3184158771069,27.31976498938226,0.6678957462310791,0.0256204508327729,0.6367461085319519,0.7029749155044556,0.6398023366928101,0.6799370646476746,0.6800183057785034,0.6753988414693188,0.0240807723028277,0.6453468016602776,0.7081272891589574,0.6497041805998072,0.6868531678017084,0.6869627681258437,0.3246011587590366,0.0240807723946808,0.35465319804944,0.2918727106281689,0.3502958202516877,0.313146833223956,0.3130372316419304,0.9389430772406714,0.0147941985930415,0.9566699732433666,0.9196336012769056,0.9559308096185908,0.9312554062186896,0.9312255958458046,0.9982251086327936,0.0007701490395672,0.9978354982741467,0.9992424244230445,0.9969696976921776,0.9984848488460888,0.9985930739285108,1.3237888836551024,0.0037519355802382,1.328102265704762,1.318393228425608,1.3280030507545966,1.3221831948726208,1.3222626785179237,38.35096817016601,0.3456744252772314,38.501541286127114,38.50275451571097,38.57652227795078,38.51217115528389,37.66185161575733,0.184830817580223,0.0152459494018137,0.1763063073158264,0.1821384727954864,0.1714289039373397,0.179825097322464,0.2144553065299987,0.1767108842636302,0.0175228271306345,0.1672655922878925,0.1741410764985163,0.1631774936226497,0.1679222613920961,0.2110479975169966,0.8232891158834968,0.0175228258979388,0.8327344070380763,0.825858922552042,0.8368225054750182,0.8320777391877155,0.7889520051646325,1.3032541508804498,0.00194638045439,1.3031875822794576,1.3001108874606715,1.305370819707789,1.3023901194449992,1.3052113455093324,0.7657587738352527,0.0106868207767821,0.7739948323032735,0.7791828972356328,0.7574578668588794,0.7681582545723896,0.750000018206088,1.3784274790537498,0.0002437938338394,1.3784657118385404,1.3784984874354262,1.378228438039698,1.3781209363083895,1.378823821646694,38.20294142548676,0.4071474366256751,38.37576662056177,37.75550656745406,38.67397221517006,37.68187270554123,38.527589018706685,0.1963472515344619,0.0163245355546166,0.1871922016143798,0.2191435098648071,0.1834596246480941,0.2127423584461212,0.1791985630989074,0.1893537217464863,0.0185035755712272,0.17915287714611,0.2133264284370764,0.1782622586297965,0.2093037879293791,0.1667232565900695,0.8106462772950124,0.0185035759409234,0.8208471195707061,0.7866735698416075,0.8217377416818522,0.7906962114781257,0.8332767439027705,1.300749936827426,0.0029124057417969,1.3021626843552645,1.2965195415548778,1.3028136830385555,1.304124820557086,1.2981289546313453,0.7678988524622026,0.011612466166193,0.7571336128368452,0.7840467122916118,0.7736705768896912,0.7522698000711225,0.7723735602217425,1.37765349891863,0.00074738024729,1.3785923083932483,1.3783887940158177,1.3774601902943178,1.3772574245697793,1.3765687773199862,70.6,11.18212859879549,58,87,58,75,75
800,28.90901825644753,1.6351383820684116,29.727596983971537,29.394053796049835,27.346360399815943,31.273221870521446,26.8038582318789,0.6461947798728943,0.0362045029374859,0.6282259225845337,0.6386753916740417,0.679210364818573,0.5921516418457031,0.6927105784416199,0.6548358106226116,0.0341768622533797,0.6370730243720018,0.6471663888398703,0.6865811740423178,0.6045716067026188,0.6987868591562494,0.3451641895283352,0.0341768622312497,0.3629269746410382,0.3528336122632026,0.3134188261512038,0.3954283936263679,0.3012131409598635,0.9517868573015388,0.0215551453726662,0.9624245080854984,0.955903298049778,0.932552576374698,0.9841352826589114,0.9239186213388072,0.9975324680898098,0.0011338353552118,0.9969696976921776,0.998160173598822,0.9983766237636664,0.9955627714658712,0.9985930739285108,1.3265081747630971,0.0058997430714553,1.3293779285697194,1.328424853550923,1.320853644532043,1.33499750719442,1.3188869399683816,38.53852269510351,0.3378420262172822,38.692920469588344,38.6344353716661,38.8746244304375,38.600805178690514,37.88982802513509,0.1714054554700851,0.0163563817456208,0.1628589630126953,0.1667059957981109,0.1570967584848404,0.1670422106981277,0.2033233493566513,0.1623669979100909,0.0190011371841548,0.1522918519553101,0.156615575510965,0.14977228752399,0.153039186040541,0.2001160885196483,0.8376330021290462,0.0190011373484282,0.8477081482512477,0.8433844230286343,0.8502277114975777,0.8469608166338405,0.7998839112339317,1.3128444552421572,0.0025835785096244,1.310632392822073,1.3109241311188338,1.316139092705129,1.3106568017358446,1.3158698578289048,0.734760070589266,0.009182751647885,0.7451362055563278,0.7412451559003689,0.7227626641204848,0.7399481383047215,0.7247081890644267,1.3785628051145529,0.0007608703200813,1.3771395541814515,1.3788166009034628,1.3788385238165055,1.378603989048227,1.3794153576231187,38.471882561115905,0.4146970729323124,38.6120107702708,37.986656671368195,38.968896702569744,37.97985590478326,38.81199275658752,0.1806787878274917,0.0159553994119692,0.1717283576726913,0.203530266880989,0.1691395491361618,0.1958476603031158,0.1631481051445007,0.1729573979274395,0.0175081830960311,0.1622549730719063,0.1962271355299083,0.1643081211307401,0.1909254256288017,0.151071334275841,0.827042603307197,0.0175081824832052,0.8377450292908264,0.8037728659141852,0.8356918794635669,0.809074576610721,0.8489286652566858,1.3112032077655718,0.0029909005949103,1.3121456510825844,1.3056572787028806,1.3139042652534605,1.3135644883961066,1.310744355392827,0.7354734299131869,0.0135216729541272,0.7305447655197247,0.747405985276059,0.7451362041647797,0.7110895129493239,0.7431906816560471,1.377638041741189,0.0007262621187168,1.3789303154333092,1.3769535368982455,1.3779187589767845,1.3773061802415068,1.3770814171561008,62.6,12.86234815265082,55,59,73,45,81
900,30.682726858560137,2.3076079808735535,33.46305278926701,29.76966337476458,30.504513059343612,32.71944991520473,26.95695515422078,0.6053095579147338,0.0578336668077625,0.5312324166297913,0.6345388889312744,0.6131682991981506,0.5543921589851379,0.6932160258293152,0.6162325296928357,0.0543486122390349,0.5461961754343726,0.6429820270120323,0.6243693513142599,0.5687527190168182,0.6988623756866951,0.3837674706013171,0.0543486117896932,0.4538038244108101,0.3570179728137982,0.3756306490921355,0.4312472810025339,0.3011376256873081,0.9741077902100302,0.0324956718905929,1.0157791181818232,0.95835254943216,0.9698574248072388,1.0022771658835472,0.9242726927453822,0.9958874468060284,0.0017597811358537,0.9929653695651464,0.9982683986812444,0.996212122115222,0.9952380962186046,0.9967532474499244,1.3320123665983026,0.0080874723308165,1.3417390450254665,1.3285146742672116,1.3312069183820254,1.3394208197469837,1.3191803755698266,38.66270791287552,0.3214663667253755,38.78004484510608,38.841306768038855,38.91553426809348,38.74647939808174,38.030174285057456,0.1601995676755905,0.0179589643392164,0.1523197144269943,0.1521644592285156,0.14556685090065,0.1554076373577118,0.1955391764640808,0.1500351792422452,0.0211416062218755,0.1398462176283074,0.1412187631057162,0.1367664648009761,0.1401297010785758,0.1922147495976507,0.8499648217329255,0.0211416062818027,0.8601537850116477,0.8587812368507979,0.8632335357860832,0.8598702997549035,0.8077852512611953,1.3197898724663584,0.0021046644325001,1.318979131108592,1.317790173834864,1.3217007227908777,1.3176477581610475,1.3228315764364105,0.7035668148372889,0.0068796938961993,0.7104410039775566,0.7104410057169918,0.6948768021067757,0.7062256993718649,0.6958495630132548,1.3775789079499152,0.0002643920747115,1.377450383590817,1.3774758869571908,1.3774193010441524,1.3774425129946104,1.3781064551628053,38.62362181815656,0.4072601760365021,38.73903958064573,38.13707134974142,39.08669776768072,38.15304124587241,39.00225914684251,0.1689728409051895,0.0172733146538112,0.1596524715423584,0.1929904669523239,0.1547727584838867,0.1864210814237594,0.151027426123619,0.1602596787543757,0.019200129042483,0.1481575202396146,0.1843448028345284,0.1486313979608887,0.182233967445066,0.1379307052917807,0.8397403218866787,0.0192001288925982,0.8518424787873888,0.8156551973829009,0.8513686033074493,0.8177660341856544,0.8620692957699995,1.3192898625529694,0.0035477010285642,1.3181112526919592,1.3135031865264657,1.323974496427677,1.3217548943679156,1.3191054827508295,0.7012321848117888,0.0088292458851248,0.6939040394608612,0.7094682417954916,0.7023346498898495,0.688715972847048,0.7117380200656935,1.3776665288186722,0.0002495381894355,1.3775637182280247,1.3773222779021652,1.3780147880895592,1.3778834148139805,1.3775484450596316,50.6,17.917589123540033,30,57,49,36,81
1000,32.844598637370325,2.046769397043205,34.393058625753824,32.942107443376024,31.324024487780285,35.62962679924903,29.93417583069244,0.5502489387989045,0.0629896243938559,0.5054247975349426,0.5548471212387085,0.5965328812599182,0.4587678015232086,0.6356720924377441,0.5629868193957713,0.0599903685015792,0.5197845563486025,0.5673560290367572,0.6080759260174516,0.4760253286980963,0.6436922568779487,0.4370131798688467,0.0599903685075478,0.4802154434191716,0.4326439687183925,0.3919240733245751,0.5239746708761562,0.3563077430059383,1.006704797984718,0.0365445683264466,1.0346903987519154,1.0029066922602716,0.9801021332090551,1.0587517849810713,0.9570729807212756,,,,,,,0.9967532474499244,1.3386980844782543,0.0079561300442022,1.3446136646456532,1.3382992937967375,1.3323121902230497,1.3500914138632936,1.328173859862538,38.8203573783548,0.3410201198262135,38.95895750884416,38.95720122667602,39.07947277558917,38.96144010491872,38.14471527574591,0.1470145225524902,0.0194583880015603,0.1380414962768554,0.1389173418283462,0.1322297602891922,0.1403465867042541,0.1855374276638031,0.1369678122814063,0.0222819978567566,0.1266742309642383,0.126336869055311,0.1247141107786374,0.1256023923094576,0.1815114582993872,0.8630321884897432,0.0222819986091774,0.8733257708150589,0.8736631336842994,0.8752858903157572,0.8743976067012386,0.8184885409323622,1.3267794034360447,0.0018955909188894,1.3263091396264992,1.323871179545436,1.3284188281701232,1.3260540169036803,1.3292438529344848,0.6782749863392185,0.0093560691689086,0.6806096169619245,0.6883917178393338,0.667315193883176,0.687743210375077,0.6673151926365808,1.3778172858494264,0.0002908646817186,1.377718482036071,1.3776402431703263,1.3774838452209297,1.3779156444601512,1.3783282143596545,38.81420434736556,0.3026690524871749,38.86605568525856,38.41827489058795,39.24304569556091,38.536135677233744,39.00750978818663,0.154132542014122,0.0127346980596585,0.1499356925487518,0.1743980497121811,0.1417460888624191,0.1628355085849762,0.1417473703622818,0.144527813846586,0.0138817670225325,0.1391869972854968,0.1639908446607828,0.1356778423001098,0.157122633376445,0.1266607516100956,0.8554721862193675,0.0138817669984588,0.8608130010185538,0.8360091552196309,0.8643221573375078,0.8428773678230405,0.8733392496981046,1.326165171727132,0.0041019833586103,1.3235951963565693,1.321205167454968,1.331061579374024,1.3310514298858345,1.3239124855642652,,,0.6763943110806468,0.6955253105567123,0.6796368542290383,0.6585603292292194,,1.3774691262597705,0.0011823720767698,1.3780151443258797,1.377626351809223,1.3781855199123636,1.3783634052202396,1.3751552100311455,36.0,13.535139452550904,25,35,44,19,57
